controller,cell,time_s,pack_current_A,balancing_current_A,cell_current_A,voltage_V,soc,positive_gradient_mol_m3,total_overpotential_V
Uncontrolled,Cell 1,0.0,2.5,0.0,2.5,3.982064065887455,0.8,0.0,-0.060014630586120374
Uncontrolled,Cell 2,0.0,2.5,0.0,2.5,3.945280337275225,0.76,-3.637978807091713e-12,-0.05845160113107496
Uncontrolled,Cell 3,0.0,2.5,0.0,2.5,3.9095096089426438,0.72,0.0,-0.05724692476410312
Uncontrolled,Cell 4,0.0,2.5,0.0,2.5,3.9637701239323655,0.78,0.0,-0.05918350596294818
Uncontrolled,Cell 1,10.0,2.5,0.0,2.5,3.972390945979345,0.7986111111111112,371.43896996434705,-0.059768570668630006
Uncontrolled,Cell 2,10.0,2.5,0.0,2.5,3.9356908875930343,0.7585827664399093,371.4393414412225,-0.05826100588793959
Uncontrolled,Cell 3,10.0,2.5,0.0,2.5,3.9005850174999863,0.7185224586288416,371.43978981868713,-0.05710188365473749
Uncontrolled,Cell 4,10.0,2.5,0.0,2.5,3.953919825791109,0.7785970819304153,371.43914657641653,-0.05896668053497248
Uncontrolled,Cell 1,20.0,2.5,0.0,2.5,3.9660972051956547,0.7972222222222223,601.2059837551169,-0.05964587556656797
Uncontrolled,Cell 2,20.0,2.5,0.0,2.5,3.9296861424720286,0.7571655328798186,601.2054827769316,-0.058166137021343024
Uncontrolled,Cell 3,20.0,2.5,0.0,2.5,3.895038819818678,0.7170449172576832,601.2040588739037,-0.05703002942452575
Uncontrolled,Cell 4,20.0,2.5,0.0,2.5,3.947665187341252,0.7771941638608306,601.2058406533906,-0.05885862705011546
Uncontrolled,Cell 1,30.0,2.5,0.0,2.5,3.9612476344743626,0.7958333333333334,772.9432293228056,-0.05954882878667804
Uncontrolled,Cell 2,30.0,2.5,0.0,2.5,3.9251471433766647,0.7557482993197279,772.9422599004065,-0.058091178734828997
Uncontrolled,Cell 3,30.0,2.5,0.0,2.5,3.8908086867981164,0.7155673758865247,772.9417121635015,-0.056973375255627415
Uncontrolled,Cell 4,30.0,2.5,0.0,2.5,3.9429082473886896,0.7757912457912459,772.9426897282065,-0.05877319736066864
Uncontrolled,Cell 1,40.0,2.5,0.0,2.5,3.9571674746125933,0.7944444444444445,914.1557647250665,-0.059464334211704085
Uncontrolled,Cell 2,40.0,2.5,0.0,2.5,3.9213751185554684,0.7543310657596372,914.1582888839657,-0.05802597430612376
Uncontrolled,Cell 3,40.0,2.5,0.0,2.5,3.8872543808289963,0.7140898345153663,914.1602608459107,-0.05692418225626618
Uncontrolled,Cell 4,40.0,2.5,0.0,2.5,3.9389412599522937,0.7743883277216612,914.157082019763,-0.05869884400647207
Uncontrolled,Cell 1,50.0,2.5,0.0,2.5,3.953575405741409,0.7930555555555556,1036.1622436641192,-0.0593877543929316
Uncontrolled,Cell 2,50.0,2.5,0.0,2.5,3.9180832758563158,0.7529138321995464,1036.1593776084374,-0.0579669280893547
Uncontrolled,Cell 3,50.0,2.5,0.0,2.5,3.8841159364853306,0.7126122931442079,1036.1563744910927,-0.056879709546857234
Uncontrolled,Cell 4,50.0,2.5,0.0,2.5,3.9354718864376146,0.7729854096520765,1036.1608266481708,-0.058631478817836424
Uncontrolled,Cell 1,60.0,2.5,0.0,2.5,3.950324291067963,0.7916666666666667,1144.8423568521976,-0.05931662961727389
Uncontrolled,Cell 2,60.0,2.5,0.0,2.5,3.9151223470821352,0.7514965986394557,1144.844529033664,-0.05791212644957313
Uncontrolled,Cell 3,60.0,2.5,0.0,2.5,3.8812575025325553,0.7111347517730495,1144.84700342032,-0.056838495551507905
Uncontrolled,Cell 4,60.0,2.5,0.0,2.5,3.9323477608042383,0.7715824915824918,1144.8434001069036,-0.058568929393886984
Uncontrolled,Cell 1,70.0,2.5,0.0,2.5,3.9473279781349504,0.7902777777777779,1243.6193599109356,-0.05924954642082071
Uncontrolled,Cell 2,70.0,2.5,0.0,2.5,3.912405993758442,0.750079365079365,1243.6206848516704,-0.05786047837723128
Uncontrolled,Cell 3,70.0,2.5,0.0,2.5,3.8786011772920603,0.7096572104018911,1243.621162377538,-0.05679971317721888
Uncontrolled,Cell 4,70.0,2.5,0.0,2.5,3.9294802731981315,0.7701795735129071,1243.6201100613725,-0.058509952334950405
Uncontrolled,Cell 1,80.0,2.5,0.0,2.5,3.944534263223599,0.788888888888889,1334.5553063588814,-0.059185633387744796
Uncontrolled,Cell 2,80.0,2.5,0.0,2.5,3.9098814452385424,0.7486621315192743,1334.552331380779,-0.0578113069889602
Uncontrolled,Cell 3,80.0,2.5,0.0,2.5,3.8760989574652718,0.7081796690307327,1334.5503497018653,-0.05676284491590097
Uncontrolled,Cell 4,80.0,2.5,0.0,2.5,3.9268154722321755,0.7687766554433224,1334.5536432984663,-0.058453778863953115
Uncontrolled,Cell 1,90.0,2.5,0.0,2.5,3.941905368169651,0.7875000000000001,1419.1340230595197,-0.05912426221187473
Uncontrolled,Cell 2,90.0,2.5,0.0,2.5,3.9075106374271464,0.7472448979591836,1419.1322294477213,-0.05776412297151871
Uncontrolled,Cell 3,90.0,2.5,0.0,2.5,3.873716119324226,0.7067021276595743,1419.130464936963,-0.056727517660677566
Uncontrolled,Cell 4,90.0,2.5,0.0,2.5,3.924314408047796,0.7673737373737377,1419.1331220595275,-0.05839985356595802
Uncontrolled,Cell 1,100.0,2.5,0.0,2.5,3.9394136245030285,0.7861111111111112,1498.4362194502173,-0.05906497489618446
Uncontrolled,Cell 2,100.0,2.5,0.0,2.5,3.905266017543116,0.7458276643990929,1498.4369312608105,-0.0577185725042527
Uncontrolled,Cell 3,100.0,2.5,0.0,2.5,3.8714274892084686,0.7052245862884159,1498.4375560564004,-0.05669346230900621
Uncontrolled,Cell 4,100.0,2.5,0.0,2.5,3.921948784312298,0.765970819304153,1498.4365764668073,-0.05834777354678306
Uncontrolled,Cell 1,110.0,2.5,0.0,2.5,3.937038904395829,0.7847222222222223,1573.2418709850135,-0.059007438082939116
Uncontrolled,Cell 2,110.0,2.5,0.0,2.5,3.9031274643774085,0.7444104308390022,1573.2443671091423,-0.05767439792745514
Uncontrolled,Cell 3,110.0,2.5,0.0,2.5,3.869214686609431,0.7037470449172575,1573.246539647469,-0.05666048346450552
Uncontrolled,Cell 4,110.0,2.5,0.0,2.5,3.919697966353624,0.7645679012345683,1573.2431444464091,-0.058297245307236054
Uncontrolled,Cell 1,120.0,2.5,0.0,2.5,3.934766066204643,0.7833333333333334,1644.1317478833662,-0.05895140226731613
Uncontrolled,Cell 2,120.0,2.5,0.0,2.5,3.9010797981765,0.7429931972789114,1644.1332024011172,-0.05763140654769542
Uncontrolled,Cell 3,120.0,2.5,0.0,2.5,3.8670638097167895,0.7022695035460991,1644.1342928075283,-0.056628434894340524
Uncontrolled,Cell 4,120.0,2.5,0.0,2.5,3.9175464187031572,0.7631649831649836,1644.1325102546434,-0.058248049317109765
Uncontrolled,Cell 1,130.0,2.5,0.0,2.5,3.932582982655176,0.7819444444444446,1711.5665914021556,-0.058896670691279504
Uncontrolled,Cell 2,130.0,2.5,0.0,2.5,3.899110747523546,0.7415759637188207,1711.5676114942216,-0.05758944516185357
Uncontrolled,Cell 3,130.0,2.5,0.0,2.5,3.864963471980327,0.7007919621749407,1711.5688902353068,-0.05659719944011693
Uncontrolled,Cell 4,130.0,2.5,0.0,2.5,3.915481656494646,0.7617620650953989,1711.5670691510059,-0.058200011746445394
Uncontrolled,Cell 1,140.0,2.5,0.0,2.5,3.9304791891940356,0.7805555555555557,1775.9422836168087,-0.05884307811445061
Uncontrolled,Cell 2,140.0,2.5,0.0,2.5,3.897209860440906,0.74015873015873,1775.9424987289785,-0.057548386312034086
Uncontrolled,Cell 3,140.0,2.5,0.0,2.5,3.86290407488738,0.6993144208037823,1775.9417439208883,-0.05656668116358359
Uncontrolled,Cell 4,140.0,2.5,0.0,2.5,3.9134930019792944,0.7603591470258142,1775.9424859661558,-0.05815298718799888
Uncontrolled,Cell 1,150.0,2.5,0.0,2.5,3.928446816522107,0.7791666666666668,1837.5499061574992,-0.05879050243134098
Uncontrolled,Cell 2,150.0,2.5,0.0,2.5,3.8953690580582676,0.7387414965986393,1837.5532835642625,-0.05750813447971293
Uncontrolled,Cell 3,150.0,2.5,0.0,2.5,3.860878013358133,0.6978368794326238,1837.5567021139104,-0.05653680602137352
Uncontrolled,Cell 4,150.0,2.5,0.0,2.5,3.9115723237783673,0.7589562289562295,1837.5515768251535,-0.058106867624282896
Uncontrolled,Cell 1,160.0,2.5,0.0,2.5,3.9264785999096405,0.7777777777777779,1896.6581933393172,-0.05873883522613811
Uncontrolled,Cell 2,160.0,2.5,0.0,2.5,3.8935813012560807,0.7373242630385486,1896.6552644335607,-0.05746860943815398
Uncontrolled,Cell 3,160.0,2.5,0.0,2.5,3.8588791892981202,0.6963593380614654,1896.6525837857007,-0.05650751638597337
Uncontrolled,Cell 4,160.0,2.5,0.0,2.5,3.9097123412012604,0.7575533108866448,1896.6570484177391,-0.05806155944875451
Uncontrolled,Cell 1,170.0,2.5,0.0,2.5,3.9245692442507525,0.776388888888889,1953.4551209798265,-0.05868800008029653
Uncontrolled,Cell 2,170.0,2.5,0.0,2.5,3.891840729548939,0.7359070294784579,1953.4548854109198,-0.057429747476020865
Uncontrolled,Cell 3,170.0,2.5,0.0,2.5,3.8569019243030995,0.694881796690307,1953.4539177512888,-0.05647876069756636
Uncontrolled,Cell 4,170.0,2.5,0.0,2.5,3.9079073942648614,0.7561503928170601,1953.455080818494,-0.05801699302054322
Uncontrolled,Cell 1,180.0,2.5,0.0,2.5,3.9227136496813255,0.7750000000000001,2008.1224798030162,-0.05863792670761341
Uncontrolled,Cell 2,180.0,2.5,0.0,2.5,3.8901424368414252,0.7344897959183672,2008.1184979724603,-0.05739149834262744
Uncontrolled,Cell 3,180.0,2.5,0.0,2.5,3.8549421777189803,0.6934042553191486,2008.1141523792285,-0.05645050333562135
Uncontrolled,Cell 4,180.0,2.5,0.0,2.5,3.9061524062257993,0.7547474747474754,2008.120490583413,-0.057973108581986114
Uncontrolled,Cell 1,190.0,2.5,0.0,2.5,3.920907416218198,0.7736111111111112,2060.814359127544,-0.05858855732601429
Uncontrolled,Cell 2,190.0,2.5,0.0,2.5,3.8884816872006356,0.7330725623582764,2060.8089041956882,-0.05735381540250504
Uncontrolled,Cell 3,190.0,2.5,0.0,2.5,3.8529956612316605,0.6919267139479902,2060.803726232436,-0.05642270782736206
Uncontrolled,Cell 4,190.0,2.5,0.0,2.5,3.9044427620146616,0.7533445566778907,2060.8116152336406,-0.05792985415079027
Uncontrolled,Cell 1,200.0,2.5,0.0,2.5,3.9191465007582984,0.7722222222222224,2111.6715799826525,-0.05853984142339033
Uncontrolled,Cell 2,200.0,2.5,0.0,2.5,3.886854312322866,0.7316553287981857,2111.665405288066,-0.05731666025827392
Uncontrolled,Cell 3,200.0,2.5,0.0,2.5,3.8510589289393904,0.6904491725768318,2111.6594584445047,-0.056395345784638236
Uncontrolled,Cell 4,200.0,2.5,0.0,2.5,3.9027743320612958,0.751941638608306,2111.668476061084,-0.057887185629615034
Uncontrolled,Cell 1,210.0,2.5,0.0,2.5,3.9174274834134066,0.7708333333333335,2160.8100655218113,-0.05849173871683436
Uncontrolled,Cell 2,210.0,2.5,0.0,2.5,3.8852566293392368,0.730238095238095,2160.8070611870644,-0.05728000127468481
Uncontrolled,Cell 3,210.0,2.5,0.0,2.5,3.849128929931543,0.6889716312056734,2160.8056559950746,-0.05636839259846716
Uncontrolled,Cell 4,210.0,2.5,0.0,2.5,3.9011435553550946,0.7505387205387213,2160.8083887343637,-0.05784506730485882
Uncontrolled,Cell 1,220.0,2.5,0.0,2.5,3.9157470442978424,0.7694444444444446,2208.343380788083,-0.058444211626073606
Uncontrolled,Cell 2,220.0,2.5,0.0,2.5,3.8836852396411077,0.7288208616780043,2208.341757725899,-0.05724381110073148
Uncontrolled,Cell 3,220.0,2.5,0.0,2.5,3.8472033117746594,0.687494089834515,2208.3406637472945,-0.05634182951173253
Uncontrolled,Cell 4,220.0,2.5,0.0,2.5,3.8995470694293095,0.7491358024691366,2208.342502134401,-0.05780346693700449
Uncontrolled,Cell 1,230.0,2.5,0.0,2.5,3.9141026551500957,0.7680555555555557,2254.352155510798,-0.058397234409773034
Uncontrolled,Cell 2,230.0,2.5,0.0,2.5,3.882137302841894,0.7274036281179136,2254.352372654197,-0.05720806950336492
Uncontrolled,Cell 3,230.0,2.5,0.0,2.5,3.845280073978531,0.6860165484633566,2254.3531703375265,-0.05631564039219628
Uncontrolled,Cell 4,230.0,2.5,0.0,2.5,3.8979822059410636,0.7477328843995519,2254.3521863095084,-0.0577623617701549
Uncontrolled,Cell 1,240.0,2.5,0.0,2.5,3.9124918880794453,0.7666666666666668,2298.9141691279583,-0.05835078338291152
Uncontrolled,Cell 2,240.0,2.5,0.0,2.5,3.8806101500291383,0.7259863945578229,2298.9151778574706,-0.05717275883441724
Uncontrolled,Cell 3,240.0,2.5,0.0,2.5,3.8433577185664696,0.6845390070921982,2298.915876872983,-0.05628981269972297
Uncontrolled,Cell 4,240.0,2.5,0.0,2.5,3.8964464308326656,0.7463299663299672,2298.914696357271,-0.05772173127086393
Uncontrolled,Cell 1,250.0,2.5,0.0,2.5,3.9109127081536097,0.765277777777778,2342.091256007283,-0.058304840683699004
Uncontrolled,Cell 2,250.0,2.5,0.0,2.5,3.879101451175032,0.7245691609977322,2342.091387558801,-0.05713786560934282
Uncontrolled,Cell 3,250.0,2.5,0.0,2.5,3.8414351231070287,0.6830614657210398,2342.091577733776,-0.056264336132021434
Uncontrolled,Cell 4,250.0,2.5,0.0,2.5,3.894937575908113,0.7449270482603825,2342.0919943807894,-0.057681559789050235
Uncontrolled,Cell 1,260.0,2.5,0.0,2.5,3.9093630009171783,0.7638888888888891,2383.950233407355,-0.058259387870050756
Uncontrolled,Cell 2,260.0,2.5,0.0,2.5,3.8776088642636406,0.7231519274376415,2383.9441199296634,-0.05710337662150583
Uncontrolled,Cell 3,260.0,2.5,0.0,2.5,3.8395113178021125,0.6815839243498814,2383.9434424699466,-0.0562392008993662
Uncontrolled,Cell 4,260.0,2.5,0.0,2.5,3.8934534073882756,0.7435241301907978,2383.950882656369,-0.057641831252021006
Uncontrolled,Cell 1,270.0,2.5,0.0,2.5,3.9078410638277172,0.7625000000000002,2424.541009323806,-0.05821441196603627
Uncontrolled,Cell 2,270.0,2.5,0.0,2.5,3.8761302849250034,0.7217346938775507,2424.5259751902013,-0.05706928151492824
Uncontrolled,Cell 3,270.0,2.5,0.0,2.5,3.8375857558769946,0.680106382978723,2424.5229174691194,-0.05621439954816883
Uncontrolled,Cell 4,270.0,2.5,0.0,2.5,3.8919920953801395,0.7421212121212131,2424.5406956537227,-0.057602534490797344
Uncontrolled,Cell 1,280.0,2.5,0.0,2.5,3.906345229012192,0.7611111111111113,2463.9131815201144,-0.05816990062578879
Uncontrolled,Cell 2,280.0,2.5,0.0,2.5,3.874663643836644,0.72031746031746,2463.8888692637483,-0.05703557049727208
Uncontrolled,Cell 3,280.0,2.5,0.0,2.5,3.835657941863118,0.6786288416075645,2463.886406292433,-0.056189924145183465
Uncontrolled,Cell 4,280.0,2.5,0.0,2.5,3.890551789612225,0.7407182940516284,2463.9130204114335,-0.05756365832700387
Uncontrolled,Cell 1,290.0,2.5,0.0,2.5,3.904873811848355,0.7597222222222224,2502.1183801469087,-0.058125841448464985
Uncontrolled,Cell 2,290.0,2.5,0.0,2.5,3.8732067782530804,0.7189002267573693,2502.090452074248,-0.05700223280097254
Uncontrolled,Cell 3,290.0,2.5,0.0,2.5,3.8337277628757307,0.6771513002364061,2502.0803453595945,-0.056165768668193124
Uncontrolled,Cell 4,290.0,2.5,0.0,2.5,3.8891307028085214,0.7393153759820437,2502.1177841089193,-0.057525192354199804
Uncontrolled,Cell 1,300.0,2.5,0.0,2.5,3.9034254126300656,0.7583333333333335,2539.1969561957158,-0.05808222512471669
Uncontrolled,Cell 2,300.0,2.5,0.0,2.5,3.8717586204348207,0.7174829931972786,2539.1343233205844,-0.05696926999306466
Uncontrolled,Cell 3,300.0,2.5,0.0,2.5,3.8317960084508824,0.6756737588652477,2539.1183873906666,-0.05614193246149022
Uncontrolled,Cell 4,300.0,2.5,0.0,2.5,3.887727263824189,0.737912457912459,2539.195964392464,-0.05748712836980231
Uncontrolled,Cell 1,310.0,2.5,0.0,2.5,3.901998621343898,0.7569444444444446,2575.1902804018137,-0.05803904289896162
Uncontrolled,Cell 2,310.0,2.5,0.0,2.5,3.8703169993983453,0.7160657596371879,2575.0803861760614,-0.05693667103627926
Uncontrolled,Cell 3,310.0,2.5,0.0,2.5,3.8298624803772303,0.6741962174940893,2575.064318504974,-0.05611840694969241
Uncontrolled,Cell 4,310.0,2.5,0.0,2.5,3.8863398945944096,0.7365095398428743,2575.1892275661558,-0.057449458819698554
Uncontrolled,Cell 1,320.0,2.5,0.0,2.5,3.900592121279451,0.7555555555555558,2610.1370662474,-0.057996286459186835
Uncontrolled,Cell 2,320.0,2.5,0.0,2.5,3.8688797509294517,0.7146485260770972,2609.9890684748643,-0.05690442504904049
Uncontrolled,Cell 3,320.0,2.5,0.0,2.5,3.827926998955796,0.6727186761229309,2609.98668679424,-0.05609518310743937
Uncontrolled,Cell 4,320.0,2.5,0.0,2.5,3.8849671102987573,0.7351066217732896,2610.1362797726433,-0.057412176408815366
Uncontrolled,Cell 1,330.0,2.5,0.0,2.5,3.8992046682845514,0.7541666666666669,2644.0736931432402,-0.05795394829737708
Uncontrolled,Cell 2,330.0,2.5,0.0,2.5,3.8674445673138274,0.7132312925170065,2643.9287156595565,-0.05687251972412644
Uncontrolled,Cell 3,330.0,2.5,0.0,2.5,3.825990764183035,0.6712411347517725,2643.8992741379807,-0.056072260668940235
Uncontrolled,Cell 4,330.0,2.5,0.0,2.5,3.8836074946938792,0.7337037037037049,2644.072926173558,-0.05737527492516056
Uncontrolled,Cell 1,340.0,2.5,0.0,2.5,3.8978351382159566,0.752777777777778,2677.031326625045,-0.05791202289369613
Uncontrolled,Cell 2,340.0,2.5,0.0,2.5,3.866012496959875,0.7118140589569157,2676.7999912275372,-0.05684097926622973
Uncontrolled,Cell 3,340.0,2.5,0.0,2.5,3.824056215217395,0.6697635933806141,2676.7676608510956,-0.05604964653396199
Uncontrolled,Cell 4,340.0,2.5,0.0,2.5,3.882259721346703,0.7323007856341202,2677.030893410163,-0.05733874943627207
Uncontrolled,Cell 1,350.0,2.5,0.0,2.5,3.8964823985332604,0.7513888888888891,2709.0429606305333,-0.05787050379569686
Uncontrolled,Cell 2,350.0,2.5,0.0,2.5,3.8645802325310314,0.710396825396825,2708.723423276202,-0.05680977973622756
Uncontrolled,Cell 3,350.0,2.5,0.0,2.5,3.822122549933504,0.6682860520094557,2708.701871106874,-0.05602732546938981
Uncontrolled,Cell 4,350.0,2.5,0.0,2.5,3.8809224579714017,0.7308978675645355,2709.0430963892177,-0.0573025944364955
Uncontrolled,Cell 1,360.0,2.5,0.0,2.5,3.8951454118684214,0.7500000000000002,2740.1374618397094,-0.057829385983525446
Uncontrolled,Cell 2,360.0,2.5,0.0,2.5,3.863145482154453,0.7089795918367343,2739.769142457073,-0.05677890864898386
Uncontrolled,Cell 3,360.0,2.5,0.0,2.5,3.8201897099802595,0.6668085106382973,2739.782371606696,-0.05600528725576528
Uncontrolled,Cell 4,360.0,2.5,0.0,2.5,3.879594467427282,0.7294949494949508,2740.1376380390248,-0.05726680588097585
Uncontrolled,Cell 1,370.0,2.5,0.0,2.5,3.8938231905608376,0.7486111111111113,2770.3419503955483,-0.05778866492479647
Uncontrolled,Cell 2,370.0,2.5,0.0,2.5,3.8617060359742412,0.7075623582766436,2770.0037324868026,-0.05674835464101165
Uncontrolled,Cell 3,370.0,2.5,0.0,2.5,3.818260107575914,0.6653309692671389,2769.9859414237217,-0.05598353732049542
Uncontrolled,Cell 4,370.0,2.5,0.0,2.5,3.878274528006553,0.728092031425366,2770.3422760792164,-0.05723137969765589
Uncontrolled,Cell 1,380.0,2.5,0.0,2.5,3.8925147750673945,0.7472222222222225,2799.6828589495817,-0.05774833619058975
Uncontrolled,Cell 2,380.0,2.5,0.0,2.5,3.860263780778967,0.7061451247165529,2799.2906450049995,-0.056718148976528646
Uncontrolled,Cell 3,380.0,2.5,0.0,2.5,3.8163364442579697,0.6638534278959805,2799.279313822568,-0.05596208209813576
Uncontrolled,Cell 4,380.0,2.5,0.0,2.5,3.876961449443968,0.7266891133557813,2799.6832550393156,-0.05719631218420473
Uncontrolled,Cell 1,390.0,2.5,0.0,2.5,3.891219232107905,0.7458333333333336,2828.185574174404,-0.057708395671883114
Uncontrolled,Cell 2,390.0,2.5,0.0,2.5,3.8588153300547052,0.7047278911564622,2827.75826853935,-0.056688266797114514
Uncontrolled,Cell 3,390.0,2.5,0.0,2.5,3.814418326959676,0.662375886524822,2827.762430108083,-0.05594090851437419
Uncontrolled,Cell 4,390.0,2.5,0.0,2.5,3.8756540566567708,0.7252861952861966,2828.185922150693,-0.057161599860651585
Uncontrolled,Cell 1,400.0,2.5,0.0,2.5,3.889935667097964,0.7444444444444447,2855.874058513171,-0.05766883959043879
Uncontrolled,Cell 2,400.0,2.5,0.0,2.5,3.8573589598113776,0.7033106575963715,2855.453045655093,-0.05665870083419673
Uncontrolled,Cell 3,400.0,2.5,0.0,2.5,3.812506498033758,0.6608983451536636,2855.486292649952,-0.055920010957549456
Uncontrolled,Cell 4,400.0,2.5,0.0,2.5,3.8743512017682256,0.7238832772166119,2855.8742778865926,-0.057127239515526784
Uncontrolled,Cell 1,410.0,2.5,0.0,2.5,3.8886632076473697,0.7430555555555558,2882.7713263556543,-0.05762966439449401
Uncontrolled,Cell 2,410.0,2.5,0.0,2.5,3.8558931770589493,0.7018934240362807,2882.4113361456402,-0.056629446057590634
Uncontrolled,Cell 3,410.0,2.5,0.0,2.5,3.8106033261402024,0.6594208037825052,2882.431366810859,-0.0558993939905791
Uncontrolled,Cell 4,410.0,2.5,0.0,2.5,3.8730517542351377,0.7224803591470272,2882.771157669751,-0.05709322819336764
Uncontrolled,Cell 1,420.0,2.5,0.0,2.5,3.8874009996244627,0.7416666666666669,2908.899585421703,-0.057590866701591935
Uncontrolled,Cell 2,420.0,2.5,0.0,2.5,3.8544184745182837,0.70047619047619,2908.5734595781432,-0.05660051699848855
Uncontrolled,Cell 3,420.0,2.5,0.0,2.5,3.808710651735659,0.6579432624113468,2908.5990508809155,-0.05587905887402458
Uncontrolled,Cell 4,420.0,2.5,0.0,2.5,3.8717545858159057,0.7210774410774425,2908.899073649085,-0.05705956296043684
Uncontrolled,Cell 1,430.0,2.5,0.0,2.5,3.886148188842056,0.740277777777778,2934.281151128591,-0.057552443028543655
Uncontrolled,Cell 2,430.0,2.5,0.0,2.5,3.852932957499298,0.6990589569160993,2934.0007467861433,-0.05657190310039873
Uncontrolled,Cell 3,430.0,2.5,0.0,2.5,3.8068293463868508,0.6564657210401884,2934.0295019358564,-0.05585900134823567
Uncontrolled,Cell 4,430.0,2.5,0.0,2.5,3.870458565098496,0.7196745230078578,2934.2804435508297,-0.05702624085102939
Uncontrolled,Cell 1,440.0,2.5,0.0,2.5,3.8849039246148367,0.7388888888888892,2958.938100150048,-0.05751438990255168
Uncontrolled,Cell 2,440.0,2.5,0.0,2.5,3.8514357067148746,0.6976417233560086,2958.708919524488,-0.05654360316814759
Uncontrolled,Cell 3,440.0,2.5,0.0,2.5,3.804960801846752,0.65498817966903,2958.7372543643214,-0.05583922073853477
Uncontrolled,Cell 4,440.0,2.5,0.0,2.5,3.8691625563558874,0.7182716049382731,2958.9375804866904,-0.05699325887778328
Uncontrolled,Cell 1,450.0,2.5,0.0,2.5,3.883667350503721,0.7375000000000003,2982.8926689292093,-0.057476703752300295
Uncontrolled,Cell 2,450.0,2.5,0.0,2.5,3.849925871210474,0.6962244897959179,2982.7134315339754,-0.056515616029889734
Uncontrolled,Cell 3,450.0,2.5,0.0,2.5,3.8031061280674208,0.6535106382978716,2982.7443180002374,-0.055819715515123894
Uncontrolled,Cell 4,450.0,2.5,0.0,2.5,3.867865430239644,0.7168686868686884,2982.892115071816,-0.05696061417737185
Uncontrolled,Cell 1,460.0,2.5,0.0,2.5,3.882437762450513,0.7361111111111114,3006.1588585469144,-0.05743938326304481
Uncontrolled,Cell 2,460.0,2.5,0.0,2.5,3.8484025024140647,0.6948072562358272,3006.037373167608,-0.05648793922632969
Uncontrolled,Cell 3,460.0,2.5,0.0,2.5,3.8012665165014106,0.6520330969267132,3006.0648026927884,-0.055800485052342
Uncontrolled,Cell 4,460.0,2.5,0.0,2.5,3.8665662199477806,0.7154657687991037,3006.1568139062256,-0.05692830598001708
Uncontrolled,Cell 1,470.0,2.5,0.0,2.5,3.881214307110019,0.7347222222222225,3028.75811066596,-0.05740242493412818
Uncontrolled,Cell 2,470.0,2.5,0.0,2.5,3.8468650509301394,0.6933900226757365,3028.689267081263,-0.05646057273655192
Uncontrolled,Cell 3,470.0,2.5,0.0,2.5,3.799443119728724,0.6505555555555548,3028.7093551173202,-0.055781529081171094
Uncontrolled,Cell 4,470.0,2.5,0.0,2.5,3.8652637344139515,0.714062850729519,3028.755905894781,-0.05689633065690739
Uncontrolled,Cell 1,480.0,2.5,0.0,2.5,3.879996127879351,0.7333333333333336,3050.7116044915383,-0.0573658252991513
Uncontrolled,Cell 2,480.0,2.5,0.0,2.5,3.8453129909223223,0.6919727891156457,3050.6806785900226,-0.056433515981002255
Uncontrolled,Cell 3,480.0,2.5,0.0,2.5,3.7976369510059755,0.6490780141843964,3050.6888662845413,-0.05576284726808469
Uncontrolled,Cell 4,480.0,2.5,0.0,2.5,3.863956848679443,0.7126599326599343,3050.709861043968,-0.056864685464090195
Uncontrolled,Cell 1,490.0,2.5,0.0,2.5,3.878782369804023,0.7319444444444447,3072.0398990618887,-0.05732958102644005
Uncontrolled,Cell 2,490.0,2.5,0.0,2.5,3.843745804657751,0.690555555555555,3072.0276077930794,-0.05640676744516783
Uncontrolled,Cell 3,490.0,2.5,0.0,2.5,3.7958483855435246,0.647600472813238,3072.035827186053,-0.05574443644219707
Uncontrolled,Cell 4,490.0,2.5,0.0,2.5,3.8626444244902665,0.7112570145903496,3072.039618486393,-0.05683336751447619
Uncontrolled,Cell 1,500.0,2.5,0.0,2.5,3.877572194724724,0.7305555555555558,3092.7620663903945,-0.05729368914977623
Uncontrolled,Cell 2,500.0,2.5,0.0,2.5,3.842162742229328,0.6891383219954643,3092.76209775636,-0.056380322536916605
Uncontrolled,Cell 3,500.0,2.5,0.0,2.5,3.79407806679216,0.6461229314420796,3092.765105216975,-0.05572629577282466
Uncontrolled,Cell 4,500.0,2.5,0.0,2.5,3.8613254406951834,0.7098540965207649,3092.760006059547,-0.0568023753084001
Uncontrolled,Cell 1,510.0,2.5,0.0,2.5,3.8763649927026984,0.729166666666667,3112.884589456844,-0.05725815000279637
Uncontrolled,Cell 2,510.0,2.5,0.0,2.5,3.8405636036027424,0.6877210884353736,3112.8952938090915,-0.0563541807028784
Uncontrolled,Cell 3,510.0,2.5,0.0,2.5,3.7923264047632332,0.6446453900709211,3112.8954801179643,-0.05570842392104507
Uncontrolled,Cell 4,510.0,2.5,0.0,2.5,3.8599989410236484,0.7084511784511802,3112.8826261413233,-0.0567717080046368
Uncontrolled,Cell 1,520.0,2.5,0.0,2.5,3.875159803248085,0.7277777777777781,3132.4313972349264,-0.05722295916321166
Uncontrolled,Cell 2,520.0,2.5,0.0,2.5,3.838948099533119,0.6863038548752829,3132.4483278500957,-0.0563283394772147
Uncontrolled,Cell 3,520.0,2.5,0.0,2.5,3.79059357202457,0.6431678486997627,3132.4498675993564,-0.055690819059048983
Uncontrolled,Cell 4,520.0,2.5,0.0,2.5,3.858663761025815,0.7070482603815955,3132.429914376655,-0.05674136221391153
Uncontrolled,Cell 1,530.0,2.5,0.0,2.5,3.8739557735888788,0.7263888888888892,3151.4199733885216,-0.05718811390941636
Uncontrolled,Cell 2,530.0,2.5,0.0,2.5,3.8373161461523155,0.6848866213151922,3151.438974626257,-0.056302796913255945
Uncontrolled,Cell 3,530.0,2.5,0.0,2.5,3.788880068057107,0.6416903073286043,3151.432206540023,-0.055673481336249
Uncontrolled,Cell 4,530.0,2.5,0.0,2.5,3.8573188365871074,0.7056453423120108,3151.4195402207224,-0.05671133562270821
Uncontrolled,Cell 1,540.0,2.5,0.0,2.5,3.8727520325959395,0.7250000000000003,3169.8678421428995,-0.057153611470667026
Uncontrolled,Cell 2,540.0,2.5,0.0,2.5,3.8356680143712305,0.6834693877551015,3169.8755257307166,-0.05627755251649696
Uncontrolled,Cell 3,540.0,2.5,0.0,2.5,3.787185710489043,0.6402127659574459,3169.869023380743,-0.05565640847639147
Uncontrolled,Cell 4,540.0,2.5,0.0,2.5,3.855963113431492,0.7042424242424261,3169.8692562715223,-0.05668162586948444
Uncontrolled,Cell 1,550.0,2.5,0.0,2.5,3.871547773611364,0.7236111111111114,3187.788476936599,-0.05711945005598396
Uncontrolled,Cell 2,550.0,2.5,0.0,2.5,3.834003714409949,0.6820521541950108,3187.783779438905,-0.056252602942149135
Uncontrolled,Cell 3,550.0,2.5,0.0,2.5,3.785510331135401,0.6387352245862875,3187.7811699127997,-0.05563959881115124
Uncontrolled,Cell 4,550.0,2.5,0.0,2.5,3.8545957360196113,0.7028395061728414,3187.7882209303425,-0.05665223240868753
Uncontrolled,Cell 1,560.0,2.5,0.0,2.5,3.870342212739909,0.7222222222222225,3205.1933006923537,-0.05708562831310243
Uncontrolled,Cell 2,560.0,2.5,0.0,2.5,3.832323517401675,0.68063492063492,3205.1843047117036,-0.05622794567132973
Uncontrolled,Cell 3,560.0,2.5,0.0,2.5,3.7838536460325707,0.6372576832151291,3205.189436303288,-0.05562305069044514
Uncontrolled,Cell 4,560.0,2.5,0.0,2.5,3.853215722671146,0.7014365881032567,3205.1927217976627,-0.05662315308485602
Uncontrolled,Cell 1,570.0,2.5,0.0,2.5,3.8691344282464515,0.7208333333333337,3222.0995030259073,-0.057052143395595015
Uncontrolled,Cell 2,570.0,2.5,0.0,2.5,3.830627903483406,0.6792176870748293,3222.0947663707884,-0.05620357867274876
Uncontrolled,Cell 3,570.0,2.5,0.0,2.5,3.7822156346327036,0.6357801418439707,3222.098843172138,-0.05560676420215862
Uncontrolled,Cell 4,570.0,2.5,0.0,2.5,3.8518221344778665,0.700033670033672,3222.0984170886404,-0.05659438584807545
Uncontrolled,Cell 1,580.0,2.5,0.0,2.5,3.8679235448150333,0.7194444444444448,3238.521033570163,-0.05701899322403317
Uncontrolled,Cell 2,580.0,2.5,0.0,2.5,3.828917755401698,0.6778004535147386,3238.521602972276,-0.056179501759235445
Uncontrolled,Cell 3,580.0,2.5,0.0,2.5,3.780595869277862,0.6343026004728123,3238.5273465153623,-0.055590737941177734
Uncontrolled,Cell 4,580.0,2.5,0.0,2.5,3.850414103617879,0.6986307519640873,3238.519359870297,-0.05656592895366954
Uncontrolled,Cell 1,590.0,2.5,0.0,2.5,3.8667086772070167,0.7180555555555559,3254.4713542322897,-0.056986175790862945
Uncontrolled,Cell 2,590.0,2.5,0.0,2.5,3.8271940135390876,0.6763832199546479,3254.475060848443,-0.056155713997143225
Uncontrolled,Cell 3,590.0,2.5,0.0,2.5,3.77899400591582,0.6328250591016539,3254.4855037995076,-0.055574971280372046
Uncontrolled,Cell 4,590.0,2.5,0.0,2.5,3.848990816820742,0.6972278338945026,3254.469161405894,-0.05653778071001162
Uncontrolled,Cell 1,600.0,2.5,0.0,2.5,3.865489576577912,0.716666666666667,3269.885595809712,-0.056953690064309684
Uncontrolled,Cell 2,600.0,2.5,0.0,2.5,3.825458371960781,0.6749659863945572,3269.8882169681783,-0.05613221466364879
Uncontrolled,Cell 3,600.0,2.5,0.0,2.5,3.777410578055993,0.6313475177304955,3269.894458866871,-0.055559464576951226
Uncontrolled,Cell 4,600.0,2.5,0.0,2.5,3.8475521607223433,0.6958249158249179,3269.8832013922693,-0.05650994002873837
Uncontrolled,Cell 1,610.0,2.5,0.0,2.5,3.8642642515833234,0.7152777777777781,3284.9120375028397,-0.056921532964681026
Uncontrolled,Cell 2,610.0,2.5,0.0,2.5,3.82371080107672,0.6735487528344665,3284.9139996248086,-0.056109001521294014
Uncontrolled,Cell 3,610.0,2.5,0.0,2.5,3.775843507461408,0.6298699763593371,3284.9175364377043,-0.05554421595600542
Uncontrolled,Cell 4,610.0,2.5,0.0,2.5,3.8460963987250363,0.6944219977553332,3284.909701647517,-0.05648240466852237
Uncontrolled,Cell 1,620.0,2.5,0.0,2.5,3.863032135759079,0.7138888888888892,3299.520827948596,-0.05688970279992854
Uncontrolled,Cell 2,620.0,2.5,0.0,2.5,3.8219529142506854,0.6721315192743758,3299.5224010048078,-0.05608607333859143
Uncontrolled,Cell 3,620.0,2.5,0.0,2.5,3.774292568847329,0.6283924349881786,3299.5243178530254,-0.05552922452448931
Uncontrolled,Cell 4,620.0,2.5,0.0,2.5,3.8446232776103413,0.6930190796857485,3299.5187019084296,-0.05645517319403489
Uncontrolled,Cell 1,630.0,2.5,0.0,2.5,3.861792372732628,0.7125000000000004,3313.7156613860934,-0.056858197661048986
Uncontrolled,Cell 2,630.0,2.5,0.0,2.5,3.820186157207005,0.670714285714285,3313.7170130192862,-0.056063428801473865
Uncontrolled,Cell 3,630.0,2.5,0.0,2.5,3.7727571811794833,0.6269148936170202,3313.7179227250454,-0.05551448945376741
Uncontrolled,Cell 4,630.0,2.5,0.0,2.5,3.8431323559440216,0.6916161616161638,3313.713809601759,-0.05642824401824792
Uncontrolled,Cell 1,640.0,2.5,0.0,2.5,3.8605438872261733,0.7111111111111115,3327.52568329265,-0.05682701550898396
Uncontrolled,Cell 2,640.0,2.5,0.0,2.5,3.8184118801906983,0.6692970521541943,3327.5248923924773,-0.056041066575722484
Uncontrolled,Cell 3,640.0,2.5,0.0,2.5,3.7712365248797326,0.6254373522458618,3327.5232510444184,-0.055500009962743915
Uncontrolled,Cell 4,640.0,2.5,0.0,2.5,3.8416230876442343,0.6902132435465791,3327.5233003074354,-0.05640161547773147
Uncontrolled,Cell 1,650.0,2.5,0.0,2.5,3.8592857042735202,0.7097222222222226,3340.967974764455,-0.05679615443513382
Uncontrolled,Cell 2,650.0,2.5,0.0,2.5,3.816631560358095,0.6678798185941036,3340.967218599799,-0.05601898537372502
Uncontrolled,Cell 3,650.0,2.5,0.0,2.5,3.7697297430640138,0.6239598108747034,3340.964764976281,-0.055485785303407364
Uncontrolled,Cell 4,650.0,2.5,0.0,2.5,3.840095109488404,0.6888103254769944,3340.9662448763447,-0.05637528599131
Uncontrolled,Cell 1,660.0,2.5,0.0,2.5,3.8580172167580953,0.7083333333333337,3354.01943535564,-0.05676561288285985
Uncontrolled,Cell 2,660.0,2.5,0.0,2.5,3.8148471718899204,0.6664625850340129,3354.0191296055164,-0.05599718407059809
Uncontrolled,Cell 3,660.0,2.5,0.0,2.5,3.7682364861460838,0.622482269503545,3354.0164723724884,-0.05547181460766708
Uncontrolled,Cell 4,660.0,2.5,0.0,2.5,3.838548568087445,0.6874074074074097,3354.018581008557,-0.056349254243972705
Uncontrolled,Cell 1,670.0,2.5,0.0,2.5,3.856737604787858,0.7069444444444448,3366.680065066208,-0.05673538912252444
Uncontrolled,Cell 2,670.0,2.5,0.0,2.5,3.8130604990651937,0.6650453514739222,3366.6806254096155,-0.05597566147297893
Uncontrolled,Cell 3,670.0,2.5,0.0,2.5,3.7667561200481514,0.6210047281323866,3366.6783732330805,-0.05545809708344047
Uncontrolled,Cell 4,670.0,2.5,0.0,2.5,3.8369835120850033,0.686004489337825,3366.680308704057,-0.05632351879589682
Uncontrolled,Cell 1,680.0,2.5,0.0,2.5,3.855446054422245,0.7055555555555559,3378.949863896134,-0.05670548144639842
Uncontrolled,Cell 2,680.0,2.5,0.0,2.5,3.8112733501348486,0.6636281179138315,3378.9517060120925,-0.05595441640337714
Uncontrolled,Cell 3,680.0,2.5,0.0,2.5,3.7652880037728123,0.6195271867612282,3378.9504675580647,-0.05544463195094774
Uncontrolled,Cell 4,680.0,2.5,0.0,2.5,3.8354001205516832,0.6846015712682403,3378.951427962831,-0.05629807822575973
Uncontrolled,Cell 1,690.0,2.5,0.0,2.5,3.8541412940909767,0.704166666666667,3390.8813364631533,-0.056675887809589626
Uncontrolled,Cell 2,690.0,2.5,0.0,2.5,3.80948707692762,0.6622108843537408,3390.8818772224913,-0.0559334476008969
Uncontrolled,Cell 3,690.0,2.5,0.0,2.5,3.763830998695258,0.6180496453900698,3390.8800468363406,-0.05543141859662252
Uncontrolled,Cell 4,690.0,2.5,0.0,2.5,3.833798259987326,0.6831986531986556,3390.8820763877848,-0.056272930906589365
Uncontrolled,Cell 1,700.0,2.5,0.0,2.5,3.8528227060219082,0.7027777777777782,3402.4558865446525,-0.0566466066992483
Uncontrolled,Cell 2,700.0,2.5,0.0,2.5,3.8077035968135573,0.66079365079365,3402.4575244305706,-0.055912753970173375
Uncontrolled,Cell 3,700.0,2.5,0.0,2.5,3.7623845699498366,0.6165721040189114,3402.4566511724734,-0.05541845625263993
Uncontrolled,Cell 4,700.0,2.5,0.0,2.5,3.8321785184135932,0.6817957351290709,3402.457575181961,-0.056248075542979274
Uncontrolled,Cell 1,710.0,2.5,0.0,2.5,3.851489358536562,0.7013888888888893,3413.69336518988,-0.05661763637255537
Uncontrolled,Cell 2,710.0,2.5,0.0,2.5,3.805924527396937,0.6593764172335593,3413.6938918901687,-0.05589233437990508
Uncontrolled,Cell 3,710.0,2.5,0.0,2.5,3.760947958320756,0.615094562647753,3413.692520929664,-0.05540574423407843
Uncontrolled,Cell 4,710.0,2.5,0.0,2.5,3.830541354969003,0.6803928170594862,3413.694378462562,-0.056223510727067744
Uncontrolled,Cell 1,720.0,2.5,0.0,2.5,3.850140379412472,0.7000000000000004,3424.610397125096,-0.05658897513859739
Uncontrolled,Cell 2,720.0,2.5,0.0,2.5,3.804151376334382,0.6579591836734686,3424.611837410328,-0.0558721877162993
Uncontrolled,Cell 3,720.0,2.5,0.0,2.5,3.7595202959210674,0.6136170212765946,3424.611292360576,-0.05539328191704406
Uncontrolled,Cell 4,720.0,2.5,0.0,2.5,3.828887346295457,0.6789898989899015,3424.6120908664416,-0.056199235067137844
Uncontrolled,Cell 1,730.0,2.5,0.0,2.5,3.848775147187532,0.6986111111111115,3435.1993317812958,-0.05656062147585767
Uncontrolled,Cell 2,730.0,2.5,0.0,2.5,3.8023858699973645,0.6565419501133779,3435.1999385449453,-0.055852312926886846
Uncontrolled,Cell 3,730.0,2.5,0.0,2.5,3.758101120279322,0.6121394799054362,3435.1990335559494,-0.055381068565726506
Uncontrolled,Cell 4,730.0,2.5,0.0,2.5,3.82721747543135,0.6775869809203168,3435.2005267507993,-0.05617524730261674
Uncontrolled,Cell 1,740.0,2.5,0.0,2.5,3.8473927284739347,0.6972222222222226,3445.4949388794157,-0.05653257365961771
Uncontrolled,Cell 2,740.0,2.5,0.0,2.5,3.8006292028639193,0.6551247165532872,3445.496225305302,-0.055832708933097434
Uncontrolled,Cell 3,740.0,2.5,0.0,2.5,3.756689435025933,0.6106619385342777,3445.4958934489114,-0.05536910365136272
Uncontrolled,Cell 4,740.0,2.5,0.0,2.5,3.82553246449923,0.6761840628507321,3445.496579394414,-0.05615154604432724
Uncontrolled,Cell 1,750.0,2.5,0.0,2.5,3.8459926705428735,0.6958333333333337,3455.4816711661733,-0.056504830252195715
Uncontrolled,Cell 2,750.0,2.5,0.0,2.5,3.7988829459974682,0.6537074829931965,3455.4843665027875,-0.05581337471979057
Uncontrolled,Cell 3,750.0,2.5,0.0,2.5,3.7552848443113347,0.6091843971631193,3455.485151906778,-0.055357386459687075
Uncontrolled,Cell 4,750.0,2.5,0.0,2.5,3.8238336235479418,0.6747811447811474,3455.4842104698837,-0.05612813008648312
Uncontrolled,Cell 1,760.0,2.5,0.0,2.5,3.844574256615772,0.6944444444444449,3465.183926917991,-0.05647738964552865
Uncontrolled,Cell 2,760.0,2.5,0.0,2.5,3.7971482305815716,0.6522902494331058,3465.1849922602414,-0.05579430926777966
Uncontrolled,Cell 3,760.0,2.5,0.0,2.5,3.7538866280471703,0.6077068557919609,3465.1847421395105,-0.05534591641710397
Uncontrolled,Cell 4,760.0,2.5,0.0,2.5,3.822122073894281,0.6733782267115627,3465.185363083445,-0.05610499813868633
Uncontrolled,Cell 1,770.0,2.5,0.0,2.5,3.8431369775345567,0.693055555555556,3474.610019707983,-0.05645025033378753
Uncontrolled,Cell 2,770.0,2.5,0.0,2.5,3.7954261214592533,0.650873015873015,3474.6116270719394,-0.05577551158464634
Uncontrolled,Cell 3,770.0,2.5,0.0,2.5,3.7524940970371863,0.6062293144208025,3474.611878905718,-0.055334692969275984
Uncontrolled,Cell 4,770.0,2.5,0.0,2.5,3.8203991414984486,0.671975308641978,3474.611653995409,-0.0560821489624357
Uncontrolled,Cell 1,780.0,2.5,0.0,2.5,3.841680493743998,0.6916666666666671,3483.7580303884097,-0.056423410876987184
Uncontrolled,Cell 2,780.0,2.5,0.0,2.5,3.7937176998737283,0.6494557823129243,3483.7605947976845,-0.05575698069780724
Uncontrolled,Cell 3,780.0,2.5,0.0,2.5,3.7511068125515075,0.6047517730496441,3483.7616508950377,-0.05532371548831061
Uncontrolled,Cell 4,780.0,2.5,0.0,2.5,3.818666381308045,0.6705723905723933,3483.760091599528,-0.056059581371607985
Uncontrolled,Cell 1,790.0,2.5,0.0,2.5,3.8402045125822983,0.6902777777777782,3492.632010991274,-0.05639686982940825
Uncontrolled,Cell 2,790.0,2.5,0.0,2.5,3.792023842098195,0.6480385487528336,3492.635925868908,-0.05573871564869582
Uncontrolled,Cell 3,790.0,2.5,0.0,2.5,3.7497242756078957,0.6032742316784857,3492.6380702056413,-0.055312983394281034
Uncontrolled,Cell 4,790.0,2.5,0.0,2.5,3.816925382662599,0.6691694725028086,3492.634729460191,-0.05603729418141486
Uncontrolled,Cell 1,800.0,2.5,0.0,2.5,3.8387087429931483,0.6888888888888893,3501.2493495060407,-0.05637062572183281
Uncontrolled,Cell 2,800.0,2.5,0.0,2.5,3.790345194561101,0.6466213151927429,3501.2522728772456,-0.05572071550098531
Uncontrolled,Cell 3,800.0,2.5,0.0,2.5,3.7483459330957016,0.6017966903073273,3501.253750780601,-0.0553024961592127
Uncontrolled,Cell 4,800.0,2.5,0.0,2.5,3.8151777169687926,0.6677665544332239,3501.251457416427,-0.05601528620903046
Uncontrolled,Cell 1,810.0,2.5,0.0,2.5,3.83719308524379,0.6875000000000004,3509.617511393317,-0.05634467714519299
Uncontrolled,Cell 2,810.0,2.5,0.0,2.5,3.7886822894372596,0.6452040816326522,3509.62096618125,-0.05570297933807294
Uncontrolled,Cell 3,810.0,2.5,0.0,2.5,3.7469712446788472,0.6003191489361689,3509.622914741547,-0.05529225328085384
Uncontrolled,Cell 4,810.0,2.5,0.0,2.5,3.8134250640686687,0.6663636363636392,3509.619785269937,-0.05599355630439236
Uncontrolled,Cell 1,820.0,2.5,0.0,2.5,3.8356575973819487,0.6861111111111116,3517.7394583310233,-0.05631902272674915
Uncontrolled,Cell 2,820.0,2.5,0.0,2.5,3.787035602734729,0.6437868480725615,3517.743470347381,-0.055685506255110026
Uncontrolled,Cell 3,820.0,2.5,0.0,2.5,3.745599835381964,0.5988416075650105,3517.745904265066,-0.05528225421017062
Uncontrolled,Cell 4,820.0,2.5,0.0,2.5,3.8116692010607647,0.6649607182940545,3517.7419232753637,-0.055972103346567895
Uncontrolled,Cell 1,830.0,2.5,0.0,2.5,3.834102437914316,0.6847222222222227,3525.6219785764333,-0.05629366110235996
Uncontrolled,Cell 2,830.0,2.5,0.0,2.5,3.7854054307241265,0.6423696145124708,3525.6265443310476,-0.05566829536685235
Uncontrolled,Cell 3,830.0,2.5,0.0,2.5,3.7442312981061967,0.5973640661938521,3525.629456097933,-0.05527249844061875
Uncontrolled,Cell 4,830.0,2.5,0.0,2.5,3.80991188755034,0.6635578002244698,3525.6246528442716,-0.05595092622699847
Uncontrolled,Cell 1,840.0,2.5,0.0,2.5,3.8325278905207707,0.6833333333333338,3533.2739847785997,-0.05626859092764826
Uncontrolled,Cell 2,840.0,2.5,0.0,2.5,3.7837919305468377,0.64095238095238,3533.2785170888856,-0.05565134580739347
Uncontrolled,Cell 3,840.0,2.5,0.0,2.5,3.7428652477735627,0.5958865248226937,3533.281455093318,-0.05526298548482101
Uncontrolled,Cell 4,840.0,2.5,0.0,2.5,3.8081548715179587,0.662154882154885,3533.276596992677,-0.05593002385692804
Uncontrolled,Cell 1,850.0,2.5,0.0,2.5,3.8309343880135884,0.6819444444444449,3540.702896398474,-0.05624381088169009
Uncontrolled,Cell 2,850.0,2.5,0.0,2.5,3.7821951369496043,0.6395351473922893,3540.707556383044,-0.055634656728243706
Uncontrolled,Cell 3,850.0,2.5,0.0,2.5,3.741501322878572,0.5944089834515353,3540.7106301667372,-0.055253714873798175
Uncontrolled,Cell 4,850.0,2.5,0.0,2.5,3.8063998835548194,0.6607519640853003,3540.705521699594,-0.05590939516686161
Uncontrolled,Cell 1,860.0,2.5,0.0,2.5,3.8293225119629817,0.680555555555556,3547.9152969264724,-0.05621931966567939
Uncontrolled,Cell 2,860.0,2.5,0.0,2.5,3.780614980526905,0.6381179138321986,3547.9199254060295,-0.0556182272954969
Uncontrolled,Cell 3,860.0,2.5,0.0,2.5,3.7401392091579027,0.5929314420803768,3547.923006120869,-0.055244686143024524
Uncontrolled,Cell 4,860.0,2.5,0.0,2.5,3.804648619639636,0.6593490460157156,3547.917873699993,-0.05588903910580988
Uncontrolled,Cell 1,870.0,2.5,0.0,2.5,3.8276929859379223,0.6791666666666671,3554.918421452654,-0.05619511600138006
Uncontrolled,Cell 2,870.0,2.5,0.0,2.5,3.7790512799801506,0.6367006802721079,3554.9228279561394,-0.055602056693432725
Uncontrolled,Cell 3,870.0,2.5,0.0,2.5,3.738778612941081,0.5914539007092184,3554.9257627127918,-0.05523589884701383
Uncontrolled,Cell 4,870.0,2.5,0.0,2.5,3.8029027108311917,0.6579461279461309,3554.9208759374924,-0.0558689546418115
Uncontrolled,Cell 1,880.0,2.5,0.0,2.5,3.8260467065074533,0.6777777777777783,3561.7165822846364,-0.05617119864125783
Uncontrolled,Cell 2,880.0,2.5,0.0,2.5,3.7775037787645616,0.6352834467120172,3561.7214627557078,-0.055586144119710794
Uncontrolled,Cell 3,880.0,2.5,0.0,2.5,3.7374192845721184,0.58997635933806,3561.7247798405588,-0.05522735254619167
Uncontrolled,Cell 4,880.0,2.5,0.0,2.5,3.801163735735456,0.6565432098765462,3561.719219498227,-0.05584914076369418
Uncontrolled,Cell 1,890.0,2.5,0.0,2.5,3.8243846927926795,0.6763888888888894,3568.316020835744,-0.056147566350472126
Uncontrolled,Cell 2,890.0,2.5,0.0,2.5,3.775972136832296,0.6338662131519265,3568.3207344808034,-0.055570488786786804
Uncontrolled,Cell 3,890.0,2.5,0.0,2.5,3.7360610267574357,0.5884988179669016,3568.3239429457317,-0.05521904680088488
Uncontrolled,Cell 4,890.0,2.5,0.0,2.5,3.7994331693447707,0.6551402918069615,3568.3185746103227,-0.05582959647636681
Uncontrolled,Cell 1,900.0,2.5,0.0,2.5,3.82270808660932,0.6750000000000005,3574.7242983418255,-0.056124217910202334
Uncontrolled,Cell 2,900.0,2.5,0.0,2.5,3.7744559034456606,0.6324489795918358,3574.728655736417,-0.05555508992868609
Uncontrolled,Cell 3,900.0,2.5,0.0,2.5,3.734703612590352,0.5870212765957432,3574.7316018381352,-0.05521098121515759
Uncontrolled,Cell 4,900.0,2.5,0.0,2.5,3.7977123577293606,0.6537373737373768,3574.726694435969,-0.05581032080100686
Uncontrolled,Cell 1,910.0,2.5,0.0,2.5,3.8210181666207825,0.6736111111111116,3580.94801940678,-0.05610115212495869
Uncontrolled,Cell 2,910.0,2.5,0.0,2.5,3.772954576390672,0.6310317460317451,3580.9517988895714,-0.05553994679327179
Uncontrolled,Cell 3,910.0,2.5,0.0,2.5,3.7333468631038556,0.5855437352245848,3580.9543028201224,-0.05520315539529723
Uncontrolled,Cell 4,910.0,2.5,0.0,2.5,3.796002539430292,0.6523344556677921,3580.95016971519,-0.05579131277774811
Uncontrolled,Cell 1,920.0,2.5,0.0,2.5,3.8193163859591976,0.6722222222222227,3586.9872655710788,-0.05607836783215225
Uncontrolled,Cell 2,920.0,2.5,0.0,2.5,3.771467637251763,0.6296145124716543,3586.9925959433604,-0.05552505863458652
Uncontrolled,Cell 3,920.0,2.5,0.0,2.5,3.7319906497839987,0.5840661938534264,3586.996316186589,-0.055195568946149895
Uncontrolled,Cell 4,920.0,2.5,0.0,2.5,3.7943048759700932,0.6509315375982074,3586.9900163117054,-0.0557725714634167
Uncontrolled,Cell 1,930.0,2.5,0.0,2.5,3.817604255541881,0.6708333333333338,3592.8474609447585,-0.05605586387490053
Uncontrolled,Cell 2,930.0,2.5,0.0,2.5,3.7699945279510643,0.6281972789115636,3592.852759864727,-0.05551042471820804
Uncontrolled,Cell 3,930.0,2.5,0.0,2.5,3.7306349300895683,0.582588652482268,3592.8564892206705,-0.055188221447507214
Uncontrolled,Cell 4,930.0,2.5,0.0,2.5,3.7926203671014775,0.6495286195286227,3592.850191318965,-0.05575409592986131
Uncontrolled,Cell 1,940.0,2.5,0.0,2.5,3.8158833491437694,0.669444444444445,3598.5370557529677,-0.05603363910990722
Uncontrolled,Cell 2,940.0,2.5,0.0,2.5,3.768534571726404,0.6267800453514729,3598.542104978096,-0.055496044344217635
Uncontrolled,Cell 3,940.0,2.5,0.0,2.5,3.729279547687,0.5811111111111096,3598.54566324961,-0.05518111257309237
Uncontrolled,Cell 4,940.0,2.5,0.0,2.5,3.790949826372197,0.648125701459038,3598.5396816889406,-0.05573588526707632
Uncontrolled,Cell 1,950.0,2.5,0.0,2.5,3.8141553348884836,0.6680555555555561,3604.0620530223787,-0.05601169241807641
Uncontrolled,Cell 2,950.0,2.5,0.0,2.5,3.767087099754538,0.6253628117913822,3604.0665997088254,-0.05548191681949071
Uncontrolled,Cell 3,950.0,2.5,0.0,2.5,3.727924423595011,0.5796335697399512,3604.0697779664224,-0.0551742419776612
Uncontrolled,Cell 4,950.0,2.5,0.0,2.5,3.7892939532459504,0.6467227833894533,3604.0644766807636,-0.05571793858187375
Uncontrolled,Cell 1,960.0,2.5,0.0,2.5,3.812421935533515,0.6666666666666672,3609.428455779678,-0.05599002269905356
Uncontrolled,Cell 2,960.0,2.5,0.0,2.5,3.7656514212458996,0.6239455782312915,3609.432212482254,-0.055468041466127625
Uncontrolled,Cell 3,960.0,2.5,0.0,2.5,3.72656949955857,0.5781560283687928,3609.434773064182,-0.055167609329349734
Uncontrolled,Cell 4,960.0,2.5,0.0,2.5,3.787653305702584,0.6453198653198686,3609.4305655536227,-0.05570025499780062
Uncontrolled,Cell 1,970.0,2.5,0.0,2.5,3.810684909073168,0.6652777777777783,3614.642267051593,-0.05596862887105979
Uncontrolled,Cell 2,970.0,2.5,0.0,2.5,3.7642268308050753,0.6225283446712008,3614.6449117237353,-0.0554544176213593
Uncontrolled,Cell 3,970.0,2.5,0.0,2.5,3.725214737058817,0.5766784869976344,3614.6465882359407,-0.055161214309629995
Uncontrolled,Cell 4,970.0,2.5,0.0,2.5,3.7860283024846626,0.6439169472502839,3614.6439375666523,-0.05568283365501246
Uncontrolled,Cell 1,980.0,2.5,0.0,2.5,3.8089460999489253,0.6638888888888894,3619.7012332269514,-0.05594750987874966
Uncontrolled,Cell 2,980.0,2.5,0.0,2.5,3.762812659400768,0.6211111111111101,3619.706183565788,-0.055441044623032815
Uncontrolled,Cell 3,980.0,2.5,0.0,2.5,3.7238601331760153,0.575200945626476,3619.709658761458,-0.05515505660205215
Uncontrolled,Cell 4,980.0,2.5,0.0,2.5,3.7844192895636715,0.6425140291806992,3619.703779912008,-0.055665673702543494
Uncontrolled,Cell 1,990.0,2.5,0.0,2.5,3.8072073008286953,0.6625000000000005,3624.6085661751276,-0.055926664675692565
Uncontrolled,Cell 2,990.0,2.5,0.0,2.5,3.761408279150521,0.6196938775510193,3624.6132830254355,-0.05542792180708069
Uncontrolled,Cell 3,990.0,2.5,0.0,2.5,3.7225058357186005,0.5737234042553175,3624.616595171472,-0.055149135812587256
Uncontrolled,Cell 4,990.0,2.5,0.0,2.5,3.782826468684889,0.6411111111111145,3624.6110164559905,-0.055648774304009926
Uncontrolled,Cell 1,1000.0,2.5,0.0,2.5,3.8054702245068404,0.6611111111111116,3629.37375374962,-0.05590609222767382
Uncontrolled,Cell 2,1000.0,2.5,0.0,2.5,3.7600129222410827,0.6182766439909286,3629.378036642909,-0.0554150485703503
Uncontrolled,Cell 3,1000.0,2.5,0.0,2.5,3.721151774133833,0.5722458628841591,3629.381020086985,-0.055143451715372424
Uncontrolled,Cell 4,1000.0,2.5,0.0,2.5,3.781249832526014,0.6397081930415298,3629.3760319416324,-0.05563213464966513
Uncontrolled,Cell 1,1010.0,2.5,0.0,2.5,3.803736577110432,0.6597222222222228,3634.001812439368,-0.05588579152285453
Uncontrolled,Cell 2,1010.0,2.5,0.0,2.5,3.758625896682099,0.6168594104308379,3634.0054270454093,-0.05540242430287383
Uncontrolled,Cell 3,1010.0,2.5,0.0,2.5,3.719797990542565,0.5707683215130007,3634.0078873874736,-0.05513800403380392
Uncontrolled,Cell 4,1010.0,2.5,0.0,2.5,3.779689308804043,0.6383052749719451,3634.0038299859734,-0.055615753940093014
Uncontrolled,Cell 1,1020.0,2.5,0.0,2.5,3.8020080009278905,0.6583333333333339,3638.4977587333706,-0.055865761566626114
Uncontrolled,Cell 2,1020.0,2.5,0.0,2.5,3.757246523303786,0.6154421768707472,3638.500436860111,-0.055390048408803454
Uncontrolled,Cell 3,1020.0,2.5,0.0,2.5,3.718444541912377,0.5692907801418423,3638.5021509525905,-0.055132792503827216
Uncontrolled,Cell 4,1020.0,2.5,0.0,2.5,3.77814472013282,0.6369023569023604,3638.499414206035,-0.055599631391326475
Uncontrolled,Cell 1,1030.0,2.5,0.0,2.5,3.8002860571718733,0.656944444444445,3642.866609120618,-0.05584600138146572
Uncontrolled,Cell 2,1030.0,2.5,0.0,2.5,3.755874139381597,0.6140249433106565,3642.8680487141974,-0.0553779203063315
Uncontrolled,Cell 3,1030.0,2.5,0.0,2.5,3.71709149908816,0.5678132387706839,3642.8687646618564,-0.0551278168739035
Uncontrolled,Cell 4,1030.0,2.5,0.0,2.5,3.7766157935697295,0.6354994388327757,3642.8677882189004,-0.05558376623473829
Uncontrolled,Cell 1,1040.0,2.5,0.0,2.5,3.798572266153884,0.6555555555555561,3647.106873173838,-0.05582651000719664
Uncontrolled,Cell 2,1040.0,2.5,0.0,2.5,3.7545081288727222,0.6126077097505658,3647.1104949445107,-0.055366039416657145
Uncontrolled,Cell 3,1040.0,2.5,0.0,2.5,3.715738945836775,0.5663356973995255,3647.1126823948034,-0.05512307690497763
Uncontrolled,Cell 4,1040.0,2.5,0.0,2.5,3.775102217069533,0.634096520763191,3647.1088680343128,-0.05556815770697796
Uncontrolled,Cell 1,1050.0,2.5,0.0,2.5,3.796868019516819,0.6541666666666672,3651.219340962434,-0.055807286496976125
Uncontrolled,Cell 2,1050.0,2.5,0.0,2.5,3.7531479708630564,0.6111904761904751,3651.2227083199323,-0.055354405143202674
Uncontrolled,Cell 3,1050.0,2.5,0.0,2.5,3.7143871312784658,0.5648581560283671,3651.2249068807614,-0.055118572255476325
Uncontrolled,Cell 4,1050.0,2.5,0.0,2.5,3.7736036162653277,0.6326936026936063,3651.221230930114,-0.05555280505415604
Uncontrolled,Cell 1,1060.0,2.5,0.0,2.5,3.7951745186246626,0.6527777777777783,3655.2128863350154,-0.05578832992003484
Uncontrolled,Cell 2,1060.0,2.5,0.0,2.5,3.7517930090208482,0.6097732426303843,3655.2158390643854,-0.05534301696670766
Uncontrolled,Cell 3,1060.0,2.5,0.0,2.5,3.7130360820614037,0.5633806146572087,3655.217723152906,-0.055114302766618724
Uncontrolled,Cell 4,1060.0,2.5,0.0,2.5,3.7721194492512193,0.6312906846240216,3655.214612042124,-0.0555377075587744
Uncontrolled,Cell 1,1070.0,2.5,0.0,2.5,3.793492875536785,0.6513888888888895,3659.0916200017164,-0.05576963936260049
Uncontrolled,Cell 2,1070.0,2.5,0.0,2.5,3.750442682604534,0.6083560090702936,3659.0939658668212,-0.055331874353973846
Uncontrolled,Cell 3,1070.0,2.5,0.0,2.5,3.7116859230666273,0.5619030732860503,3659.095376091682,-0.0551102682276843
Uncontrolled,Cell 4,1070.0,2.5,0.0,2.5,3.7706491697929483,0.6298877665544369,3659.0931102793475,-0.055522864507519754
Uncontrolled,Cell 1,1080.0,2.5,0.0,2.5,3.791824066028197,0.6500000000000006,3662.8596526726324,-0.05575121392680581
Uncontrolled,Cell 2,1080.0,2.5,0.0,2.5,3.749096458371226,0.6069387755102029,3662.8611674163294,-0.05532097678496446
Uncontrolled,Cell 3,1080.0,2.5,0.0,2.5,3.7103367905063576,0.5604255319148919,3662.8619167891775,-0.05510646843822764
Uncontrolled,Cell 4,1080.0,2.5,0.0,2.5,3.769192185477939,0.6284848484848522,3662.860824550771,-0.0555082752014049
Uncontrolled,Cell 1,1090.0,2.5,0.0,2.5,3.7901689256015514,0.6486111111111117,3666.521095057884,-0.05573305273056207
Uncontrolled,Cell 2,1090.0,2.5,0.0,2.5,3.74775383157946,0.6055215419501122,3666.5215224019557,-0.05531032375273656
Uncontrolled,Cell 3,1090.0,2.5,0.0,2.5,3.708988828905507,0.5589479905437335,3666.5213963375027,-0.05510290320962262
Uncontrolled,Cell 4,1090.0,2.5,0.0,2.5,3.7677478667297057,0.6270819304152675,3666.521853765378,-0.05549393895567441
Uncontrolled,Cell 1,1100.0,2.5,0.0,2.5,3.7885281848639174,0.6472222222222228,3670.075676117034,-0.055715154904079855
Uncontrolled,Cell 2,1100.0,2.5,0.0,2.5,3.7464143381046187,0.6041043083900215,3670.077944678902,-0.05529991475794657
Uncontrolled,Cell 3,1100.0,2.5,0.0,2.5,3.7076421902304064,0.557470449172575,3670.077865828829,-0.055099572365039456
Uncontrolled,Cell 4,1100.0,2.5,0.0,2.5,3.7663155842510143,0.6256790123456828,3670.0771130395806,-0.05547985509108863
Uncontrolled,Cell 1,1110.0,2.5,0.0,2.5,3.786902436211043,0.6458333333333339,3673.5228349913377,-0.05569751959049092
Uncontrolled,Cell 2,1110.0,2.5,0.0,2.5,3.7450776267452373,0.6026870748299308,3673.524911129025,-0.055289749273115384
Uncontrolled,Cell 3,1110.0,2.5,0.0,2.5,3.7062971323184617,0.5559929078014166,3673.5260332908,-0.05509647565739576
Uncontrolled,Cell 4,1110.0,2.5,0.0,2.5,3.764894719031311,0.6242760942760981,3673.5241892075355,-0.055466022931278294
Uncontrolled,Cell 1,1120.0,2.5,0.0,2.5,3.7852920634977716,0.644444444444445,3676.87027870565,-0.055680145954387826
Uncontrolled,Cell 2,1120.0,2.5,0.0,2.5,3.743743228232762,0.6012698412698401,3676.8720329353346,-0.05527982685309331
Uncontrolled,Cell 3,1120.0,2.5,0.0,2.5,3.7049537879052132,0.5545153664302582,3676.8729192461105,-0.05509361295594094
Uncontrolled,Cell 4,1120.0,2.5,0.0,2.5,3.7634845402659276,0.6228731762065134,3676.8715030263775,-0.055452441842592654
Uncontrolled,Cell 1,1130.0,2.5,0.0,2.5,3.7836973526691473,0.6430555555555562,3680.1213919462243,-0.055663033172545104
Uncontrolled,Cell 2,1130.0,2.5,0.0,2.5,3.7424107642578974,0.5998526077097494,3680.122664988241,-0.0552701470368708
Uncontrolled,Cell 3,1130.0,2.5,0.0,2.5,3.7036123196653463,0.5530378250590998,3680.1231837397645,-0.05509098412193732
Uncontrolled,Cell 4,1130.0,2.5,0.0,2.5,3.762084356093401,0.6214702581369287,3680.1224284409764,-0.0554391111918773
Uncontrolled,Cell 1,1140.0,2.5,0.0,2.5,3.782118461353945,0.6416666666666673,3683.2795593993287,-0.05564618043653561
Uncontrolled,Cell 2,1140.0,2.5,0.0,2.5,3.741079886294509,0.5984353741496586,3683.280162178191,-0.055260709375827166
Uncontrolled,Cell 3,1140.0,2.5,0.0,2.5,3.702272908499547,0.5515602836879414,3683.2801557281127,-0.05508858901645734
Uncontrolled,Cell 4,1140.0,2.5,0.0,2.5,3.7606934739292357,0.620067340067344,3683.280339396155,-0.05542603035938064
Uncontrolled,Cell 1,1150.0,2.5,0.0,2.5,3.780555426121639,0.6402777777777784,3686.348165751242,-0.05562958695261974
Uncontrolled,Cell 2,1150.0,2.5,0.0,2.5,3.7397502752699405,0.5970181405895679,3686.34787939566,-0.05525151343367361
Uncontrolled,Cell 3,1150.0,2.5,0.0,2.5,3.700935738613554,0.550082742316783,3686.3471641673277,-0.055086427511866466
Uncontrolled,Cell 4,1150.0,2.5,0.0,2.5,3.7593112058076543,0.6186644219977593,3686.3486098367466,-0.05541319873867229
Uncontrolled,Cell 1,1160.0,2.5,0.0,2.5,3.7790081782807414,0.6388888888888895,3689.3297105305974,-0.05561325194027944
Uncontrolled,Cell 2,1160.0,2.5,0.0,2.5,3.7384216414084763,0.5956009070294772,3689.3291408575096,-0.055242558786234075
Uncontrolled,Cell 3,1160.0,2.5,0.0,2.5,3.6996009967640298,0.5486052009456246,3689.3275380137165,-0.055084499491808235
Uncontrolled,Cell 4,1160.0,2.5,0.0,2.5,3.7579368778139077,0.6172615039281746,3689.330098077462,-0.05540061573479551
Uncontrolled,Cell 1,1170.0,2.5,0.0,2.5,3.7774765621902437,0.6375000000000006,3692.2247473612515,-0.05559717462977154
Uncontrolled,Cell 2,1170.0,2.5,0.0,2.5,3.7370937528788244,0.5941836734693865,3692.2242759776927,-0.05523384500515269
Uncontrolled,Cell 3,1170.0,2.5,0.0,2.5,3.6982688881385437,0.5471276595744662,3692.222997747591,-0.055082804836088475
Uncontrolled,Cell 4,1170.0,2.5,0.0,2.5,3.756569852627533,0.6158585858585899,3692.2251562704732,-0.055388280756765995
Uncontrolled,Cell 1,1180.0,2.5,0.0,2.5,3.775960306695066,0.6361111111111117,3695.0363993405845,-0.055581354268857464
Uncontrolled,Cell 2,1180.0,2.5,0.0,2.5,3.73576638260944,0.5927664399092958,3695.0359892401248,-0.05522537168595065
Uncontrolled,Cell 3,1180.0,2.5,0.0,2.5,3.69693962393835,0.5456501182033078,3695.034780178339,-0.05508134343027095
Uncontrolled,Cell 4,1180.0,2.5,0.0,2.5,3.7552094857753606,0.6144556677890052,3695.03681397784,-0.05537619323498573
Uncontrolled,Cell 1,1190.0,2.5,0.0,2.5,3.774459284786211,0.6347222222222229,3697.7396902979053,-0.05556579006844505
Uncontrolled,Cell 2,1190.0,2.5,0.0,2.5,3.734439590245141,0.5913492063492051,3697.7392921439205,-0.05521713828600765
Uncontrolled,Cell 3,1190.0,2.5,0.0,2.5,3.695613667451698,0.5441725768321494,3697.7381167969033,-0.05508011493362822
Uncontrolled,Cell 4,1190.0,2.5,0.0,2.5,3.7538553985238923,0.6130527497194205,3697.7400927426934,-0.055364352511678386
Uncontrolled,Cell 1,1200.0,2.5,0.0,2.5,3.772972735333105,0.633333333333334,3700.378954684493,-0.05555048137374747
Uncontrolled,Cell 2,1200.0,2.5,0.0,2.5,3.733112813294295,0.5899319727891144,3700.3785681955706,-0.05520914464457227
Uncontrolled,Cell 3,1200.0,2.5,0.0,2.5,3.6942908089637334,0.542695035460991,3700.377425843122,-0.05507911964182605
Uncontrolled,Cell 4,1200.0,2.5,0.0,2.5,3.752506629375874,0.6116498316498358,3700.3793452388454,-0.05535275818626609
Uncontrolled,Cell 1,1200.0000000000002,0.0,0.0,0.0,3.828523216706852,0.633333333333334,3700.378954684493,0.0
Uncontrolled,Cell 2,1200.0000000000002,0.0,0.0,0.0,3.7883219579388667,0.5899319727891144,3700.3785681955706,0.0
Uncontrolled,Cell 3,1200.0000000000002,0.0,0.0,0.0,3.7493699286055593,0.542695035460991,3700.377425843122,0.0
Uncontrolled,Cell 4,1200.0000000000002,0.0,0.0,0.0,3.8078593875621403,0.6116498316498358,3700.3793452388454,0.0
Uncontrolled,Cell 1,1210.0,0.0,0.0,0.0,3.8369799373590103,0.633333333333334,3331.539114827836,0.0
Uncontrolled,Cell 2,1210.0,0.0,0.0,0.0,3.7968376081728223,0.5899319727891144,3331.537723131536,0.0
Uncontrolled,Cell 3,1210.0,0.0,0.0,0.0,3.758120135644879,0.542695035460991,3331.515161919713,0.0
Uncontrolled,Cell 4,1210.0,0.0,0.0,0.0,3.816162537066102,0.6116498316498358,3331.5390143754594,0.0
Uncontrolled,Cell 1,1220.0,0.0,0.0,0.0,3.841538990261429,0.633333333333334,3104.2416361705255,0.0
Uncontrolled,Cell 2,1220.0,0.0,0.0,0.0,3.8016575586260966,0.5899319727891144,3104.2436946279813,0.0
Uncontrolled,Cell 3,1220.0,0.0,0.0,0.0,3.7632385593991184,0.542695035460991,3104.2602493869526,0.0
Uncontrolled,Cell 4,1220.0,0.0,0.0,0.0,3.8207744093539944,0.6116498316498358,3104.24296585708,0.0
Uncontrolled,Cell 1,1230.0,0.0,0.0,0.0,3.8446981270616982,0.633333333333334,2934.936084700581,0.0
Uncontrolled,Cell 2,1230.0,0.0,0.0,0.0,3.8050187981960155,0.5899319727891144,2934.937925296199,0.0
Uncontrolled,Cell 3,1230.0,0.0,0.0,0.0,3.766866359929085,0.542695035460991,2934.9438584650306,0.0
Uncontrolled,Cell 4,1230.0,0.0,0.0,0.0,3.8239790540578467,0.6116498316498358,2934.9376515316726,0.0
Uncontrolled,Cell 1,1240.0,0.0,0.0,0.0,3.847140172433071,0.633333333333334,2796.092993825714,0.0
Uncontrolled,Cell 2,1240.0,0.0,0.0,0.0,3.807626430290407,0.5899319727891144,2796.090398591281,0.0
Uncontrolled,Cell 3,1240.0,0.0,0.0,0.0,3.7697118340246156,0.542695035460991,2796.0831005395485,0.0
Uncontrolled,Cell 4,1240.0,0.0,0.0,0.0,3.8264600617924804,0.6116498316498358,2796.092091621791,0.0
Uncontrolled,Cell 1,1250.0,0.0,0.0,0.0,3.849137596221855,0.633333333333334,2676.377624165045,0.0
Uncontrolled,Cell 2,1250.0,0.0,0.0,0.0,3.8097672155441744,0.5899319727891144,2676.38063494605,0.0
Uncontrolled,Cell 3,1250.0,0.0,0.0,0.0,3.772067659307472,0.542695035460991,2676.3661989858447,0.0
Uncontrolled,Cell 4,1250.0,0.0,0.0,0.0,3.8284932063469856,0.6116498316498358,2676.3796047143915,0.0
Uncontrolled,Cell 1,1260.0,0.0,0.0,0.0,3.8508317627855506,0.633333333333334,2569.9065961875604,0.0
Uncontrolled,Cell 2,1260.0,0.0,0.0,0.0,3.8115898467814686,0.5899319727891144,2569.902598826393,0.0
Uncontrolled,Cell 3,1260.0,0.0,0.0,0.0,3.7740865853242633,0.542695035460991,2569.9049615726326,0.0
Uncontrolled,Cell 4,1260.0,0.0,0.0,0.0,3.8302212399348328,0.6116498316498358,2569.9051167379257,0.0
Uncontrolled,Cell 1,1270.0,0.0,0.0,0.0,3.8523036917648783,0.633333333333334,2473.2873393903246,0.0
Uncontrolled,Cell 2,1270.0,0.0,0.0,0.0,3.8131788187432827,0.5899319727891144,2473.287296431554,0.0
Uncontrolled,Cell 3,1270.0,0.0,0.0,0.0,3.7758572965324646,0.542695035460991,2473.2868693314012,0.0
Uncontrolled,Cell 4,1270.0,0.0,0.0,0.0,3.8317255811208497,0.6116498316498358,2473.2875316563113,0.0
Uncontrolled,Cell 1,1280.0,0.0,0.0,0.0,3.853602929137633,0.633333333333334,2384.450764304045,0.0
Uncontrolled,Cell 2,1280.0,0.0,0.0,0.0,3.8145863060527074,0.5899319727891144,2384.453044494214,0.0
Uncontrolled,Cell 3,1280.0,0.0,0.0,0.0,3.7774335528701397,0.542695035460991,2384.4486090074097,0.0
Uncontrolled,Cell 4,1280.0,0.0,0.0,0.0,3.833056195688382,0.6116498316498358,2384.4523363215594,0.0
Uncontrolled,Cell 1,1290.0,0.0,0.0,0.0,3.854765106393401,0.633333333333334,2301.903588785033,0.0
Uncontrolled,Cell 2,1290.0,0.0,0.0,0.0,3.8158495124199927,0.5899319727891144,2301.9054937133624,0.0
Uncontrolled,Cell 3,1290.0,0.0,0.0,0.0,3.778854171418208,0.542695035460991,2301.9014604679214,0.0
Uncontrolled,Cell 4,1290.0,0.0,0.0,0.0,3.834248848151179,0.6116498316498358,2301.9049903284176,0.0
Uncontrolled,Cell 1,1300.0,0.0,0.0,0.0,3.8558158211550486,0.633333333333334,2224.5718069877585,0.0
Uncontrolled,Cell 2,1300.0,0.0,0.0,0.0,3.816995076546357,0.5899319727891144,2224.5709900882903,0.0
Uncontrolled,Cell 3,1300.0,0.0,0.0,0.0,3.780147187563244,0.542695035460991,2224.5714827196825,0.0
Uncontrolled,Cell 4,1300.0,0.0,0.0,0.0,3.8353291549074138,0.6116498316498358,2224.5717598358897,0.0
Uncontrolled,Cell 1,1310.0,0.0,0.0,0.0,3.8567735549338265,0.633333333333334,2151.680899305,0.0
Uncontrolled,Cell 2,1310.0,0.0,0.0,0.0,3.818042132624494,0.5899319727891144,2151.678515639902,0.0
Uncontrolled,Cell 3,1310.0,0.0,0.0,0.0,3.781332923508233,0.542695035460991,2151.68200538732,0.0
Uncontrolled,Cell 4,1310.0,0.0,0.0,0.0,3.836315552698835,0.6116498316498358,2151.679979598797,0.0
Uncontrolled,Cell 1,1320.0,0.0,0.0,0.0,3.8576520726971504,0.633333333333334,2082.654619136076,0.0
Uncontrolled,Cell 2,1320.0,0.0,0.0,0.0,3.8190049501921095,0.5899319727891144,2082.653535095389,0.0
Uncontrolled,Cell 3,1320.0,0.0,0.0,0.0,3.782426542895083,0.542695035460991,2082.655379023905,0.0
Uncontrolled,Cell 4,1320.0,0.0,0.0,0.0,3.8372217771662873,0.6116498316498358,2082.654355459679,0.0
Uncontrolled,Cell 1,1330.0,0.0,0.0,0.0,3.858462474905279,0.633333333333334,2017.0273390135844,0.0
Uncontrolled,Cell 2,1330.0,0.0,0.0,0.0,3.8198951701178214,0.5899319727891144,2017.0250981252793,0.0
Uncontrolled,Cell 3,1330.0,0.0,0.0,0.0,3.7834402312696667,0.542695035460991,2017.028305633452,0.0
Uncontrolled,Cell 4,1330.0,0.0,0.0,0.0,3.838058964046148,0.6116498316498358,2017.0266547361098,0.0
Uncontrolled,Cell 1,1340.0,0.0,0.0,0.0,3.859214026403821,0.633333333333334,1954.4092274558752,0.0
Uncontrolled,Cell 2,1340.0,0.0,0.0,0.0,3.8207222041142286,0.5899319727891144,1954.4117286116343,0.0
Uncontrolled,Cell 3,1340.0,0.0,0.0,0.0,3.7843842761776743,0.542695035460991,1954.4098957285241,0.0
Uncontrolled,Cell 4,1340.0,0.0,0.0,0.0,3.8388362705027177,0.6116498316498358,1954.4105125225906,0.0
Uncontrolled,Cell 1,1350.0,0.0,0.0,0.0,3.8599139077460016,0.633333333333334,1894.498688559881,0.0
Uncontrolled,Cell 2,1350.0,0.0,0.0,0.0,3.8214938957358413,0.5899319727891144,1894.4945992219727,0.0
Uncontrolled,Cell 3,1350.0,0.0,0.0,0.0,3.7852665709498843,0.542695035460991,1894.502278504482,0.0
Uncontrolled,Cell 4,1350.0,0.0,0.0,0.0,3.839561024012931,0.6116498316498358,1894.4969278932076,0.0
Uncontrolled,Cell 1,1360.0,0.0,0.0,0.0,3.8605678156482757,0.633333333333334,1837.0567902177063,0.0
Uncontrolled,Cell 2,1360.0,0.0,0.0,0.0,3.822215743908955,0.5899319727891144,1837.0545197001593,0.0
Uncontrolled,Cell 3,1360.0,0.0,0.0,0.0,3.7860936444118085,0.542695035460991,1837.0602893930918,0.0
Uncontrolled,Cell 4,1360.0,0.0,0.0,0.0,3.840238725606749,0.6116498316498358,1837.0559965930734,0.0
Uncontrolled,Cell 1,1370.0,0.0,0.0,0.0,3.8611810064333945,0.633333333333334,1781.861552163784,0.0
Uncontrolled,Cell 2,1370.0,0.0,0.0,0.0,3.8228933375894547,0.5899319727891144,1781.8640757265784,0.0
Uncontrolled,Cell 3,1370.0,0.0,0.0,0.0,3.7868713280961717,0.542695035460991,1781.8651322687583,0.0
Uncontrolled,Cell 4,1370.0,0.0,0.0,0.0,3.8408746833652474,0.6116498316498358,1781.862944918761,0.0
Uncontrolled,Cell 1,1380.0,0.0,0.0,0.0,3.8617571414760175,0.633333333333334,1728.7599187650667,0.0
Uncontrolled,Cell 2,1380.0,0.0,0.0,0.0,3.823530639111947,0.5899319727891144,1728.765769134643,0.0
Uncontrolled,Cell 3,1380.0,0.0,0.0,0.0,3.7876038323085006,0.542695035460991,1728.7618940162647,0.0
Uncontrolled,Cell 4,1380.0,0.0,0.0,0.0,3.841472620412892,0.6116498316498358,1728.7631274268279,0.0
Uncontrolled,Cell 1,1390.0,0.0,0.0,0.0,3.862300188836821,0.633333333333334,1677.5834059742156,0.0
Uncontrolled,Cell 2,1390.0,0.0,0.0,0.0,3.824131846518109,0.5899319727891144,1677.5886517335166,0.0
Uncontrolled,Cell 3,1390.0,0.0,0.0,0.0,3.788295624689422,0.542695035460991,1677.584177409124,0.0
Uncontrolled,Cell 4,1390.0,0.0,0.0,0.0,3.8420365385549218,0.6116498316498358,1677.5865584925232,0.0
Uncontrolled,Cell 1,1400.0,0.0,0.0,0.0,3.8628133378432015,0.633333333333334,1628.1967687846663,0.0
Uncontrolled,Cell 2,1400.0,0.0,0.0,0.0,3.824700189714212,0.5899319727891144,1628.2031884507414,0.0
Uncontrolled,Cell 3,1400.0,0.0,0.0,0.0,3.788950390422287,0.542695035460991,1628.196046758887,0.0
Uncontrolled,Cell 4,1400.0,0.0,0.0,0.0,3.842569590400087,0.6116498316498358,1628.2004441354838,0.0
Uncontrolled,Cell 1,1410.0,0.0,0.0,0.0,3.8632994747683256,0.633333333333334,1580.4770305263664,0.0
Uncontrolled,Cell 2,1410.0,0.0,0.0,0.0,3.8252388429614927,0.5899319727891144,1580.4803075014097,0.0
Uncontrolled,Cell 3,1410.0,0.0,0.0,0.0,3.789571425135168,0.542695035460991,1580.4762272680964,0.0
Uncontrolled,Cell 4,1410.0,0.0,0.0,0.0,3.843074736404355,0.6116498316498358,1580.4790983836938,0.0
Uncontrolled,Cell 1,1420.0,0.0,0.0,0.0,3.8637608783875477,0.633333333333334,1534.3272402320326,0.0
Uncontrolled,Cell 2,1420.0,0.0,0.0,0.0,3.825750133381016,0.5899319727891144,1534.3276619348471,0.0
Uncontrolled,Cell 3,1420.0,0.0,0.0,0.0,3.7901614361792526,0.542695035460991,1534.3262590945815,0.0
Uncontrolled,Cell 4,1420.0,0.0,0.0,0.0,3.843554235703124,0.6116498316498358,1534.3278433632186,0.0
Uncontrolled,Cell 1,1430.0,0.0,0.0,0.0,3.8641995939958065,0.633333333333334,1489.6599445239808,0.0
Uncontrolled,Cell 2,1430.0,0.0,0.0,0.0,3.826236232945935,0.5899319727891144,1489.6584319444082,0.0
Uncontrolled,Cell 3,1430.0,0.0,0.0,0.0,3.7907228192275437,0.542695035460991,1489.6593606164606,0.0
Uncontrolled,Cell 4,1430.0,0.0,0.0,0.0,3.844010157161769,0.6116498316498358,1489.6595075974801,0.0
Uncontrolled,Cell 1,1440.0,0.0,0.0,0.0,3.8646172877579987,0.633333333333334,1446.4037006136423,0.0
Uncontrolled,Cell 2,1440.0,0.0,0.0,0.0,3.82669889139565,0.5899319727891144,1446.4036544275768,0.0
Uncontrolled,Cell 3,1440.0,0.0,0.0,0.0,3.79125758662217,0.542695035460991,1446.40338364942,0.0
Uncontrolled,Cell 4,1440.0,0.0,0.0,0.0,3.8444441798391535,0.6116498316498358,1446.4038179927848,0.0
Uncontrolled,Cell 1,1450.0,0.0,0.0,0.0,3.8650154013876827,0.633333333333334,1404.4963070923332,0.0
Uncontrolled,Cell 2,1450.0,0.0,0.0,0.0,3.8271397867812667,0.5899319727891144,1404.4963347049015,0.0
Uncontrolled,Cell 3,1450.0,0.0,0.0,0.0,3.791767547305681,0.542695035460991,1404.4935489418785,0.0
Uncontrolled,Cell 4,1450.0,0.0,0.0,0.0,3.844857828905754,0.6116498316498358,1404.496545390215,0.0
Uncontrolled,Cell 1,1460.0,0.0,0.0,0.0,3.865395351084726,0.633333333333334,1363.875853948568,0.0
Uncontrolled,Cell 2,1460.0,0.0,0.0,0.0,3.8275603795790873,0.5899319727891144,1363.878173710269,0.0
Uncontrolled,Cell 3,1460.0,0.0,0.0,0.0,3.792254429125725,0.542695035460991,1363.8674535340106,0.0
Uncontrolled,Cell 4,1460.0,0.0,0.0,0.0,3.8452525265625077,0.6116498316498358,1363.8771563006558,0.0
Uncontrolled,Cell 1,1470.0,0.0,0.0,0.0,3.8657582774031427,0.633333333333334,1324.4921046657146,0.0
Uncontrolled,Cell 2,1470.0,0.0,0.0,0.0,3.8279619936269005,0.5899319727891144,1324.4960256510712,0.0
Uncontrolled,Cell 3,1470.0,0.0,0.0,0.0,3.7927196000685433,0.542695035460991,1324.4762964050824,0.0
Uncontrolled,Cell 4,1470.0,0.0,0.0,0.0,3.845629477527485,0.6116498316498358,1324.4943363549864,0.0
Uncontrolled,Cell 1,1480.0,0.0,0.0,0.0,3.8661054318293306,0.633333333333334,1286.2890159677554,0.0
Uncontrolled,Cell 2,1480.0,0.0,0.0,0.0,3.828346075088881,0.5899319727891144,1286.2897397129054,0.0
Uncontrolled,Cell 3,1480.0,0.0,0.0,0.0,3.7931645900477347,0.542695035460991,1286.2640478034555,0.0
Uncontrolled,Cell 4,1480.0,0.0,0.0,0.0,3.8459900063159047,0.6116498316498358,1286.290007239004,0.0
Uncontrolled,Cell 1,1490.0,0.0,0.0,0.0,3.8664377692722285,0.633333333333334,1249.2232540276855,0.0
Uncontrolled,Cell 2,1490.0,0.0,0.0,0.0,3.8287131908274707,0.5899319727891144,1249.2392434803405,0.0
Uncontrolled,Cell 3,1490.0,0.0,0.0,0.0,3.7935905799133156,0.542695035460991,1249.1875532657868,0.0
Uncontrolled,Cell 4,1490.0,0.0,0.0,0.0,3.8463348901219767,0.6116498316498358,1249.2311201872944,0.0
Uncontrolled,Cell 1,1500.0,0.0,0.0,0.0,3.866755600215776,0.633333333333334,1213.2800372482416,0.0
Uncontrolled,Cell 2,1500.0,0.0,0.0,0.0,3.8290643780948437,0.5899319727891144,1213.3013171062048,0.0
Uncontrolled,Cell 3,1500.0,0.0,0.0,0.0,3.7939987239973862,0.542695035460991,1213.204072620756,0.0
Uncontrolled,Cell 4,1500.0,0.0,0.0,0.0,3.8466647546782005,0.6116498316498358,1213.2909265214512,0.0
Uncontrolled,Cell 1,1510.0,0.0,0.0,0.0,3.8670602800211356,0.633333333333334,1178.3964941757913,0.0
Uncontrolled,Cell 2,1510.0,0.0,0.0,0.0,3.8294010998430736,0.5899319727891144,1178.4115127793739,0.0
Uncontrolled,Cell 3,1510.0,0.0,0.0,0.0,3.79439010412735,0.542695035460991,1178.2730242029575,0.0
Uncontrolled,Cell 4,1510.0,0.0,0.0,0.0,3.846980990911013,0.6116498316498358,1178.4052438006947,0.0
Uncontrolled,Cell 1,1520.0,0.0,0.0,0.0,3.867353268387686,0.633333333333334,1144.5043085865836,0.0
Uncontrolled,Cell 2,1520.0,0.0,0.0,0.0,3.8297251375536105,0.5899319727891144,1144.4890638499273,0.0
Uncontrolled,Cell 3,1520.0,0.0,0.0,0.0,3.7947657188679855,0.542695035460991,1144.355936664062,0.0
Uncontrolled,Cell 4,1520.0,0.0,0.0,0.0,3.8472851787338582,0.6116498316498358,1144.49981440981,0.0
Uncontrolled,Cell 1,1530.0,0.0,0.0,0.0,3.8676346663996872,0.633333333333334,1111.5963219853038,0.0
Uncontrolled,Cell 2,1530.0,0.0,0.0,0.0,3.830034385296898,0.5899319727891144,1111.6364405712666,0.0
Uncontrolled,Cell 3,1530.0,0.0,0.0,0.0,3.7951264025475018,0.542695035460991,1111.4208776284104,0.0
Uncontrolled,Cell 4,1530.0,0.0,0.0,0.0,3.8475764560128507,0.6116498316498358,1111.616530844749,0.0
Uncontrolled,Cell 1,1540.0,0.0,0.0,0.0,3.8679037684103674,0.633333333333334,1079.7015447851518,0.0
Uncontrolled,Cell 2,1540.0,0.0,0.0,0.0,3.830331323351846,0.5899319727891144,1079.7379142102218,0.0
Uncontrolled,Cell 3,1540.0,0.0,0.0,0.0,3.7954730058321986,0.542695035460991,1079.4338871228247,0.0
Uncontrolled,Cell 4,1540.0,0.0,0.0,0.0,3.8478555364779634,0.6116498316498358,1079.7210729888284,0.0
Uncontrolled,Cell 1,1550.0,0.0,0.0,0.0,3.8681628706629505,0.633333333333334,1048.7117978105343,0.0
Uncontrolled,Cell 2,1550.0,0.0,0.0,0.0,3.8306175086528857,0.5899319727891144,1048.720268567573,0.0
Uncontrolled,Cell 3,1550.0,0.0,0.0,0.0,3.795806273172259,0.542695035460991,1048.3648550666876,0.0
Uncontrolled,Cell 4,1550.0,0.0,0.0,0.0,3.8481243569766495,0.6116498316498358,1048.7195183948788,0.0
Uncontrolled,Cell 1,1560.0,0.0,0.0,0.0,3.8684136468566575,0.633333333333334,1018.5465940489667,0.0
Uncontrolled,Cell 2,1560.0,0.0,0.0,0.0,3.8308944033820183,0.5899319727891144,1018.513741903309,0.0
Uncontrolled,Cell 3,1560.0,0.0,0.0,0.0,3.796126868209055,0.542695035460991,1018.1864074462028,0.0
Uncontrolled,Cell 4,1560.0,0.0,0.0,0.0,3.8483847085724445,0.6116498316498358,1018.5239499742202,0.0
Uncontrolled,Cell 1,1570.0,0.0,0.0,0.0,3.8686553560340853,0.633333333333334,989.2351354123639,0.0
Uncontrolled,Cell 2,1570.0,0.0,0.0,0.0,3.8311591784311494,0.5899319727891144,989.25305091669,0.0
Uncontrolled,Cell 3,1570.0,0.0,0.0,0.0,3.796435423831141,0.542695035460991,988.8715426277995,0.0
Uncontrolled,Cell 4,1570.0,0.0,0.0,0.0,3.8486342470356636,0.6116498316498358,989.2452533914875,0.0
Uncontrolled,Cell 1,1580.0,0.0,0.0,0.0,3.868887241596769,0.633333333333334,960.8069368361139,0.0
Uncontrolled,Cell 2,1580.0,0.0,0.0,0.0,3.8314144808936925,0.5899319727891144,960.8103507820852,0.0
Uncontrolled,Cell 3,1580.0,0.0,0.0,0.0,3.7967325320780203,0.542695035460991,960.3945503061113,0.0
Uncontrolled,Cell 4,1580.0,0.0,0.0,0.0,3.8488744220621642,0.6116498316498358,960.8107563417325,0.0
Uncontrolled,Cell 1,1590.0,0.0,0.0,0.0,3.869111344736364,0.633333333333334,933.1633218178686,0.0
Uncontrolled,Cell 2,1590.0,0.0,0.0,0.0,3.83166127757032,0.5899319727891144,933.1372031840219,0.0
Uncontrolled,Cell 3,1590.0,0.0,0.0,0.0,3.7970187324395823,0.542695035460991,932.7311620395849,0.0
Uncontrolled,Cell 4,1590.0,0.0,0.0,0.0,3.8491065426857842,0.6116498316498358,933.1538098997553,0.0
Uncontrolled,Cell 1,1600.0,0.0,0.0,0.0,3.8693286469368138,0.633333333333334,906.253529227688,0.0
Uncontrolled,Cell 2,1600.0,0.0,0.0,0.0,3.8319000894183657,0.5899319727891144,906.2060752721882,0.0
Uncontrolled,Cell 3,1600.0,0.0,0.0,0.0,3.797294527062668,0.542695035460991,905.8582128023081,0.0
Uncontrolled,Cell 4,1600.0,0.0,0.0,0.0,3.8493316419786128,0.6116498316498358,906.2203924828063,0.0
Uncontrolled,Cell 1,1610.0,0.0,0.0,0.0,3.8695385480249076,0.633333333333334,880.0991556559784,0.0
Uncontrolled,Cell 2,1610.0,0.0,0.0,0.0,3.8321298398446073,0.5899319727891144,880.0664777254678,0.0
Uncontrolled,Cell 3,1610.0,0.0,0.0,0.0,3.7975603853732838,0.542695035460991,879.7534333696094,0.0
Uncontrolled,Cell 4,1610.0,0.0,0.0,0.0,3.8495481330246077,0.6116498316498358,880.0839092244969,0.0
Uncontrolled,Cell 1,1620.0,0.0,0.0,0.0,3.869740931653282,0.633333333333334,854.6992656355978,0.0
Uncontrolled,Cell 2,1620.0,0.0,0.0,0.0,3.8323516458666034,0.5899319727891144,854.6609062844145,0.0
Uncontrolled,Cell 3,1620.0,0.0,0.0,0.0,3.7978167683019453,0.542695035460991,854.39432758576,0.0
Uncontrolled,Cell 4,1620.0,0.0,0.0,0.0,3.8497572242347697,0.6116498316498358,854.6808949169936,0.0
Uncontrolled,Cell 1,1630.0,0.0,0.0,0.0,3.869936522201134,0.633333333333334,830.0139727827409,0.0
Uncontrolled,Cell 2,1630.0,0.0,0.0,0.0,3.8325657445524683,0.5899319727891144,829.9740442881957,0.0
Uncontrolled,Cell 3,1630.0,0.0,0.0,0.0,3.7980641212198774,0.542695035460991,829.7586136125974,0.0
Uncontrolled,Cell 4,1630.0,0.0,0.0,0.0,3.8499591627291245,0.6116498316498358,829.9943710736698,0.0
Uncontrolled,Cell 1,1640.0,0.0,0.0,0.0,3.8701254744228004,0.633333333333334,806.0293211535245,0.0
Uncontrolled,Cell 2,1640.0,0.0,0.0,0.0,3.8327724169501147,0.5899319727891144,805.9884878159901,0.0
Uncontrolled,Cell 3,1640.0,0.0,0.0,0.0,3.7983028851273124,0.542695035460991,805.8237493854285,0.0
Uncontrolled,Cell 4,1640.0,0.0,0.0,0.0,3.8501541326130253,0.6116498316498358,806.0101466567176,0.0
Uncontrolled,Cell 1,1650.0,0.0,0.0,0.0,3.8703081053983412,0.633333333333334,782.7242461534697,0.0
Uncontrolled,Cell 2,1650.0,0.0,0.0,0.0,3.832971991064669,0.5899319727891144,782.6846454330771,0.0
Uncontrolled,Cell 3,1650.0,0.0,0.0,0.0,3.7985332627396997,0.542695035460991,782.5774616228664,0.0
Uncontrolled,Cell 4,1650.0,0.0,0.0,0.0,3.8503425313598614,0.6116498316498358,782.7043127636753,0.0
Uncontrolled,Cell 1,1660.0,0.0,0.0,0.0,3.870484560832608,0.633333333333334,760.085109821408,0.0
Uncontrolled,Cell 2,1660.0,0.0,0.0,0.0,3.8331645548883606,0.5899319727891144,760.053484060034,0.0
Uncontrolled,Cell 3,1660.0,0.0,0.0,0.0,3.7987556961027495,0.542695035460991,759.9964088290726,0.0
Uncontrolled,Cell 4,1660.0,0.0,0.0,0.0,3.850524408733521,0.6116498316498358,760.0686078646213,0.0
Uncontrolled,Cell 1,1670.0,0.0,0.0,0.0,3.8706549009383293,0.633333333333334,738.1020049999061,0.0
Uncontrolled,Cell 2,1670.0,0.0,0.0,0.0,3.833350237747817,0.5899319727891144,738.0841377722536,0.0
Uncontrolled,Cell 3,1670.0,0.0,0.0,0.0,3.7989705660719575,0.542695035460991,738.0596703685478,0.0
Uncontrolled,Cell 4,1670.0,0.0,0.0,0.0,3.8506998819886835,0.6116498316498358,738.0917255120949,0.0
Uncontrolled,Cell 1,1680.0,0.0,0.0,0.0,3.8708191930883977,0.633333333333334,716.7647602992365,0.0
Uncontrolled,Cell 2,1680.0,0.0,0.0,0.0,3.8335294290605946,0.5899319727891144,716.7527781564677,0.0
Uncontrolled,Cell 3,1680.0,0.0,0.0,0.0,3.799178248767356,0.542695035460991,716.74626424491,0.0
Uncontrolled,Cell 4,1680.0,0.0,0.0,0.0,3.850869127182146,0.6116498316498358,716.7593427641623,0.0
Uncontrolled,Cell 1,1690.0,0.0,0.0,0.0,3.8709779625922165,0.633333333333334,696.0419517025293,0.0
Uncontrolled,Cell 2,1690.0,0.0,0.0,0.0,3.833702520215081,0.5899319727891144,696.0353509578381,0.0
Uncontrolled,Cell 3,1690.0,0.0,0.0,0.0,3.7993790224201915,0.542695035460991,696.0393231422859,0.0
Uncontrolled,Cell 4,1690.0,0.0,0.0,0.0,3.851032702414245,0.6116498316498358,696.0381648404218,0.0
Uncontrolled,Cell 1,1700.0,0.0,0.0,0.0,3.8711313837673202,0.633333333333334,675.9184425434796,0.0
Uncontrolled,Cell 2,1700.0,0.0,0.0,0.0,3.8338697146003082,0.5899319727891144,675.9170075810325,0.0
Uncontrolled,Cell 3,1700.0,0.0,0.0,0.0,3.7995729690045503,0.542695035460991,675.9305265621078,0.0
Uncontrolled,Cell 4,1700.0,0.0,0.0,0.0,3.8511907067157027,0.6116498316498358,675.9175643859453,0.0
Uncontrolled,Cell 1,1710.0,0.0,0.0,0.0,3.8712796878532654,0.633333333333334,656.3765114239286,0.0
Uncontrolled,Cell 2,1710.0,0.0,0.0,0.0,3.834031366815818,0.5899319727891144,656.3754305474868,0.0
Uncontrolled,Cell 3,1710.0,0.0,0.0,0.0,3.7997605137024073,0.542695035460991,656.3961531753885,0.0
Uncontrolled,Cell 4,1710.0,0.0,0.0,0.0,3.8513434515286455,0.6116498316498358,656.3764253245718,0.0
Uncontrolled,Cell 1,1720.0,0.0,0.0,0.0,3.8714232062571776,0.633333333333334,637.3938815942274,0.0
Uncontrolled,Cell 2,1720.0,0.0,0.0,0.0,3.834187545900211,0.5899319727891144,637.4011668953681,0.0
Uncontrolled,Cell 3,1720.0,0.0,0.0,0.0,3.799941944485097,0.542695035460991,637.4184673660129,0.0
Uncontrolled,Cell 4,1720.0,0.0,0.0,0.0,3.8514911722952014,0.6116498316498358,637.3970173776397,0.0
Uncontrolled,Cell 1,1730.0,0.0,0.0,0.0,3.87156186391241,0.633333333333334,618.96606050435,0.0
Uncontrolled,Cell 2,1730.0,0.0,0.0,0.0,3.8343385346586927,0.5899319727891144,618.9748653593815,0.0
Uncontrolled,Cell 3,1730.0,0.0,0.0,0.0,3.8001175511053096,0.542695035460991,618.9795831635347,0.0
Uncontrolled,Cell 4,1730.0,0.0,0.0,0.0,3.8516339044048484,0.6116498316498358,618.9707361734363,0.0
Uncontrolled,Cell 1,1740.0,0.0,0.0,0.0,3.871696045928317,0.633333333333334,601.0683794693396,0.0
Uncontrolled,Cell 2,1740.0,0.0,0.0,0.0,3.8344846948135034,0.5899319727891144,601.073421943147,0.0
Uncontrolled,Cell 3,1740.0,0.0,0.0,0.0,3.8002874309940435,0.542695035460991,601.069686796367,0.0
Uncontrolled,Cell 4,1740.0,0.0,0.0,0.0,3.8517720547313354,0.6116498316498358,601.0717652340827,0.0
Uncontrolled,Cell 1,1750.0,0.0,0.0,0.0,3.871826050958748,0.633333333333334,583.6799529125128,0.0
Uncontrolled,Cell 2,1750.0,0.0,0.0,0.0,3.8346263524462123,0.5899319727891144,583.6752224223274,0.0
Uncontrolled,Cell 3,1750.0,0.0,0.0,0.0,3.800451797328943,0.542695035460991,583.6740827070607,0.0
Uncontrolled,Cell 4,1750.0,0.0,0.0,0.0,3.851905920733996,0.6116498316498358,583.6792482919773,0.0
Uncontrolled,Cell 1,1760.0,0.0,0.0,0.0,3.8719521750068226,0.633333333333334,566.7800306316385,0.0
Uncontrolled,Cell 2,1760.0,0.0,0.0,0.0,3.8347633902692673,0.5899319727891144,566.779761228634,0.0
Uncontrolled,Cell 3,1760.0,0.0,0.0,0.0,3.800610903181511,0.542695035460991,566.7764125692629,0.0
Uncontrolled,Cell 4,1760.0,0.0,0.0,0.0,3.852035630360528,0.6116498316498358,566.7804165685084,0.0
Uncontrolled,Cell 1,1770.0,0.0,0.0,0.0,3.8720742113541986,0.633333333333334,550.3704975695146,0.0
Uncontrolled,Cell 2,1770.0,0.0,0.0,0.0,3.8348960967996755,0.5899319727891144,550.3671260301599,0.0
Uncontrolled,Cell 3,1770.0,0.0,0.0,0.0,3.800764948011883,0.542695035460991,550.3626338861286,0.0
Uncontrolled,Cell 4,1770.0,0.0,0.0,0.0,3.8521611692921747,0.6116498316498358,550.3693147988743,0.0
Uncontrolled,Cell 1,1780.0,0.0,0.0,0.0,3.872192488656939,0.633333333333334,534.4292565281612,0.0
Uncontrolled,Cell 2,1780.0,0.0,0.0,0.0,3.835024631465923,0.5899319727891144,534.4235436188756,0.0
Uncontrolled,Cell 3,1780.0,0.0,0.0,0.0,3.8009141216687827,0.542695035460991,534.4191651439105,0.0
Uncontrolled,Cell 4,1780.0,0.0,0.0,0.0,3.852282799889923,0.6116498316498358,534.4267570162046,0.0
Uncontrolled,Cell 1,1790.0,0.0,0.0,0.0,3.8723071226790307,0.633333333333334,518.94385470622,0.0
Uncontrolled,Cell 2,1790.0,0.0,0.0,0.0,3.8351491026061666,0.5899319727891144,518.9376841304729,0.0
Uncontrolled,Cell 3,1790.0,0.0,0.0,0.0,3.801058574501114,0.542695035460991,518.9337238433363,0.0
Uncontrolled,Cell 4,1790.0,0.0,0.0,0.0,3.852400633277605,0.6116498316498358,518.9408283180273,0.0
Uncontrolled,Cell 1,1800.0,0.0,0.0,0.0,3.8724181974892202,0.633333333333334,503.90335990463427,0.0
Uncontrolled,Cell 2,1800.0,0.0,0.0,0.0,3.8352696299886397,0.5899319727891144,503.8978604204167,0.0
Uncontrolled,Cell 3,1800.0,0.0,0.0,0.0,3.8011984524537685,0.542695035460991,503.8943755129512,0.0
Uncontrolled,Cell 4,1800.0,0.0,0.0,0.0,3.8525147582544106,0.6116498316498358,503.90076436371237,0.0
Uncontrolled,Cell 1,1800.0000000000002,1.25,0.0,1.25,3.841917896524752,0.633333333333334,503.90335990463427,-0.03050030096446828
Uncontrolled,Cell 2,1800.0000000000002,1.25,0.0,1.25,3.805035214265371,0.5899319727891144,503.8978604204167,-0.030234415723268883
Uncontrolled,Cell 3,1800.0000000000002,1.25,0.0,1.25,3.771092329356318,0.542695035460991,503.8943755129512,-0.030106123097450373
Uncontrolled,Cell 4,1800.0000000000002,1.25,0.0,1.25,3.8221651763860134,0.6116498316498358,503.90076436371237,-0.030349581868396428
Uncontrolled,Cell 1,1810.0,1.25,0.0,1.25,3.8373404172449783,0.6326388888888895,675.0019416966061,-0.030477319447848147
Uncontrolled,Cell 2,1810.0,1.25,0.0,1.25,3.8009648638602913,0.589223356009069,674.9981880066298,-0.03022151692621455
Uncontrolled,Cell 3,1810.0,1.25,0.0,1.25,3.766544185682089,0.5419562647754118,674.9965547341999,-0.0301027449342089
Uncontrolled,Cell 4,1810.0,1.25,0.0,1.25,3.8180213677644876,0.6109483726150434,675.0001646585151,-0.030331738824539833
Uncontrolled,Cell 1,1820.0,1.25,0.0,1.25,3.834617242410464,0.6319444444444451,775.6101185113002,-0.030466009646872065
Uncontrolled,Cell 2,1820.0,1.25,0.0,1.25,3.79840480204253,0.5885147392290238,775.6077073433407,-0.030215357982393255
Uncontrolled,Cell 3,1820.0,1.25,0.0,1.25,3.763653067829597,0.5412174940898327,775.6072199444679,-0.03010146656251874
Uncontrolled,Cell 4,1820.0,1.25,0.0,1.25,3.8154767099733524,0.6102469135802511,775.6089940398233,-0.030323051731452638
Uncontrolled,Cell 1,1830.0,1.25,0.0,1.25,3.8325294834873347,0.6312500000000006,847.8304933653744,-0.030456993371038587
Uncontrolled,Cell 2,1830.0,1.25,0.0,1.25,3.796436498786605,0.5878061224489785,847.8288267689932,-0.030210487051240343
Uncontrolled,Cell 3,1830.0,1.25,0.0,1.25,3.7614324136868516,0.5404787234042535,847.8267351246104,-0.03010052703605946
Uncontrolled,Cell 4,1830.0,1.25,0.0,1.25,3.8135251511528248,0.6095454545454587,847.8299636655029,-0.030316145716762687
Uncontrolled,Cell 1,1840.0,1.25,0.0,1.25,3.8307729758328444,0.6305555555555562,905.1805705301886,-0.030449126185816383
Uncontrolled,Cell 2,1840.0,1.25,0.0,1.25,3.7947782144147686,0.5870975056689332,905.1749453202901,-0.030206264969380336
Uncontrolled,Cell 3,1840.0,1.25,0.0,1.25,3.759564162032856,0.5397399527186744,905.1685019517172,-0.030099764090931663
Uncontrolled,Cell 4,1840.0,1.25,0.0,1.25,3.8118836316681755,0.6088439955106664,905.1780760585971,-0.03031013389246951
Uncontrolled,Cell 1,1850.0,1.25,0.0,1.25,3.8292271367619124,0.6298611111111118,953.1110454640693,-0.030441992534670465
Uncontrolled,Cell 2,1850.0,1.25,0.0,1.25,3.793316462086293,0.5863888888888878,953.1016045160177,-0.030202460479245057
Uncontrolled,Cell 3,1850.0,1.25,0.0,1.25,3.7579196181938705,0.5390011820330952,953.0934198951727,-0.03009912108582071
Uncontrolled,Cell 4,1850.0,1.25,0.0,1.25,3.8104388391433783,0.608142536475874,953.1063846841062,-0.03030469453478327
Uncontrolled,Cell 1,1860.0,1.25,0.0,1.25,3.8278217141005166,0.6291666666666673,994.7855793126582,-0.030435344406788606
Uncontrolled,Cell 2,1860.0,1.25,0.0,1.25,3.7919846522475176,0.5856802721088425,994.7840780531333,-0.030198936238736467
Uncontrolled,Cell 3,1860.0,1.25,0.0,1.25,3.7564231724262127,0.5382624113475161,994.7839380645237,-0.030098566382219413
Uncontrolled,Cell 4,1860.0,1.25,0.0,1.25,3.8091245498259045,0.6074410774410817,994.7848387178237,-0.030299635841160792
Uncontrolled,Cell 1,1870.0,1.25,0.0,1.25,3.8265187296022454,0.6284722222222229,1031.929553004913,-0.030429055646142355
Uncontrolled,Cell 2,1870.0,1.25,0.0,1.25,3.7907470417309206,0.5849716553287972,1031.9314283368512,-0.030195623673207654
Uncontrolled,Cell 3,1870.0,1.25,0.0,1.25,3.755034675507953,0.5375236406619369,1031.9335799996043,-0.0300980843298853
Uncontrolled,Cell 4,1870.0,1.25,0.0,1.25,3.8079050409244406,0.6067396184062893,1031.930598848754,-0.030294861187840742
Uncontrolled,Cell 1,1880.0,1.25,0.0,1.25,3.825296608548321,0.6277777777777784,1065.5169921314337,-0.030423052890402744
Uncontrolled,Cell 2,1880.0,1.25,0.0,1.25,3.7895834091384777,0.584263038548752,1065.5147018641583,-0.03019248186109421
Uncontrolled,Cell 3,1880.0,1.25,0.0,1.25,3.753731246991923,0.5367848699763578,1065.5121044484622,-0.030097664691652468
Uncontrolled,Cell 4,1880.0,1.25,0.0,1.25,3.806760064870259,0.606038159371497,1065.516013315886,-0.030290313750786987
Uncontrolled,Cell 1,1890.0,1.25,0.0,1.25,3.824139835952484,0.627083333333334,1096.240772971516,-0.030417280434246675
Uncontrolled,Cell 2,1890.0,1.25,0.0,1.25,3.788479038213769,0.5835544217687066,1096.2362819965747,-0.030189479418306662
Uncontrolled,Cell 3,1890.0,1.25,0.0,1.25,3.752495976216353,0.5360460992907786,1096.232100792673,-0.030097299858077534
Uncontrolled,Cell 4,1890.0,1.25,0.0,1.25,3.805674992364887,0.6053367003367046,1096.2386169389683,-0.03028595011782125
Uncontrolled,Cell 1,1900.0,1.25,0.0,1.25,3.82303611334315,0.6263888888888896,1124.6504517772992,-0.03041169488893736
Uncontrolled,Cell 2,1900.0,1.25,0.0,1.25,3.787422285393833,0.5828458049886613,1124.6474733741525,-0.030186592574164263
Uncontrolled,Cell 3,1900.0,1.25,0.0,1.25,3.7513156818964926,0.5353073286051995,1124.6451574089224,-0.03009698458818038
Uncontrolled,Cell 4,1900.0,1.25,0.0,1.25,3.8046382259296267,0.6046352413019123,1124.6490075474321,-0.030281736884378345
Uncontrolled,Cell 1,1910.0,1.25,0.0,1.25,3.82197649693111,0.6256944444444451,1151.1453361007189,-0.030406265461235094
Uncontrolled,Cell 2,1910.0,1.25,0.0,1.25,3.78640477042435,0.582137188208616,1151.1442054443178,-0.030183804579003107
Uncontrolled,Cell 3,1910.0,1.25,0.0,1.25,3.750180989625077,0.5345685579196203,1151.1431390100406,-0.030096715203961826
Uncontrolled,Cell 4,1910.0,1.25,0.0,1.25,3.803641366406793,0.6039337822671199,1151.1448568939304,-0.030277650439009863
Uncontrolled,Cell 1,1920.0,1.25,0.0,1.25,3.8209546012208078,0.6250000000000007,1176.008252342548,-0.03040097008479566
Uncontrolled,Cell 2,1920.0,1.25,0.0,1.25,3.7854205058417802,0.5814285714285707,1176.0089948797395,-0.030181103300627822
Uncontrolled,Cell 3,1920.0,1.25,0.0,1.25,3.7490851065400315,0.5338297872340412,1176.0096505779802,-0.03009648896637313
Uncontrolled,Cell 4,1920.0,1.25,0.0,1.25,3.8026784169583867,0.6032323232323276,1176.0087164183424,-0.03027367378244406
Uncontrolled,Cell 1,1930.0,1.25,0.0,1.25,3.8199655132236243,0.6243055555555562,1199.4542188985033,-0.03039579134546964
Uncontrolled,Cell 2,1930.0,1.25,0.0,1.25,3.7844649599559066,0.5807199546485254,1199.4547887828194,-0.030178479235616243
Uncontrolled,Cell 3,1930.0,1.25,0.0,1.25,3.7480229756213896,0.533091016548462,1199.4553729704203,-0.030096303738828427
Uncontrolled,Cell 4,1930.0,1.25,0.0,1.25,3.801744798567153,0.6025308641975352,1199.4545845565299,-0.030269793542238712
Uncontrolled,Cell 1,1940.0,1.25,0.0,1.25,3.8190051717792697,0.6236111111111118,1221.659923842839,-0.030390715063272223
Uncontrolled,Cell 2,1940.0,1.25,0.0,1.25,3.7835343337978475,0.5800113378684801,1221.6584678612817,-0.030175924623053733
Uncontrolled,Cell 3,1940.0,1.25,0.0,1.25,3.746990299924774,0.5323522458628829,1221.657726090496,-0.03009615789503154
Uncontrolled,Cell 4,1940.0,1.25,0.0,1.25,3.8008367047798974,0.6018294051627429,1221.6589415813978,-0.03026599881243697
Uncontrolled,Cell 1,1950.0,1.25,0.0,1.25,3.818070269831934,0.6229166666666673,1242.7681555978197,-0.03038572998219263
Uncontrolled,Cell 2,1950.0,1.25,0.0,1.25,3.782625462139057,0.5793027210884348,1242.7660673050596,-0.03017343328623263
Uncontrolled,Cell 3,1950.0,1.25,0.0,1.25,3.7459834851155662,0.5316134751773037,1242.763873773467,-0.030096050239360964
Uncontrolled,Cell 4,1950.0,1.25,0.0,1.25,3.7999509720209996,0.6011279461279505,1242.7672307505854,-0.030262280859880964
Uncontrolled,Cell 1,1960.0,1.25,0.0,1.25,3.8171580091965387,0.6222222222222229,1262.8987636886231,-0.030380826855058843
Uncontrolled,Cell 2,1960.0,1.25,0.0,1.25,3.7817357325186114,0.5785941043083895,1262.8969356325106,-0.030171000285942322
Uncontrolled,Cell 3,1960.0,1.25,0.0,1.25,3.7449995402748604,0.5308747044917246,1262.8951974903102,-0.03009597988492737
Uncontrolled,Cell 4,1960.0,1.25,0.0,1.25,3.7990849951725325,0.6004264870931582,1262.897917755774,-0.030258632680458825
Uncontrolled,Cell 1,1970.0,1.25,0.0,1.25,3.8162659532032466,0.6215277777777785,1282.1554648036727,-0.030375997992192517
Uncontrolled,Cell 2,1970.0,1.25,0.0,1.25,3.780862844662444,0.5778854875283442,1282.1548456453602,-0.03016862153237596
Uncontrolled,Cell 3,1970.0,1.25,0.0,1.25,3.7440359032960906,0.5301359338061454,1282.1546386630362,-0.030095946185570634
Uncontrolled,Cell 4,1970.0,1.25,0.0,1.25,3.7982364598593676,0.5997250280583658,1282.1551818278094,-0.0302550483969628
Uncontrolled,Cell 1,1980.0,1.25,0.0,1.25,3.815392064006832,0.620833333333334,1300.6237070924071,-0.030371237103670054
Uncontrolled,Cell 2,1980.0,1.25,0.0,1.25,3.7800049193390963,0.5771768707482989,1300.6235648845977,-0.03016629378779753
Uncontrolled,Cell 3,1980.0,1.25,0.0,1.25,3.7430905325974333,0.5293971631205663,1300.6233603907895,-0.03009594866135383
Uncontrolled,Cell 4,1980.0,1.25,0.0,1.25,3.7974034566570425,0.5990235690235735,1300.6237079908024,-0.03025152328466501
Uncontrolled,Cell 1,1990.0,1.25,0.0,1.25,3.814534778474979,0.6201388888888896,1318.3672910369787,-0.03036653970265076
Uncontrolled,Cell 2,1990.0,1.25,0.0,1.25,3.7791604523757685,0.5764682539682536,1318.369222118643,-0.030164014590201387
Uncontrolled,Cell 3,1990.0,1.25,0.0,1.25,3.7421616393287334,0.5286583924349871,1318.3716630036142,-0.030095986973321342
Uncontrolled,Cell 4,1990.0,1.25,0.0,1.25,3.796584494801459,0.5983221099887811,1318.3682632867276,-0.0302480538741189
Uncontrolled,Cell 1,2000.0,1.25,0.0,1.25,3.8136924839389046,0.6194444444444451,1335.4523732104753,-0.030361901125577215
Uncontrolled,Cell 2,2000.0,1.25,0.0,1.25,3.7783280085266524,0.5757596371882083,1335.4540610645527,-0.03016178168744396
Uncontrolled,Cell 3,2000.0,1.25,0.0,1.25,3.741247783304425,0.527919621749408,1335.455354917809,-0.03009606086684713
Uncontrolled,Cell 4,2000.0,1.25,0.0,1.25,3.795778080818243,0.5976206509539888,1335.4533176958394,-0.030244636749891887
Uncontrolled,Cell 1,2010.0,1.25,0.0,1.25,3.8128642549655636,0.6187500000000007,1351.9134809190036,-0.030357319136688213
Uncontrolled,Cell 2,2010.0,1.25,0.0,1.25,3.7775066924468956,0.575051020408163,1351.9159503878655,-0.030159593758374282
Uncontrolled,Cell 3,2010.0,1.25,0.0,1.25,3.740347802767247,0.5271808510638288,1351.9187335869137,-0.030096170148126107
Uncontrolled,Cell 4,2010.0,1.25,0.0,1.25,3.794983333354327,0.5969191919191964,1351.9147434947954,-0.03024127012742539
Uncontrolled,Cell 1,2020.0,1.25,0.0,1.25,3.812048714697535,0.6180555555555562,1367.8063759463912,-0.030352790104767227
Uncontrolled,Cell 2,2020.0,1.25,0.0,1.25,3.7766952510470624,0.5743424036281177,1367.807990230729,-0.030157449095168737
Uncontrolled,Cell 3,2020.0,1.25,0.0,1.25,3.739460448658578,0.5264420803782497,1367.8091958365549,-0.030096314741464573
Uncontrolled,Cell 4,2020.0,1.25,0.0,1.25,3.7941989600112347,0.596217732884404,1367.8072873856872,-0.030237951361327835
Uncontrolled,Cell 1,2030.0,1.25,0.0,1.25,3.811245202248279,0.6173611111111118,1383.1535540586847,-0.030348312730318548
Uncontrolled,Cell 2,2030.0,1.25,0.0,1.25,3.775893080498227,0.5736337868480724,1383.154424611861,-0.030155346936604016
Uncontrolled,Cell 3,2030.0,1.25,0.0,1.25,3.73858493399782,0.5257033096926705,1383.1555896411228,-0.03009649453521466
Uncontrolled,Cell 4,2030.0,1.25,0.0,1.25,3.7934243510841696,0.5955162738496117,1383.1539457550389,-0.030234679428200417
Uncontrolled,Cell 1,2040.0,1.25,0.0,1.25,3.810452634500807,0.6166666666666674,1397.9976869469283,-0.030343884481739965
Uncontrolled,Cell 2,2040.0,1.25,0.0,1.25,3.775099153001466,0.5729251700680271,1397.9979439016643,-0.030153286074599033
Uncontrolled,Cell 3,2040.0,1.25,0.0,1.25,3.737720186725898,0.5249645390070914,1397.9980118479143,-0.030096709566303864
Uncontrolled,Cell 4,2040.0,1.25,0.0,1.25,3.7926584635103247,0.5948148148148193,1397.9979014800992,-0.030231452446176317
Uncontrolled,Cell 1,2050.0,1.25,0.0,1.25,3.8096703641042247,0.6159722222222229,1412.3611059843788,-0.03033950420788776
Uncontrolled,Cell 2,2050.0,1.25,0.0,1.25,3.774312918270268,0.5722165532879818,1412.360044376761,-0.030151265951418055
Uncontrolled,Cell 3,2050.0,1.25,0.0,1.25,3.7368655559416495,0.5242257683215122,1412.359721007786,-0.030096959804557177
Uncontrolled,Cell 4,2050.0,1.25,0.0,1.25,3.7919007251973516,0.594113355780027,1412.3604059892823,-0.03022826960386845
Uncontrolled,Cell 1,2060.0,1.25,0.0,1.25,3.8088976236163905,0.6152777777777785,1426.2722493339243,-0.030335170402336208
Uncontrolled,Cell 2,2060.0,1.25,0.0,1.25,3.773533618565036,0.5715079365079365,1426.2715152664932,-0.03014928579464481
Uncontrolled,Cell 3,2060.0,1.25,0.0,1.25,3.7360202250023464,0.5234869976359331,1426.2708268461938,-0.030097245321836955
Uncontrolled,Cell 4,2060.0,1.25,0.0,1.25,3.791150372591911,0.5934118967452346,1426.2719450228797,-0.03022512970555668
Uncontrolled,Cell 1,2070.0,1.25,0.0,1.25,3.808133772352166,0.614583333333334,1439.7538021613,-0.030330881982428306
Uncontrolled,Cell 2,2070.0,1.25,0.0,1.25,3.7727607324989196,0.5707993197278912,1439.7525904982722,-0.030147345171543796
Uncontrolled,Cell 3,2070.0,1.25,0.0,1.25,3.7351836154019127,0.522748226950354,1439.7518854034788,-0.030097566151010054
Uncontrolled,Cell 4,2070.0,1.25,0.0,1.25,3.790406851233652,0.5927104377104423,1439.7532702778662,-0.03022203205488172
Uncontrolled,Cell 1,2080.0,1.25,0.0,1.25,3.8073782289534766,0.6138888888888896,1452.8260442150058,-0.0303266380264713
Uncontrolled,Cell 2,2080.0,1.25,0.0,1.25,3.771993707719875,0.5700907029478459,1452.8252626489339,-0.0301454436067265
Uncontrolled,Cell 3,2080.0,1.25,0.0,1.25,3.734355129902867,0.5220094562647748,1452.8246669772343,-0.03009792236619864
Uncontrolled,Cell 4,2080.0,1.25,0.0,1.25,3.7896696035290978,0.5920089786756499,1452.8256990747905,-0.030218975931284763
Uncontrolled,Cell 1,2090.0,1.25,0.0,1.25,3.8066304593862963,0.6131944444444452,1465.5073818880373,-0.03032243774778736
Uncontrolled,Cell 2,2090.0,1.25,0.0,1.25,3.771232104939665,0.5693820861678006,1465.506547862904,-0.030143580795586176
Uncontrolled,Cell 3,2090.0,1.25,0.0,1.25,3.733534294388869,0.5212706855791956,1465.5060491267723,-0.03009831402250041
Uncontrolled,Cell 4,2090.0,1.25,0.0,1.25,3.788938152003821,0.5913075196408576,1465.5070200358532,-0.030215960802971682
Uncontrolled,Cell 1,2100.0,1.25,0.0,1.25,3.8058899704446105,0.6125000000000007,1477.814618347089,-0.03031828048069134
Uncontrolled,Cell 2,2100.0,1.25,0.0,1.25,3.77047549608279,0.5686734693877553,1477.813314235671,-0.03014175644321885
Uncontrolled,Cell 3,2100.0,1.25,0.0,1.25,3.732720640130863,0.5205319148936165,1477.8131473955655,-0.03009874119816758
Uncontrolled,Cell 4,2100.0,1.25,0.0,1.25,3.7882120578741927,0.5906060606060652,1477.8135508266969,-0.030212986214129663
Uncontrolled,Cell 1,2110.0,1.25,0.0,1.25,3.805156303583556,0.6118055555555563,1489.7633135473698,-0.030314165638526777
Uncontrolled,Cell 2,2110.0,1.25,0.0,1.25,3.769723528399741,0.56796485260771,1489.759362729852,-0.03013997034548566
Uncontrolled,Cell 3,2110.0,1.25,0.0,1.25,3.731913802354405,0.5197931442080373,1489.7591124039172,-0.03009920394542919
Uncontrolled,Cell 4,2110.0,1.25,0.0,1.25,3.7874909316825134,0.5899046015712729,1489.759670757845,-0.030210051799028446
Uncontrolled,Cell 1,2120.0,1.25,0.0,1.25,3.8044291079892307,0.6111111111111118,1501.3642428040039,-0.03031009294122668
Uncontrolled,Cell 2,2120.0,1.25,0.0,1.25,3.7689758183090722,0.5672562358276647,1501.3599912134523,-0.030138222279560412
Uncontrolled,Cell 3,2120.0,1.25,0.0,1.25,3.7311133228708435,0.5190543735224582,1501.3610787058205,-0.03009970238195871
Uncontrolled,Cell 4,2120.0,1.25,0.0,1.25,3.786774390684502,0.5892031425364805,1501.3596733130362,-0.030207157213126862
Uncontrolled,Cell 1,2130.0,1.25,0.0,1.25,3.8037080129178875,0.6104166666666674,1512.629481280379,-0.030306062027285374
Uncontrolled,Cell 2,2130.0,1.25,0.0,1.25,3.7682320587502582,0.5665476190476194,1512.6274937216658,-0.030136512099827383
Uncontrolled,Cell 3,2130.0,1.25,0.0,1.25,3.730318941707775,0.518315602836879,1512.6286614693963,-0.030100236544698896
Uncontrolled,Cell 4,2130.0,1.25,0.0,1.25,3.786062076647981,0.5885016835016882,1512.627043635799,-0.030204302153037453
Uncontrolled,Cell 1,2140.0,1.25,0.0,1.25,3.802992580363605,0.6097222222222229,1523.5745995964753,-0.03030207233374106
Uncontrolled,Cell 2,2140.0,1.25,0.0,1.25,3.767492038917947,0.5658390022675741,1523.570369415589,-0.030134839745523074
Uncontrolled,Cell 3,2140.0,1.25,0.0,1.25,3.729530432104241,0.5175768321512999,1523.5704655319932,-0.030100806460958675
Uncontrolled,Cell 4,2140.0,1.25,0.0,1.25,3.7853537500567196,0.5878002244668958,1523.5702640026611,-0.0302014865137446
Uncontrolled,Cell 1,2150.0,1.25,0.0,1.25,3.8022825944339074,0.6090277777777785,1534.2051175835768,-0.030298123888760298
Uncontrolled,Cell 2,2150.0,1.25,0.0,1.25,3.76675551487664,0.5651303854875288,1534.1987331007585,-0.030133205124285925
Uncontrolled,Cell 3,2150.0,1.25,0.0,1.25,3.728747427544636,0.5168380614657208,1534.2007629397267,-0.03010141224704354
Uncontrolled,Cell 4,2150.0,1.25,0.0,1.25,3.7846491759134846,0.5870987654321035,1534.197919486498,-0.03019871018461885
Uncontrolled,Cell 1,2160.0,1.25,0.0,1.25,3.801577794848364,0.6083333333333341,1544.5289712290578,-0.030294216568999843
Uncontrolled,Cell 2,2160.0,1.25,0.0,1.25,3.7660221089591905,0.5644217687074835,1544.5284138803981,-0.03013160804018151
Uncontrolled,Cell 3,2160.0,1.25,0.0,1.25,3.72796966219044,0.5160992907801416,1544.5302007687278,-0.03010205397887488
Uncontrolled,Cell 4,2160.0,1.25,0.0,1.25,3.7839479184082183,0.5863973063973111,1544.5276099102302,-0.03019597272587783
Uncontrolled,Cell 1,2170.0,1.25,0.0,1.25,3.8008777459367584,0.6076388888888896,1554.562411818224,-0.03029034977871966
Uncontrolled,Cell 2,2170.0,1.25,0.0,1.25,3.765291746700873,0.5637131519274382,1554.563024404124,-0.03013004853733063
Uncontrolled,Cell 3,2170.0,1.25,0.0,1.25,3.7271970305335493,0.5153605200945625,1554.5634966264115,-0.03010273164354952
Uncontrolled,Cell 4,2170.0,1.25,0.0,1.25,3.783249874954328,0.5856958473625188,1554.5626849807086,-0.03019327422797305
Uncontrolled,Cell 1,2180.0,1.25,0.0,1.25,3.800182283712278,0.6069444444444452,1564.3096136056338,-0.030286523605215294
Uncontrolled,Cell 2,2180.0,1.25,0.0,1.25,3.7645643052262474,0.5630045351473929,1564.3084589109021,-0.030128526608194713
Uncontrolled,Cell 3,2180.0,1.25,0.0,1.25,3.726429343510307,0.5146217494089833,1564.3088113550912,-0.030103445281782916
Uncontrolled,Cell 4,2180.0,1.25,0.0,1.25,3.7825548868852694,0.5849943883277264,1564.3092619664603,-0.030190614670209944
Uncontrolled,Cell 1,2190.0,1.25,0.0,1.25,3.79949119278504,0.6062500000000007,1573.7774340890937,-0.03028273797291371
Uncontrolled,Cell 2,2190.0,1.25,0.0,1.25,3.7638394254214624,0.5622959183673476,1573.7802158822014,-0.030127042074533518
Uncontrolled,Cell 3,2190.0,1.25,0.0,1.25,3.725666241961321,0.5138829787234042,1573.7809735473784,-0.030104195057267275
Uncontrolled,Cell 4,2190.0,1.25,0.0,1.25,3.781862648337951,0.5842929292929341,1573.779909350691,-0.03018799379916109
Uncontrolled,Cell 1,2200.0,1.25,0.0,1.25,3.798804130536645,0.6055555555555563,1582.9784050058988,-0.030278992496280025
Uncontrolled,Cell 2,2200.0,1.25,0.0,1.25,3.7631170126350915,0.5615873015873023,1582.9834948191274,-0.030125594946060767
Uncontrolled,Cell 3,2200.0,1.25,0.0,1.25,3.7249076751912438,0.513144208037825,1582.9834104076144,-0.030104980941897654
Uncontrolled,Cell 4,2200.0,1.25,0.0,1.25,3.7811729462876453,0.5835914702581417,1582.9835166941484,-0.030185411496361607
Uncontrolled,Cell 1,2210.0,1.25,0.0,1.25,3.798120914823026,0.6048611111111118,1591.9184718189172,-0.03027528714283772
Uncontrolled,Cell 2,2210.0,1.25,0.0,1.25,3.762396963077964,0.560878684807257,1591.9241129834336,-0.03012418521543544
Uncontrolled,Cell 3,2210.0,1.25,0.0,1.25,3.724153519864983,0.5124054373522459,1591.9225393644374,-0.030105802957174257
Uncontrolled,Cell 4,2210.0,1.25,0.0,1.25,3.7804856748795013,0.5828900112233494,1591.9247434997706,-0.030182867785722975
Uncontrolled,Cell 1,2220.0,1.25,0.0,1.25,3.7974413437882815,0.6041666666666674,1600.6046879100031,-0.030271621812803687
Uncontrolled,Cell 2,2220.0,1.25,0.0,1.25,3.7616791121624527,0.5601700680272117,1600.610307838564,-0.030122812834688564
Uncontrolled,Cell 3,2220.0,1.25,0.0,1.25,3.723403515938153,0.5116666666666667,1600.6096767155323,-0.0301066612275364
Uncontrolled,Cell 4,2220.0,1.25,0.0,1.25,3.7798006735211653,0.582188552188557,1600.6107128907133,-0.03018036260022097
Uncontrolled,Cell 1,2230.0,1.25,0.0,1.25,3.79676518734819,0.603472222222223,1609.045158789766,-0.030267996353208225
Uncontrolled,Cell 2,2230.0,1.25,0.0,1.25,3.7609632600184106,0.5594614512471664,1609.051731053023,-0.030121477737566973
Uncontrolled,Cell 3,2230.0,1.25,0.0,1.25,3.7226575623085574,0.5109278959810876,1609.0508183929342,-0.03010755577606703
Uncontrolled,Cell 4,2230.0,1.25,0.0,1.25,3.7791176880700146,0.5814870931537647,1609.0522695378677,-0.03017789575134889
Uncontrolled,Cell 1,2240.0,1.25,0.0,1.25,3.7960922461930062,0.6027777777777785,1617.247094299637,-0.030264410650231263
Uncontrolled,Cell 2,2240.0,1.25,0.0,1.25,3.760249331267381,0.5587528344671211,1617.2537339944865,-0.030120179920098626
Uncontrolled,Cell 3,2240.0,1.25,0.0,1.25,3.7219155473376246,0.5101891252955084,1617.252499183298,-0.03010848663797946
Uncontrolled,Cell 4,2240.0,1.25,0.0,1.25,3.77843662313832,0.5807856341189723,1617.2544173157403,-0.030175467238549032
Uncontrolled,Cell 1,2250.0,1.25,0.0,1.25,3.7954223453128533,0.6020833333333341,1625.2170262664222,-0.030260864617027563
Uncontrolled,Cell 2,2250.0,1.25,0.0,1.25,3.759537219444319,0.5580442176870758,1625.2229392438348,-0.03011891935734866
Uncontrolled,Cell 3,2250.0,1.25,0.0,1.25,3.721177338735625,0.5094503546099293,1625.221816966543,-0.030109453866797094
Uncontrolled,Cell 4,2250.0,1.25,0.0,1.25,3.777757346059161,0.58008417508418,1625.223770834742,-0.030173077004116824
Uncontrolled,Cell 1,2260.0,1.25,0.0,1.25,3.7947552952929122,0.6013888888888896,1632.9616605682604,-0.030257358164298226
Uncontrolled,Cell 2,2260.0,1.25,0.0,1.25,3.7588267754875866,0.5573356009070305,1632.9668886424006,-0.03011769602207512
Uncontrolled,Cell 3,2260.0,1.25,0.0,1.25,3.7204428058403094,0.5087115839243501,1632.965828907647,-0.030110457520454242
Uncontrolled,Cell 4,2260.0,1.25,0.0,1.25,3.7770796972682392,0.5793827160493876,1632.9675613774016,-0.030170724977132784
Uncontrolled,Cell 1,2270.0,1.25,0.0,1.25,3.7940909158981233,0.6006944444444452,1640.4874471755793,-0.0302538912114668
Uncontrolled,Cell 2,2270.0,1.25,0.0,1.25,3.75811792037964,0.5566269841269852,1640.491578516794,-0.030116509894993003
Uncontrolled,Cell 3,2270.0,1.25,0.0,1.25,3.7197118612084576,0.507972813238771,1640.4906449622722,-0.0301114976338442
Uncontrolled,Cell 4,2270.0,1.25,0.0,1.25,3.7764035529696818,0.5786812570145953,1640.4921975688121,-0.030168411103748856
Uncontrolled,Cell 1,2280.0,1.25,0.0,1.25,3.7934290623638196,0.6000000000000008,1647.8002915623074,-0.030250463685159528
Uncontrolled,Cell 2,2280.0,1.25,0.0,1.25,3.757410565910856,0.5559183673469399,1647.8032000654712,-0.03011536095638745
Uncontrolled,Cell 3,2280.0,1.25,0.0,1.25,3.7189844100379217,0.5072340425531918,1647.8024398237249,-0.030112574249212404
Uncontrolled,Cell 4,2280.0,1.25,0.0,1.25,3.7757288046665267,0.5779797979798029,1647.803741996504,-0.030166135335978714
Uncontrolled,Cell 1,2290.0,1.25,0.0,1.25,3.792769592356584,0.5993055555555563,1654.9059225172932,-0.030247075519496736
Uncontrolled,Cell 2,2290.0,1.25,0.0,1.25,3.7567046107391953,0.5552097505668946,1654.9077636059155,-0.030114249198437637
Uncontrolled,Cell 3,2290.0,1.25,0.0,1.25,3.7182603315062397,0.5064952718676127,1654.9072728840038,-0.030113687420588276
Uncontrolled,Cell 4,2290.0,1.25,0.0,1.25,3.7750553366879482,0.5772783389450106,1654.9081909657798,-0.030163897632218745
Uncontrolled,Cell 1,2300.0,1.25,0.0,1.25,3.7921123760404196,0.5986111111111119,1661.8097817728121,-0.03024372665528805
Uncontrolled,Cell 2,2300.0,1.25,0.0,1.25,3.75599996900778,0.5545011337868493,1661.8110390287839,-0.03011317461165519
Uncontrolled,Cell 3,2300.0,1.25,0.0,1.25,3.7175395655939685,0.5057565011820335,1661.8107939280453,-0.030114837177795256
Uncontrolled,Cell 4,2300.0,1.25,0.0,1.25,3.7743830249977965,0.5765768799102182,1661.8113436880303,-0.030161697963759088
Uncontrolled,Cell 1,2310.0,1.25,0.0,1.25,3.791457231911936,0.5979166666666674,1668.5181788928348,-0.030240417013228302
Uncontrolled,Cell 2,2310.0,1.25,0.0,1.25,3.755296584415789,0.553792517006804,1668.5185270490438,-0.03011213717819777
Uncontrolled,Cell 3,2310.0,1.25,0.0,1.25,3.716822045623743,0.5050177304964544,1668.5184716817603,-0.03011602355363509
Uncontrolled,Cell 4,2310.0,1.25,0.0,1.25,3.7737117903754918,0.5758754208754259,1668.5187232443968,-0.030159536285201415
Uncontrolled,Cell 1,2320.0,1.25,0.0,1.25,3.7908040210746385,0.597222222222223,1675.0365896459589,-0.030237146534248974
Uncontrolled,Cell 2,2320.0,1.25,0.0,1.25,3.7545944012352264,0.5530839002267587,1675.0355196564306,-0.030111136884811346
Uncontrolled,Cell 3,2320.0,1.25,0.0,1.25,3.716107715470086,0.5042789598108752,1675.035535478004,-0.03011724657642647
Uncontrolled,Cell 4,2320.0,1.25,0.0,1.25,3.77304155047482,0.5751739618406335,1675.03564833798,-0.03015741256065773
Uncontrolled,Cell 1,2330.0,1.25,0.0,1.25,3.790152652464949,0.5965277777777785,1681.3695719099705,-0.030233915179254993
Uncontrolled,Cell 2,2330.0,1.25,0.0,1.25,3.753893374086739,0.5523752834467134,1681.3670799842184,-0.030110173718008077
Uncontrolled,Cell 3,2330.0,1.25,0.0,1.25,3.715396529536788,0.5035401891252961,1681.366975256613,-0.03011850626958916
Uncontrolled,Cell 4,2330.0,1.25,0.0,1.25,3.7723722330805916,0.5744725028058412,1681.3672136378882,-0.03015532675609686
Uncontrolled,Cell 1,2340.0,1.25,0.0,1.25,3.7895030209582647,0.5958333333333341,1687.5218793190215,-0.030230722903369173
Uncontrolled,Cell 2,2340.0,1.25,0.0,1.25,3.753193425630559,0.5516666666666681,1687.5185886240251,-0.030109247672932368
Uncontrolled,Cell 3,2340.0,1.25,0.0,1.25,3.714688324271406,0.5028014184397169,1687.5192713543947,-0.03011980272818906
Uncontrolled,Cell 4,2340.0,1.25,0.0,1.25,3.771703765290666,0.5737710437710488,1687.5184347577379,-0.03015327883950165
Uncontrolled,Cell 1,2350.0,1.25,0.0,1.25,3.788855031744918,0.5951388888888897,1693.4980240441218,-0.03022756966567783
Uncontrolled,Cell 2,2350.0,1.25,0.0,1.25,3.7524944574422356,0.5509580498866228,1693.4956003309635,-0.03010835875188639
Uncontrolled,Cell 3,2350.0,1.25,0.0,1.25,3.7139831122329063,0.5020626477541378,1693.4964405632927,-0.030121135945088924
Uncontrolled,Cell 4,2350.0,1.25,0.0,1.25,3.771035994168649,0.5730695847362565,1693.49529806184,-0.03015126878520262
Uncontrolled,Cell 1,2360.0,1.25,0.0,1.25,3.7882085329936617,0.5944444444444452,1699.3036847020376,-0.030224455391245606
Uncontrolled,Cell 2,2360.0,1.25,0.0,1.25,3.751796475339468,0.5502494331065775,1699.3022327467297,-0.03010750693606704
Uncontrolled,Cell 3,2360.0,1.25,0.0,1.25,3.7132808557808215,0.5013238770685586,1699.303076381897,-0.030122505943136896
Uncontrolled,Cell 4,2360.0,1.25,0.0,1.25,3.7703689081394245,0.5723681257014641,1699.301823778791,-0.03014929656295308
Uncontrolled,Cell 1,2370.0,1.25,0.0,1.25,3.7875634208521562,0.5937500000000008,1704.9435040224198,-0.030221380032233035
Uncontrolled,Cell 2,2370.0,1.25,0.0,1.25,3.7510994506200674,0.5495408163265322,1704.9429563727244,-0.030106692215136396
Uncontrolled,Cell 3,2370.0,1.25,0.0,1.25,3.7125815237825,0.5005851063829795,1704.9435871471505,-0.03012391274180712
Uncontrolled,Cell 4,2370.0,1.25,0.0,1.25,3.7697024531748458,0.5716666666666718,1704.942510350873,-0.030147362145694523
Uncontrolled,Cell 1,2380.0,1.25,0.0,1.25,3.7869196122195024,0.5930555555555563,1710.421666364593,-0.030218343550432063
Uncontrolled,Cell 2,2380.0,1.25,0.0,1.25,3.7504033627791875,0.5488321995464869,1710.4220440779754,-0.030105914577895826
Uncontrolled,Cell 3,2380.0,1.25,0.0,1.25,3.7118850930373104,0.4998463356974003,1710.422176400898,-0.030125356356017353
Uncontrolled,Cell 4,2380.0,1.25,0.0,1.25,3.76903658333701,0.5709652076318794,1710.4216629278126,-0.030145465507191535
Uncontrolled,Cell 1,2390.0,1.25,0.0,1.25,3.786277014775158,0.5923611111111119,1715.7425234826624,-0.03021534590060525
Uncontrolled,Cell 2,2390.0,1.25,0.0,1.25,3.749708197767581,0.5481235827664416,1715.7436015007188,-0.030105174012307796
Uncontrolled,Cell 3,2390.0,1.25,0.0,1.25,3.7111915160157736,0.4991075650118211,1715.7434027188356,-0.03012683681913122
Uncontrolled,Cell 4,2390.0,1.25,0.0,1.25,3.7683712608517115,0.5702637485970871,1715.743393366818,-0.030143606621751005
Uncontrolled,Cell 1,2400.0,1.25,0.0,1.25,3.7856359413919978,0.5916666666666675,1720.8656430396877,-0.030212386920085734
Uncontrolled,Cell 2,2400.0,1.25,0.0,1.25,3.7490144020300424,0.5474149659863963,1720.8662217339006,-0.03010447034478558
Uncontrolled,Cell 3,2400.0,1.25,0.0,1.25,3.7105012209289656,0.49836879432624187,1720.865731685888,-0.030128353920736387
Uncontrolled,Cell 4,2400.0,1.25,0.0,1.25,3.7677068970393237,0.5695622895622947,1720.8662219214857,-0.03014178533784662
Uncontrolled,Cell 1,2410.0,1.25,0.0,1.25,3.7849955931206547,0.590972222222223,1725.8679936637018,-0.030209466701211583
Uncontrolled,Cell 2,2410.0,1.25,0.0,1.25,3.748321097793223,0.546706349206351,1725.868210669818,-0.030103803845666622
Uncontrolled,Cell 3,2410.0,1.25,0.0,1.25,3.709813343586807,0.49763002364066267,1725.8675233443719,-0.03012990812910027
Uncontrolled,Cell 4,2410.0,1.25,0.0,1.25,3.767042632437698,0.5688608305275024,1725.86835993766,-0.030140001821216036
Uncontrolled,Cell 1,2420.0,1.25,0.0,1.25,3.7843560617542478,0.5902777777777786,1730.7355015320572,-0.030206585172823774
Uncontrolled,Cell 2,2420.0,1.25,0.0,1.25,3.7476284629941965,0.5459977324263057,1730.735341827727,-0.030103174442304363
Uncontrolled,Cell 3,2420.0,1.25,0.0,1.25,3.7091280553549084,0.49689125295508346,1730.73440715365,-0.03013149936702321
Uncontrolled,Cell 4,2420.0,1.25,0.0,1.25,3.7663786117950044,0.56815937149271,1730.7356554838625,-0.030138256000511163
Uncontrolled,Cell 1,2430.0,1.25,0.0,1.25,3.7837172667502226,0.5895833333333341,1735.4724056391933,-0.030203742292599107
Uncontrolled,Cell 2,2430.0,1.25,0.0,1.25,3.746936473883629,0.5452891156462604,1735.4721222005937,-0.030102582129836998
Uncontrolled,Cell 3,2430.0,1.25,0.0,1.25,3.708445322244539,0.49615248226950426,1735.4711554308087,-0.03013312766694098
Uncontrolled,Cell 4,2430.0,1.25,0.0,1.25,3.7657147914895686,0.5674579124579177,1735.4724813783287,-0.030136547852384767
Uncontrolled,Cell 1,2440.0,1.25,0.0,1.25,3.7830791929686565,0.5888888888888897,1740.0761090537599,-0.030200938008116948
Uncontrolled,Cell 2,2440.0,1.25,0.0,1.25,3.7462451862876445,0.5445804988662151,1740.0755876750118,-0.030102026877153933
Uncontrolled,Cell 3,2440.0,1.25,0.0,1.25,3.7077651945118295,0.49541371158392505,1740.0744503687747,-0.030134793015801693
Uncontrolled,Cell 4,2440.0,1.25,0.0,1.25,3.76505120082321,0.5667564534231253,1740.0760545205885,-0.030134877335679596
Uncontrolled,Cell 1,2450.0,1.25,0.0,1.25,3.7824417146791496,0.5881944444444452,1744.5539301822573,-0.0301981722874893
Uncontrolled,Cell 2,2450.0,1.25,0.0,1.25,3.7455545192755952,0.5438718820861698,1744.553468192371,-0.0301015087010886
Uncontrolled,Cell 3,2450.0,1.25,0.0,1.25,3.7070875771286875,0.49467494089834585,1744.5524487728544,-0.030136495480773757
Uncontrolled,Cell 4,2450.0,1.25,0.0,1.25,3.7643877445817706,0.566054994388333,1744.5538954602598,-0.030133244442937968
Uncontrolled,Cell 1,2460.0,1.25,0.0,1.25,3.781804848242966,0.5875000000000008,1748.9026859493242,-0.030195445074653198
Uncontrolled,Cell 2,2460.0,1.25,0.0,1.25,3.744864558969215,0.5431632653061245,1748.9024341322292,-0.030101027561521995
Uncontrolled,Cell 3,2460.0,1.25,0.0,1.25,3.706412546427896,0.49393617021276665,1748.9016636200686,-0.030138235035207767
Uncontrolled,Cell 4,2460.0,1.25,0.0,1.25,3.7637244831907086,0.5653535353535406,1748.9027503191246,-0.030131649126521567
Uncontrolled,Cell 1,2470.0,1.25,0.0,1.25,3.7811685174220035,0.5868055555555564,1753.1265797552114,-0.030192756331134774
Uncontrolled,Cell 2,2470.0,1.25,0.0,1.25,3.7441753038325287,0.5424546485260792,1753.1251318745162,-0.030100583449356944
Uncontrolled,Cell 3,2470.0,1.25,0.0,1.25,3.7057401092283055,0.49319739952718744,1753.1232016103677,-0.03014001169062555
Uncontrolled,Cell 4,2470.0,1.25,0.0,1.25,3.7630613856335513,0.5646520763187483,1753.1260430071998,-0.03013009136393427
Uncontrolled,Cell 1,2480.0,1.25,0.0,1.25,3.7805324162793497,0.5861111111111119,1757.2494312391173,-0.030190106063622286
Uncontrolled,Cell 2,2480.0,1.25,0.0,1.25,3.743486437120917,0.5417460317460339,1757.2481093299211,-0.030100176469250634
Uncontrolled,Cell 3,2480.0,1.25,0.0,1.25,3.7050699119299435,0.49245862884160824,1757.2463307953585,-0.03014182566442169
Uncontrolled,Cell 4,2480.0,1.25,0.0,1.25,3.7623981470613588,0.5639506172839559,1757.2489525494675,-0.030128571209349746
Uncontrolled,Cell 1,2490.0,1.25,0.0,1.25,3.779896730129771,0.5854166666666675,1761.2532909303336,-0.030187494188104583
Uncontrolled,Cell 2,2490.0,1.25,0.0,1.25,3.74279824330843,0.5410374149659886,1761.2522877539232,-0.030099806513628116
Uncontrolled,Cell 3,2490.0,1.25,0.0,1.25,3.7044022336819293,0.49171985815602903,1761.2508434235424,-0.030143676817077518
Uncontrolled,Cell 4,2490.0,1.25,0.0,1.25,3.761735012967107,0.5632491582491636,1761.252968258581,-0.030127088568099675
Uncontrolled,Cell 1,2500.0,1.25,0.0,1.25,3.7792614358612253,0.584722222222223,1765.138158828864,-0.030184920659673285
Uncontrolled,Cell 2,2500.0,1.25,0.0,1.25,3.742110755915259,0.5403287981859433,1765.137667146566,-0.030099473563702184
Uncontrolled,Cell 3,2500.0,1.25,0.0,1.25,3.7037370936486567,0.49098108747044983,1765.1367394949848,-0.030145565154865342
Uncontrolled,Cell 4,2500.0,1.25,0.0,1.25,3.7610719973088904,0.5625476992143712,1765.1380901345765,-0.0301256434086554
Uncontrolled,Cell 1,2510.0,1.25,0.0,1.25,3.7786265119070848,0.5840277777777786,1768.9040349347124,-0.030182385433904984
Uncontrolled,Cell 2,2510.0,1.25,0.0,1.25,3.7414240086080977,0.539620181405898,1768.9042475078568,-0.030099177601123683
Uncontrolled,Cell 3,2510.0,1.25,0.0,1.25,3.7030745101275873,0.4902423167848706,1768.9040190096348,-0.030147490684498575
Uncontrolled,Cell 4,2510.0,1.25,0.0,1.25,3.7604091149009333,0.5618462401795788,1768.9043181774905,-0.03012423569994315
Uncontrolled,Cell 1,2520.0,1.25,0.0,1.25,3.7779919066366414,0.5833333333333341,1772.5537193925848,-0.03017988847326519
Uncontrolled,Cell 2,2520.0,1.25,0.0,1.25,3.740738032211195,0.5389115646258527,1772.552264782833,-0.03009891860907738
Uncontrolled,Cell 3,2520.0,1.25,0.0,1.25,3.702414500551221,0.4895035460992914,1772.5526819674924,-0.030149453413132236
Uncontrolled,Cell 4,2520.0,1.25,0.0,1.25,3.7597463630886163,0.5611447811447865,1772.5531692516342,-0.030122865416591454
Uncontrolled,Cell 1,2530.0,1.25,0.0,1.25,3.7773571839176214,0.5826388888888897,1776.1241128777838,-0.03017742982058429
Uncontrolled,Cell 2,2530.0,1.25,0.0,1.25,3.740052343067282,0.5382029478458074,1776.1229152477208,-0.03009869676327992
Uncontrolled,Cell 3,2530.0,1.25,0.0,1.25,3.7017566193506997,0.4887647754137122,1776.1213045788245,-0.030151453623761194
Uncontrolled,Cell 4,2530.0,1.25,0.0,1.25,3.7590832862479084,0.5604433221099941,1776.123691040866,-0.03012153266535936
Uncontrolled,Cell 1,2540.0,1.25,0.0,1.25,3.776722618747243,0.5819444444444453,1779.589138927804,-0.03017500937600534
Uncontrolled,Cell 2,2540.0,1.25,0.0,1.25,3.7393673233763494,0.537494331065762,1779.588411588251,-0.03009851192050875
Uncontrolled,Cell 3,2540.0,1.25,0.0,1.25,3.701101155884778,0.488026004728133,1779.5872599111826,-0.030153491167052446
Uncontrolled,Cell 4,2540.0,1.25,0.0,1.25,3.758420224852027,0.5597418630752018,1779.588952041333,-0.030120237326189174
Uncontrolled,Cell 1,2550.0,1.25,0.0,1.25,3.7760881942514577,0.5812500000000008,1782.9487975426455,-0.030172627098713732
Uncontrolled,Cell 2,2550.0,1.25,0.0,1.25,3.7386830068860464,0.5367857142857168,1782.9487538044777,-0.03009836406589624
Uncontrolled,Cell 3,2550.0,1.25,0.0,1.25,3.7004481535561604,0.4872872340425538,1782.9482707302377,-0.03015556603716182
Uncontrolled,Cell 4,2550.0,1.25,0.0,1.25,3.757757195961493,0.5590404040404094,1782.9489522530785,-0.030118979371520777
Uncontrolled,Cell 1,2560.0,1.25,0.0,1.25,3.7754538949772205,0.5805555555555564,1786.2030887222973,-0.0301702829483687
Uncontrolled,Cell 2,2560.0,1.25,0.0,1.25,3.7379994274144672,0.5360770975056715,1786.2039418963905,-0.03009825318500734
Uncontrolled,Cell 3,2560.0,1.25,0.0,1.25,3.6997976276042257,0.4865484633569746,1786.2043370359388,-0.03015767824484147
Uncontrolled,Cell 4,2560.0,1.25,0.0,1.25,3.7570942173927206,0.5583389450056171,1786.2036916760517,-0.030117758774240732
Uncontrolled,Cell 1,2570.0,1.25,0.0,1.25,3.7748197068483305,0.5798611111111119,1789.3520140870241,-0.030167976885105936
Uncontrolled,Cell 2,2570.0,1.25,0.0,1.25,3.737316618825107,0.5353684807256262,1789.353975863989,-0.03009817926383923
Uncontrolled,Cell 3,2570.0,1.25,0.0,1.25,3.699149592451512,0.4858096926713954,1789.355458828286,-0.03015982780128507
Uncontrolled,Cell 4,2570.0,1.25,0.0,1.25,3.7564313076917224,0.5576374859708247,1789.3531703102744,-0.030116575507681622
Uncontrolled,Cell 1,2580.0,1.25,0.0,1.25,3.7741851671763156,0.5791666666666675,1792.4367342157275,-0.03016570896903275
Uncontrolled,Cell 2,2580.0,1.25,0.0,1.25,3.7366341683936044,0.5346598639455808,1792.436009466881,-0.030098142462543213
Uncontrolled,Cell 3,2580.0,1.25,0.0,1.25,3.6985036864381673,0.4850709219858162,1792.4348645380524,-0.03016201495163012
Uncontrolled,Cell 4,2580.0,1.25,0.0,1.25,3.755768030240457,0.5569360269360324,1792.4365468892283,-0.030115429684179813
Uncontrolled,Cell 1,2590.0,1.25,0.0,1.25,3.7735505638756366,0.578472222222223,1795.429628265636,-0.030163479098218253
Uncontrolled,Cell 2,2590.0,1.25,0.0,1.25,3.73595235771461,0.5339512471655355,1795.429397881715,-0.030098142675126997
Uncontrolled,Cell 3,2590.0,1.25,0.0,1.25,3.6978600809522133,0.484332151300237,1795.428727260667,-0.03016423961445133
Uncontrolled,Cell 4,2590.0,1.25,0.0,1.25,3.7551046839967483,0.55623456790124,1795.4296880688162,-0.030114321196278025
Uncontrolled,Cell 1,2600.0,1.25,0.0,1.25,3.772915885790815,0.5777777777777786,1798.3306962367133,-0.030161287235794327
Uncontrolled,Cell 2,2600.0,1.25,0.0,1.25,3.735271256074226,0.5332426303854902,1798.3311840152091,-0.030098179876816962
Uncontrolled,Cell 3,2600.0,1.25,0.0,1.25,3.6972188552728937,0.4835933806146578,1798.3312107063248,-0.030166501763238554
Uncontrolled,Cell 4,2600.0,1.25,0.0,1.25,3.7544413059708184,0.5555331088664477,1798.3311143796782,-0.03011325001507688
Uncontrolled,Cell 1,2610.0,1.25,0.0,1.25,3.7722811230700306,0.5770833333333342,1801.1399381290248,-0.03015913334535719
Uncontrolled,Cell 2,2610.0,1.25,0.0,1.25,3.734590897230766,0.532534013605445,1801.1413678673707,-0.03009825405697491
Uncontrolled,Cell 3,2610.0,1.25,0.0,1.25,3.6965800218298166,0.4828546099290786,1801.1423148750182,-0.030168801412687588
Uncontrolled,Cell 4,2610.0,1.25,0.0,1.25,3.7537779166454426,0.5548316498316553,1801.1408258218544,-0.030112216117293075
Uncontrolled,Cell 1,2620.0,1.25,0.0,1.25,3.771646267139833,0.5763888888888897,1803.8573539424906,-0.030157017390966327
Uncontrolled,Cell 2,2620.0,1.25,0.0,1.25,3.733911314920811,0.5318253968253996,1803.859949438207,-0.030098365205390946
Uncontrolled,Cell 3,2620.0,1.25,0.0,1.25,3.695943592283335,0.4821158392434994,1803.8620397667619,-0.030171138577937143
Uncontrolled,Cell 4,2620.0,1.25,0.0,1.25,3.7531145371433134,0.554130190796863,1803.858822395261,-0.03011121948008279
Uncontrolled,Cell 1,2630.0,1.25,0.0,1.25,3.771010975756601,0.5756944444444453,1806.5145948936733,-0.030154939416173258
Uncontrolled,Cell 2,2630.0,1.25,0.0,1.25,3.733232223342058,0.5311167800453543,1806.514695385289,-0.03009851344173876
Uncontrolled,Cell 3,2630.0,1.25,0.0,1.25,3.695309321901178,0.4813770685579202,1806.514375810817,-0.030173513440627242
Uncontrolled,Cell 4,2630.0,1.25,0.0,1.25,3.752450855863118,0.5534287317620706,1806.5148123191357,-0.03011026018712389
Uncontrolled,Cell 1,2640.0,1.25,0.0,1.25,3.770375400145117,0.5750000000000008,1809.0965964935567,-0.030152899351335746
Uncontrolled,Cell 2,2640.0,1.25,0.0,1.25,3.7325537544298215,0.530408163265309,1809.0970512897984,-0.030098698719670223
Uncontrolled,Cell 3,2640.0,1.25,0.0,1.25,3.6946772465939466,0.48063829787234097,1809.097091387739,-0.03017592600417947
Uncontrolled,Cell 4,2640.0,1.25,0.0,1.25,3.7517870262675785,0.5527272727272783,1809.0969887435203,-0.030109338177221823
Uncontrolled,Cell 1,2650.0,1.25,0.0,1.25,3.7697395439988957,0.5743055555555564,1811.6024317906777,-0.030150897161370167
Uncontrolled,Cell 2,2650.0,1.25,0.0,1.25,3.7318759837845383,0.5296995464852637,1811.60336174861,-0.030098921015158996
Uncontrolled,Cell 3,2650.0,1.25,0.0,1.25,3.69404744440181,0.47989952718676177,1811.6038878995969,-0.030178376243613223
Uncontrolled,Cell 4,2650.0,1.25,0.0,1.25,3.751123096196553,0.5520258136924859,1811.6030583071552,-0.030108453422517365
Uncontrolled,Cell 1,2660.0,1.25,0.0,1.25,3.7691033888950902,0.573611111111112,1814.0333700692063,-0.030148932817240393
Uncontrolled,Cell 2,2660.0,1.25,0.0,1.25,3.7311989303979014,0.5289909297052184,1814.0348868710862,-0.030099180327526717
Uncontrolled,Cell 3,2660.0,1.25,0.0,1.25,3.69341991213284,0.47916075650118256,1814.0360157366013,-0.03018086418654188
Uncontrolled,Cell 4,2660.0,1.25,0.0,1.25,3.7504590741303585,0.5513243546576936,1814.0342857626456,-0.030107605908348174
Uncontrolled,Cell 1,2670.0,1.25,0.0,1.25,3.7684669174555037,0.5729166666666675,1816.3906806133818,-0.03014700629055504
Uncontrolled,Cell 2,2670.0,1.25,0.0,1.25,3.730522613187939,0.5282823129251731,1816.3928867666036,-0.030099476656715262
Uncontrolled,Cell 3,2670.0,1.25,0.0,1.25,3.6927946460225654,0.47842198581560336,1816.3947252889557,-0.03018338986122838
Uncontrolled,Cell 4,2670.0,1.25,0.0,1.25,3.749794969032451,0.5506228956229012,1816.3919358625826,-0.03010679562067762
Uncontrolled,Cell 1,2680.0,1.25,0.0,1.25,3.7678301133258216,0.5722222222222231,1818.6756327074581,-0.030145117553566095
Uncontrolled,Cell 2,2680.0,1.25,0.0,1.25,3.72984705098557,0.5275736961451278,1818.6786215445536,-0.03009981000328662
Uncontrolled,Cell 3,2680.0,1.25,0.0,1.25,3.692171641742261,0.47768321513002415,1818.6812669469145,-0.030185953296586007
Uncontrolled,Cell 4,2680.0,1.25,0.0,1.25,3.7491307903322784,0.5499214365881089,1818.6772733595026,-0.03010602254609398
Uncontrolled,Cell 1,2690.0,1.25,0.0,1.25,3.7671929611551294,0.5715277777777786,1820.8894956356053,-0.030143266579167712
Uncontrolled,Cell 2,2690.0,1.25,0.0,1.25,3.7291722625214447,0.5268650793650825,1820.8933513143274,-0.030100180368422467
Uncontrolled,Cell 3,2690.0,1.25,0.0,1.25,3.691550894407323,0.47694444444444495,1820.8968911006814,-0.030188554522179067
Uncontrolled,Cell 4,2690.0,1.25,0.0,1.25,3.748466547908262,0.5492199775533165,1820.8915630060292,-0.030105286671809693
Uncontrolled,Cell 1,2700.0,1.25,0.0,1.25,3.7665554314339635,0.5708333333333342,1823.035254379207,-0.03014145334477269
Uncontrolled,Cell 2,2700.0,1.25,0.0,1.25,3.728498266217702,0.5261564625850372,1823.038356900819,-0.030100587754007847
Uncontrolled,Cell 3,2700.0,1.25,0.0,1.25,3.6909323985857623,0.47620567375886574,1823.0428481404379,-0.03019119356822378
Uncontrolled,Cell 4,2700.0,1.25,0.0,1.25,3.747802243993346,0.5485185185185242,1823.0369386241582,-0.030104587988393702
Uncontrolled,Cell 1,2710.0,1.25,0.0,1.25,3.765917421140622,0.5701388888888897,1825.1242976865142,-0.030139677847894814
Uncontrolled,Cell 2,2710.0,1.25,0.0,1.25,3.7278249585183665,0.5254478458049919,1825.127839886154,-0.030101032215220966
Uncontrolled,Cell 3,2710.0,1.25,0.0,1.25,3.690316056432529,0.47546690307328654,1825.1311534922352,-0.03019387052955
Uncontrolled,Cell 4,2710.0,1.25,0.0,1.25,3.7471377819797507,0.5478170594837318,1825.1261955375812,-0.030103926521004982
Uncontrolled,Cell 1,2720.0,1.25,0.0,1.25,3.7652789799145827,0.5694444444444453,1827.1508103595188,-0.03013794004798765
Uncontrolled,Cell 2,2720.0,1.25,0.0,1.25,3.727152435959735,0.5247392290249466,1827.1547791952908,-0.03010151372231411
Uncontrolled,Cell 3,2720.0,1.25,0.0,1.25,3.6897019005693577,0.47472813238770734,1827.1585550151867,-0.03019658541185888
Uncontrolled,Cell 4,2720.0,1.25,0.0,1.25,3.7464732441718445,0.5471156004489395,1827.1529150888018,-0.030103302235240135
Uncontrolled,Cell 1,2730.0,1.25,0.0,1.25,3.7646400912150066,0.5687500000000009,1829.1165942445878,-0.03013623992218956
Uncontrolled,Cell 2,2730.0,1.25,0.0,1.25,3.7264807118089336,0.5240306122449013,1829.1209657304207,-0.030102032281588684
Uncontrolled,Cell 3,2730.0,1.25,0.0,1.25,3.689089933975194,0.47398936170212813,1829.1251807188673,-0.030199338241212945
Uncontrolled,Cell 4,2730.0,1.25,0.0,1.25,3.7458086369862675,0.5464141414141471,1829.1188937361876,-0.030102715122962212
Uncontrolled,Cell 1,2740.0,1.25,0.0,1.25,3.764000739371821,0.5680555555555564,1831.0234511880044,-0.03013457744833993
Uncontrolled,Cell 2,2740.0,1.25,0.0,1.25,3.7258097991937866,0.523321995464856,1831.028190393663,-0.03010258790003225
Uncontrolled,Cell 3,2740.0,1.25,0.0,1.25,3.6884801450394487,0.4732505910165489,1831.0328099616454,-0.030202129054157565
Uncontrolled,Cell 4,2740.0,1.25,0.0,1.25,3.745143967197685,0.5457126823793548,1831.0259279382044,-0.03010216517672097
Uncontrolled,Cell 1,2750.0,1.25,0.0,1.25,3.7633609095686262,0.567361111111112,1832.8731830361394,-0.03013295260497805
Uncontrolled,Cell 2,2750.0,1.25,0.0,1.25,3.725139711094119,0.5226133786848107,1832.878244087202,-0.030103180585318592
Uncontrolled,Cell 3,2750.0,1.25,0.0,1.25,3.6878725217057733,0.4725118203309697,1832.883222101831,-0.03020495788796567
Uncontrolled,Cell 4,2750.0,1.25,0.0,1.25,3.744479241925555,0.5450112233445624,1832.8758141532744,-0.030101652389752345
Uncontrolled,Cell 1,2760.0,1.25,0.0,1.25,3.7627205878259504,0.5666666666666675,1834.667591635287,-0.03013136537134208
Uncontrolled,Cell 2,2760.0,1.25,0.0,1.25,3.724470460333342,0.5219047619047654,1834.6729177131783,-0.03010381034580762
Uncontrolled,Cell 3,2760.0,1.25,0.0,1.25,3.6872670514813217,0.4717730496453905,1834.6781964978218,-0.03020782478063887
Uncontrolled,Cell 4,2760.0,1.25,0.0,1.25,3.743814468621036,0.5443097643097701,1834.6703488397834,-0.03010117675597791
Uncontrolled,Cell 1,2770.0,1.25,0.0,1.25,3.762079760984887,0.5659722222222231,1836.408478831756,-0.03012981572736798
Uncontrolled,Cell 2,2770.0,1.25,0.0,1.25,3.72380205957032,0.5211961451247201,1836.4140021737767,-0.030104477190545476
Uncontrolled,Cell 3,2770.0,1.25,0.0,1.25,3.6866637214459486,0.4710342789598113,1836.4195125078913,-0.030210729770908565
Uncontrolled,Cell 4,2770.0,1.25,0.0,1.25,3.743149655054156,0.5436083052749777,1836.4113284561827,-0.030100738270004385
Uncontrolled,Cell 1,2780.0,1.25,0.0,1.25,3.76143842567073,0.5652777777777787,1838.0971410053462,-0.030128303651183082
Uncontrolled,Cell 2,2780.0,1.25,0.0,1.25,3.723134525531745,0.5204875283446748,1838.1030596858182,-0.03010518112732591
Uncontrolled,Cell 3,2780.0,1.25,0.0,1.25,3.686062518261344,0.4702955082742321,1838.10894949035,-0.030213672898237117
Uncontrolled,Cell 4,2780.0,1.25,0.0,1.25,3.7424848160727504,0.5429068462401854,1838.1001835428578,-0.030100336924671612
Uncontrolled,Cell 1,2790.0,1.25,0.0,1.25,3.760796581588944,0.5645833333333342,1839.734749935542,-0.03012682912086354
Uncontrolled,Cell 2,2790.0,1.25,0.0,1.25,3.7224678902770982,0.5197789115646295,1839.7408146694725,-0.030105922157417326
Uncontrolled,Cell 3,2790.0,1.25,0.0,1.25,3.685463450669485,0.4695567375886529,1839.7469172437923,-0.030216654186058723
Uncontrolled,Cell 4,2790.0,1.25,0.0,1.25,3.7418199758281068,0.542205387205393,1839.7378594226684,-0.030099972710133555
Uncontrolled,Cell 1,2800.0,1.25,0.0,1.25,3.7601542075757695,0.5638888888888898,1841.3236957180707,-0.03012539212121432
Uncontrolled,Cell 2,2800.0,1.25,0.0,1.25,3.7218021516611897,0.5190702947845842,1841.3298255693808,-0.03010670029828474
Uncontrolled,Cell 3,2800.0,1.25,0.0,1.25,3.684866490727146,0.4688179669030737,1841.3360249802063,-0.03021967368524001
Uncontrolled,Cell 4,2800.0,1.25,0.0,1.25,3.7411551304317823,0.5415039281706007,1841.326831929593,-0.030099645627461136
Uncontrolled,Cell 1,2810.0,1.25,0.0,1.25,3.7595112947210967,0.5631944444444453,1842.8657204232222,-0.03012399263454718
Uncontrolled,Cell 2,2810.0,1.25,0.0,1.25,3.721137322666248,0.5183616780045389,1842.8718246751887,-0.03010751556111329
Uncontrolled,Cell 3,2810.0,1.25,0.0,1.25,3.6842716241955094,0.4680791962174945,1842.8780285080502,-0.030222731437045066
Uncontrolled,Cell 4,2810.0,1.25,0.0,1.25,3.7404902899214845,0.5408024691358083,1842.868838303617,-0.030099355673491146
Uncontrolled,Cell 1,2820.0,1.25,0.0,1.25,3.7588678348650446,0.5625000000000009,1844.3625661214537,-0.030122630643852746
Uncontrolled,Cell 2,2820.0,1.25,0.0,1.25,3.7204734160667616,0.5176530612244936,1844.3685442765782,-0.03010836795776033
Uncontrolled,Cell 3,2820.0,1.25,0.0,1.25,3.6836788369956976,0.4673404255319153,1844.3746499692716,-0.03022582748304902
Uncontrolled,Cell 4,2820.0,1.25,0.0,1.25,3.739825464592747,0.540101010101016,1844.3656157847145,-0.030099102845729146
Uncontrolled,Cell 1,2830.0,1.25,0.0,1.25,3.7582238205831193,0.5618055555555564,1845.815974883153,-0.03012130613279973
Uncontrolled,Cell 2,2830.0,1.25,0.0,1.25,3.7198104444223774,0.5169444444444483,1845.821716663224,-0.030109257500755684
Uncontrolled,Cell 3,2830.0,1.25,0.0,1.25,3.683088114662965,0.4666016548463361,1845.8276115058543,-0.030228961865549145
Uncontrolled,Cell 4,2830.0,1.25,0.0,1.25,3.739160664986695,0.5393995510662236,1845.8189016128817,-0.030098887142349203
Uncontrolled,Cell 1,2840.0,1.25,0.0,1.25,3.7575792451717644,0.561111111111112,1847.2276887786502,-0.030120019085734206
Uncontrolled,Cell 2,2840.0,1.25,0.0,1.25,3.719148420071086,0.516235827664403,1847.2330741246988,-0.030110184203301967
Uncontrolled,Cell 3,2840.0,1.25,0.0,1.25,3.6824994423553306,0.4658628841607569,1847.238635259775,-0.03023213462756626
Uncontrolled,Cell 4,2840.0,1.25,0.0,1.25,3.738495901878064,0.5386980920314313,1847.2304330280676,-0.030098708562193655
Uncontrolled,Cell 1,2850.0,1.25,0.0,1.25,3.7569341026341507,0.5604166666666676,1848.5994498783875,-0.03011876948767888
Uncontrolled,Cell 2,2850.0,1.25,0.0,1.25,3.718487355122657,0.5155272108843577,1848.6043489507283,-0.030111148079274834
Uncontrolled,Cell 3,2850.0,1.25,0.0,1.25,3.681912804862192,0.4651241134751777,1848.609443372974,-0.03023534581284616
Uncontrolled,Cell 4,2850.0,1.25,0.0,1.25,3.7378311862632767,0.5379966329966389,1848.6019472702828,-0.030098567104772853
Uncontrolled,Cell 1,2860.0,1.25,0.0,1.25,3.7562884861327843,0.5597222222222231,1849.9244503499685,-0.030117557294635937
Uncontrolled,Cell 2,2860.0,1.25,0.0,1.25,3.717827316988493,0.5148185941043124,1849.93256790522,-0.030112149116158372
Uncontrolled,Cell 3,2860.0,1.25,0.0,1.25,3.6813281987026847,0.4643853427895985,1849.9405857350284,-0.030238595456303564
Uncontrolled,Cell 4,2860.0,1.25,0.0,1.25,3.7371666078634234,0.5372951739618466,1849.9285857542054,-0.030098462739921155
Uncontrolled,Cell 1,2870.0,1.25,0.0,1.25,3.755642388514569,0.5590277777777787,1851.2046962520762,-0.030116382492920115
Uncontrolled,Cell 2,2870.0,1.25,0.0,1.25,3.7171683873874475,0.5141099773242671,1851.213503510684,-0.030113187294092403
Uncontrolled,Cell 3,2870.0,1.25,0.0,1.25,3.6807457267275994,0.46364657210401927,1851.2222185976352,-0.030241883508198255
Uncontrolled,Cell 4,2870.0,1.25,0.0,1.25,3.736502212881133,0.5365937149270542,1851.2091724687634,-0.030098395454193863
Uncontrolled,Cell 1,2880.0,1.25,0.0,1.25,3.7549957577988025,0.5583333333333342,1852.44612658619,-0.03011524508352421
Uncontrolled,Cell 2,2880.0,1.25,0.0,1.25,3.7165104981227954,0.5134013605442218,1852.455609326491,-0.030114262666889786
Uncontrolled,Cell 3,2880.0,1.25,0.0,1.25,3.680165279717473,0.46290780141844007,1852.465010125714,-0.03024521008653139
Uncontrolled,Cell 4,2880.0,1.25,0.0,1.25,3.735837947604654,0.5358922558922619,1852.4509362452227,-0.030098365273681912
Uncontrolled,Cell 1,2890.0,1.25,0.0,1.25,3.7543485933027707,0.5576388888888898,1853.6502754348403,-0.030114145052952793
Uncontrolled,Cell 2,2890.0,1.25,0.0,1.25,3.715853662642742,0.5126927437641765,1853.660404903123,-0.030115375249398425
Uncontrolled,Cell 3,2890.0,1.25,0.0,1.25,3.679586842905918,0.46216903073286086,1853.6704646861035,-0.03024857523567398
Uncontrolled,Cell 4,2890.0,1.25,0.0,1.25,3.735173826327992,0.5351907968574695,1853.6554040029077,-0.030098372199102216
Uncontrolled,Cell 1,2900.0,1.25,0.0,1.25,3.7537008949882082,0.5569444444444454,1854.818676880539,-0.03011308238835189
Uncontrolled,Cell 2,2900.0,1.25,0.0,1.25,3.7151978941127517,0.5119841269841312,1854.8294097910912,-0.030116525057106918
Uncontrolled,Cell 3,2900.0,1.25,0.0,1.25,3.6790104011688767,0.46143026004728166,1854.8400866458105,-0.03025197900069177
Uncontrolled,Cell 4,2900.0,1.25,0.0,1.25,3.73450986349819,0.5344893378226772,1854.8241026611431,-0.030098416231806147
Uncontrolled,Cell 1,2910.0,1.25,0.0,1.25,3.7530526634474155,0.5562500000000009,1855.9528650058055,-0.030112057077508515
Uncontrolled,Cell 2,2910.0,1.25,0.0,1.25,3.7145432054094543,0.5112755102040859,1855.9641435408848,-0.030117712106145007
Uncontrolled,Cell 3,2910.0,1.25,0.0,1.25,3.6784359390327284,0.46069148936170246,1855.9753803717176,-0.030255421427346905
Uncontrolled,Cell 4,2910.0,1.25,0.0,1.25,3.733846073703114,0.5337878787878848,1855.9585591393115,-0.030098497373779412
Uncontrolled,Cell 1,2920.0,1.25,0.0,1.25,3.7524038998895346,0.5555555555555565,1857.0543738931374,-0.030111069108849996
Uncontrolled,Cell 2,2920.0,1.25,0.0,1.25,3.7138896091148403,0.5105668934240406,1857.0661257030806,-0.030118936413284034
Uncontrolled,Cell 3,2920.0,1.25,0.0,1.25,3.6778634406823523,0.45995271867612325,1857.077850230744,-0.03025890256209944
Uncontrolled,Cell 4,2920.0,1.25,0.0,1.25,3.7331824716594237,0.5330864197530925,1857.0603003567012,-0.030098615627642093
Uncontrolled,Cell 1,2930.0,1.25,0.0,1.25,3.751754606127089,0.554861111111112,1858.1247376250467,-0.0301101184714436
Uncontrolled,Cell 2,2930.0,1.25,0.0,1.25,3.7132371175106638,0.5098582766439953,1858.1368758280732,-0.03012019799593754
Uncontrolled,Cell 3,2930.0,1.25,0.0,1.25,3.6772928899690545,0.45921394799054405,1858.1490005898086,-0.03026242245210902
Uncontrolled,Cell 4,2930.0,1.25,0.0,1.25,3.7325190722006694,0.5323849607183001,1858.130853232673,-0.03009877099664863
Uncontrolled,Cell 1,2940.0,1.25,0.0,1.25,3.751104784562622,0.5541666666666676,1859.1654902840528,-0.030109205154996092
Uncontrolled,Cell 2,2940.0,1.25,0.0,1.25,3.7125857425731814,0.50914965986395,1859.1779134664903,-0.030121496872161733
Uncontrolled,Cell 3,2940.0,1.25,0.0,1.25,3.6767242704183936,0.45847517730496484,1859.1903358158816,-0.030265981145236542
Uncontrolled,Cell 4,2940.0,1.25,0.0,1.25,3.7318558902655865,0.5316835016835078,1859.1717446865878,-0.030098963484687914
Uncontrolled,Cell 1,2950.0,1.25,0.0,1.25,3.7504544381755878,0.5534722222222231,1860.1781659526714,-0.030108329149853223
Uncontrolled,Cell 2,2950.0,1.25,0.0,1.25,3.711935495968067,0.5084410430839047,1860.1907581687701,-0.03012283306065616
Uncontrolled,Cell 3,2950.0,1.25,0.0,1.25,3.676157565237946,0.45773640661938564,1860.2033602758456,-0.03026957869004586
Uncontrolled,Cell 4,2950.0,1.25,0.0,1.25,3.7311929408865376,0.5309820426487154,1860.1845016377702,-0.030099193096283332
Uncontrolled,Cell 1,2960.0,1.25,0.0,1.25,3.7498035705093242,0.5527777777777787,1861.1642987134146,-0.030107490446999452
Uncontrolled,Cell 2,2960.0,1.25,0.0,1.25,3.711286389045605,0.5077324263038594,1861.176929485482,-0.030124206580764284
Uncontrolled,Cell 3,2960.0,1.25,0.0,1.25,3.6755927573248846,0.45699763593380643,1861.1895783366344,-0.030273215135805512
Uncontrolled,Cell 4,2960.0,1.25,0.0,1.25,3.7305302391780932,0.530280583613923,1861.1706510055883,-0.03009945983659292
Uncontrolled,Cell 1,2970.0,1.25,0.0,1.25,3.7491521856582906,0.5520833333333343,1862.1254226487945,-0.03010668903805751
Uncontrolled,Cell 2,2970.0,1.25,0.0,1.25,3.710638432836136,0.5070238095238141,1862.137946967072,-0.030125617452474145
Uncontrolled,Cell 3,2970.0,1.25,0.0,1.25,3.6750298292735146,0.45625886524822723,1862.1504943651598,-0.030276890532490552
Uncontrolled,Cell 4,2970.0,1.25,0.0,1.25,3.7298678003257826,0.5295791245791307,1862.131719709345,-0.030099763711409485
Uncontrolled,Cell 1,2980.0,1.25,0.0,1.25,3.7485002882553555,0.5513888888888898,1863.0630718413086,-0.030105924915288112
Uncontrolled,Cell 2,2980.0,1.25,0.0,1.25,3.7099916380457008,0.5063151927437688,1863.0753301640725,-0.030127065696419063
Uncontrolled,Cell 3,2980.0,1.25,0.0,1.25,3.674468763382623,0.455520094562648,1863.08761272837,-0.0302806049307843
Uncontrolled,Cell 4,2980.0,1.25,0.0,1.25,3.729205639575044,0.5288776655443383,1863.0692346684227,-0.030100104727160792
Uncontrolled,Cell 1,2990.0,1.25,0.0,1.25,3.7478480035623543,0.5506944444444454,1863.9669509470477,-0.03010519803096102
Uncontrolled,Cell 2,2990.0,1.25,0.0,1.25,3.709346132486627,0.5056065759637235,1863.9788664935768,-0.030128551270321748
Uncontrolled,Cell 3,2990.0,1.25,0.0,1.25,3.6739096406129286,0.4547813238770688,1863.9908053179388,-0.030284358294744025
Uncontrolled,Cell 4,2990.0,1.25,0.0,1.25,3.728543893601639,0.528176206509546,1863.9729415779511,-0.030100482838892762
Uncontrolled,Cell 1,3000.0,1.25,0.0,1.25,3.747195238675617,0.5500000000000009,1864.8494353197893,-0.03010450841120671
Uncontrolled,Cell 2,3000.0,1.25,0.0,1.25,3.708701826954436,0.5048979591836782,1864.8610155504794,-0.030130074248710607
Uncontrolled,Cell 3,3000.0,1.25,0.0,1.25,3.6733523568589805,0.4540425531914896,1864.8726181058446,-0.030288150750672073
Uncontrolled,Cell 4,3000.0,1.25,0.0,1.25,3.727882476641093,0.5274747474747536,1864.8552574944115,-0.030100898096735
Uncontrolled,Cell 1,3000.0000000000005,0.0,0.0,0.0,3.7772997470868237,0.5500000000000009,1864.8494353197893,0.0
Uncontrolled,Cell 2,3000.0000000000005,0.0,0.0,0.0,3.738831901203147,0.5048979591836782,1864.8610155504794,0.0
Uncontrolled,Cell 3,3000.0000000000005,0.0,0.0,0.0,3.703640507609653,0.45404255319148956,1864.8726181058446,0.0
Uncontrolled,Cell 4,3000.0000000000005,0.0,0.0,0.0,3.7579833747378277,0.5274747474747536,1864.8552574944115,0.0
Uncontrolled,Cell 1,3010.0,0.0,0.0,0.0,3.781614966571404,0.5500000000000009,1680.0028850449962,0.0
Uncontrolled,Cell 2,3010.0,0.0,0.0,0.0,3.7431167077268537,0.5048979591836782,1680.0128339102957,0.0
Uncontrolled,Cell 3,3010.0,0.0,0.0,0.0,3.7073233175268707,0.45404255319148956,1680.0237015083258,0.0
Uncontrolled,Cell 4,3010.0,0.0,0.0,0.0,3.7623735122624544,0.5274747474747536,1680.0079100681323,0.0
Uncontrolled,Cell 1,3020.0,0.0,0.0,0.0,3.7841098312082595,0.5500000000000009,1566.0438381496606,0.0
Uncontrolled,Cell 2,3020.0,0.0,0.0,0.0,3.7456328767541676,0.5048979591836782,1566.0528699441056,0.0
Uncontrolled,Cell 3,3020.0,0.0,0.0,0.0,3.709502615954072,0.45404255319148956,1566.0617591383198,0.0
Uncontrolled,Cell 4,3020.0,0.0,0.0,0.0,3.7649318273862473,0.5274747474747536,1566.048403427434,0.0
Uncontrolled,Cell 1,3030.0,0.0,0.0,0.0,3.7858753918120067,0.5500000000000009,1480.860810759721,0.0
Uncontrolled,Cell 2,3030.0,0.0,0.0,0.0,3.7474303921246603,0.5048979591836782,1480.874388309865,0.0
Uncontrolled,Cell 3,3030.0,0.0,0.0,0.0,3.7110697789348106,0.45404255319148956,1480.8758806609694,0.0
Uncontrolled,Cell 4,3030.0,0.0,0.0,0.0,3.766750469951347,0.5274747474747536,1480.867273760894,0.0
Uncontrolled,Cell 1,3040.0,0.0,0.0,0.0,3.7872580616521523,0.5500000000000009,1410.9293354856236,0.0
Uncontrolled,Cell 2,3040.0,0.0,0.0,0.0,3.7488479422037804,0.5048979591836782,1410.9473834414093,0.0
Uncontrolled,Cell 3,3040.0,0.0,0.0,0.0,3.712311391655003,0.45404255319148956,1410.9687204863149,0.0
Uncontrolled,Cell 4,3040.0,0.0,0.0,0.0,3.768179387989653,0.5274747474747536,1410.93802037953,0.0
Uncontrolled,Cell 1,3050.0,0.0,0.0,0.0,3.7883975778527796,0.5500000000000009,1350.7779836415248,0.0
Uncontrolled,Cell 2,3050.0,0.0,0.0,0.0,3.7500228786736436,0.5048979591836782,1350.7946524845393,0.0
Uncontrolled,Cell 3,3050.0,0.0,0.0,0.0,3.713345325392765,0.45404255319148956,1350.8110100090998,0.0
Uncontrolled,Cell 4,3050.0,0.0,0.0,0.0,3.7693601504873473,0.5274747474747536,1350.786383651117,0.0
Uncontrolled,Cell 1,3060.0,0.0,0.0,0.0,3.789375077849579,0.5500000000000009,1297.2133151610396,0.0
Uncontrolled,Cell 2,3060.0,0.0,0.0,0.0,3.751035655935725,0.5048979591836782,1297.2216968785579,0.0
Uncontrolled,Cell 3,3060.0,0.0,0.0,0.0,3.7142399034905402,0.45404255319148956,1297.2298943730275,0.0
Uncontrolled,Cell 4,3060.0,0.0,0.0,0.0,3.77037532081273,0.5274747474747536,1297.2175712382523,0.0
Uncontrolled,Cell 1,3070.0,0.0,0.0,0.0,3.7902337651383595,0.5500000000000009,1248.5325164298738,0.0
Uncontrolled,Cell 2,3070.0,0.0,0.0,0.0,3.7519287659615568,0.5048979591836782,1248.5397230970484,0.0
Uncontrolled,Cell 3,3070.0,0.0,0.0,0.0,3.715031158198784,0.45404255319148956,1248.5482695634055,0.0
Uncontrolled,Cell 4,3070.0,0.0,0.0,0.0,3.7712686791410888,0.5274747474747536,1248.5360153044312,0.0
Uncontrolled,Cell 1,3080.0,0.0,0.0,0.0,3.790998514590246,0.5500000000000009,1203.756147932887,0.0
Uncontrolled,Cell 2,3080.0,0.0,0.0,0.0,3.7527268445961184,0.5048979591836782,1203.7683487962786,0.0
Uncontrolled,Cell 3,3080.0,0.0,0.0,0.0,3.715740161210221,0.45404255319148956,1203.7821398749074,0.0
Uncontrolled,Cell 4,3080.0,0.0,0.0,0.0,3.772065519873127,0.5274747474747536,1203.762104143745,0.0
Uncontrolled,Cell 1,3090.0,0.0,0.0,0.0,3.7916876299144575,0.5500000000000009,1162.1616195688875,0.0
Uncontrolled,Cell 2,3090.0,0.0,0.0,0.0,3.7534483790123634,0.5048979591836782,1162.1741453481372,0.0
Uncontrolled,Cell 3,3090.0,0.0,0.0,0.0,3.71638300482358,0.45404255319148956,1162.186440999918,0.0
Uncontrolled,Cell 4,3090.0,0.0,0.0,0.0,3.77278463564968,0.5274747474747536,1162.1679062084222,0.0
Uncontrolled,Cell 1,3100.0,0.0,0.0,0.0,3.792315269865099,0.5500000000000009,1123.1880907504637,0.0
Uncontrolled,Cell 2,3100.0,0.0,0.0,0.0,3.7541074944007438,0.5048979591836782,1123.1980634120846,0.0
Uncontrolled,Cell 3,3100.0,0.0,0.0,0.0,3.716971698598921,0.45404255319148956,1123.207736888522,0.0
Uncontrolled,Cell 4,3100.0,0.0,0.0,0.0,3.773440483854369,0.5274747474747536,1123.1931410594843,0.0
Uncontrolled,Cell 1,3110.0,0.0,0.0,0.0,3.7928915470855658,0.5500000000000009,1086.4349062041438,0.0
Uncontrolled,Cell 2,3110.0,0.0,0.0,0.0,3.7547141947435136,0.5048979591836782,1086.444357436747,0.0
Uncontrolled,Cell 3,3110.0,0.0,0.0,0.0,3.7175147882053037,0.45404255319148956,1086.45228176222,0.0
Uncontrolled,Cell 4,3110.0,0.0,0.0,0.0,3.7740433440307997,0.5274747474747536,1086.4395771905474,0.0
Uncontrolled,Cell 1,3120.0,0.0,0.0,0.0,3.7934238521279604,0.5500000000000009,1051.6096415776665,0.0
Uncontrolled,Cell 2,3120.0,0.0,0.0,0.0,3.755275965058968,0.5048979591836782,1051.6173918206987,0.0
Uncontrolled,Cell 3,3120.0,0.0,0.0,0.0,3.718018660972836,0.45404255319148956,1051.6262638528497,0.0
Uncontrolled,Cell 4,3120.0,0.0,0.0,0.0,3.774600809196305,0.5274747474747536,1051.613431723119,0.0
Uncontrolled,Cell 1,3130.0,0.0,0.0,0.0,3.7939177355275926,0.5500000000000009,1018.4932456134484,0.0
Uncontrolled,Cell 2,3130.0,0.0,0.0,0.0,3.7557982969137473,0.5048979591836782,1018.5006178134645,0.0
Uncontrolled,Cell 3,3130.0,0.0,0.0,0.0,3.7184881259829154,0.45404255319148956,1018.5086656728236,0.0
Uncontrolled,Cell 4,3130.0,0.0,0.0,0.0,3.775118523301446,0.5274747474747536,1018.4968900213789,0.0
Uncontrolled,Cell 1,3140.0,0.0,0.0,0.0,3.7943779010032874,0.5500000000000009,986.900031968551,0.0
Uncontrolled,Cell 2,3140.0,0.0,0.0,0.0,3.7562859199218153,0.5048979591836782,986.9083533688026,0.0
Uncontrolled,Cell 3,3140.0,0.0,0.0,0.0,3.7189271800636283,0.45404255319148956,986.916946710684,0.0
Uncontrolled,Cell 4,3140.0,0.0,0.0,0.0,3.7756013080238495,0.5274747474747536,986.9041872572197,0.0
Uncontrolled,Cell 1,3150.0,0.0,0.0,0.0,3.794808285564007,0.5500000000000009,956.6747489427507,0.0
Uncontrolled,Cell 2,3150.0,0.0,0.0,0.0,3.7567428496234925,0.5048979591836782,956.6836451830677,0.0
Uncontrolled,Cell 3,3150.0,0.0,0.0,0.0,3.719339324032338,0.45404255319148956,956.6926129185958,0.0
Uncontrolled,Cell 4,3150.0,0.0,0.0,0.0,3.776053225572679,0.5274747474747536,956.679210661212,0.0
Uncontrolled,Cell 1,3160.0,0.0,0.0,0.0,3.795212173487044,0.5500000000000009,927.688208778316,0.0
Uncontrolled,Cell 2,3160.0,0.0,0.0,0.0,3.7571724136282185,0.5048979591836782,927.6970582179711,0.0
Uncontrolled,Cell 3,3160.0,0.0,0.0,0.0,3.7197274595508065,0.45404255319148956,927.7050719383406,0.0
Uncontrolled,Cell 4,3160.0,0.0,0.0,0.0,3.7764776529435458,0.5274747474747536,927.6926655583229,0.0
Uncontrolled,Cell 1,3170.0,0.0,0.0,0.0,3.795592381399511,0.5500000000000009,899.8298457317978,0.0
Uncontrolled,Cell 2,3170.0,0.0,0.0,0.0,3.7575775023426177,0.5048979591836782,899.8367080680619,0.0
Uncontrolled,Cell 3,3170.0,0.0,0.0,0.0,3.7200940681985104,0.45404255319148956,899.8434372507909,0.0
Uncontrolled,Cell 4,3170.0,0.0,0.0,0.0,3.7768775045853147,0.5274747474747536,899.8333216371684,0.0
Uncontrolled,Cell 1,3180.0,0.0,0.0,0.0,3.795951178979574,0.5500000000000009,873.011260978692,0.0
Uncontrolled,Cell 2,3180.0,0.0,0.0,0.0,3.757960302847896,0.5048979591836782,873.018693465172,0.0
Uncontrolled,Cell 3,3180.0,0.0,0.0,0.0,3.7204410211817347,0.45404255319148956,873.0244468733435,0.0
Uncontrolled,Cell 4,3180.0,0.0,0.0,0.0,3.777255062108527,0.5274747474747536,873.0149148471319,0.0
Uncontrolled,Cell 1,3190.0,0.0,0.0,0.0,3.796290564474484,0.5500000000000009,847.1548256705646,0.0
Uncontrolled,Cell 2,3190.0,0.0,0.0,0.0,3.7583230168008805,0.5048979591836782,847.1587160054842,0.0
Uncontrolled,Cell 3,3190.0,0.0,0.0,0.0,3.7207702620302765,0.45404255319148956,847.1626307579791,0.0
Uncontrolled,Cell 4,3190.0,0.0,0.0,0.0,3.7776124595493115,0.5274747474747536,847.1568053868978,0.0
Uncontrolled,Cell 1,3200.0,0.0,0.0,0.0,3.796612164325448,0.5500000000000009,822.1980253649381,0.0
Uncontrolled,Cell 2,3200.0,0.0,0.0,0.0,3.7586670445653203,0.5048979591836782,822.2042017840504,0.0
Uncontrolled,Cell 3,3200.0,0.0,0.0,0.0,3.721082875699312,0.45404255319148956,822.2103663304079,0.0
Uncontrolled,Cell 4,3200.0,0.0,0.0,0.0,3.7779512600409184,0.5274747474747536,822.2009648442399,0.0
Uncontrolled,Cell 1,3210.0,0.0,0.0,0.0,3.79691732744756,0.5500000000000009,798.0895701442569,0.0
Uncontrolled,Cell 2,3210.0,0.0,0.0,0.0,3.7589940296163666,0.5048979591836782,798.0930384988678,0.0
Uncontrolled,Cell 3,3210.0,0.0,0.0,0.0,3.7213804976220968,0.45404255319148956,798.0967790576906,0.0
Uncontrolled,Cell 4,3210.0,0.0,0.0,0.0,3.778272972198488,0.5274747474747536,798.0913076663492,0.0
Uncontrolled,Cell 1,3220.0,0.0,0.0,0.0,3.7972074513870937,0.5500000000000009,774.7757010769601,0.0
Uncontrolled,Cell 2,3220.0,0.0,0.0,0.0,3.7593051481869804,0.5048979591836782,774.7816097078612,0.0
Uncontrolled,Cell 3,3220.0,0.0,0.0,0.0,3.721663895373926,0.45404255319148956,774.788964948064,0.0
Uncontrolled,Cell 4,3220.0,0.0,0.0,0.0,3.77857893073118,0.5274747474747536,774.778516329854,0.0
Uncontrolled,Cell 1,3230.0,0.0,0.0,0.0,3.797483488707155,0.5500000000000009,752.2210388970998,0.0
Uncontrolled,Cell 2,3230.0,0.0,0.0,0.0,3.7596015804665655,0.5048979591836782,752.2260102981818,0.0
Uncontrolled,Cell 3,3230.0,0.0,0.0,0.0,3.721934365037257,0.45404255319148956,752.2313410180868,0.0
Uncontrolled,Cell 4,3230.0,0.0,0.0,0.0,3.7788702078753027,0.5274747474747536,752.223508967807,0.0
Uncontrolled,Cell 1,3240.0,0.0,0.0,0.0,3.7977466364404,0.5500000000000009,730.3793659864241,0.0
Uncontrolled,Cell 2,3240.0,0.0,0.0,0.0,3.759884420534842,0.5048979591836782,730.3856894332639,0.0
Uncontrolled,Cell 3,3240.0,0.0,0.0,0.0,3.7221926429330385,0.45404255319148956,730.3928886067952,0.0
Uncontrolled,Cell 4,3240.0,0.0,0.0,0.0,3.7791479866801403,0.5274747474747536,730.3824556787658,0.0
Uncontrolled,Cell 1,3250.0,0.0,0.0,0.0,3.7979976855445288,0.5500000000000009,709.2213533408394,0.0
Uncontrolled,Cell 2,3250.0,0.0,0.0,0.0,3.7601545693664145,0.5048979591836782,709.2275065493814,0.0
Uncontrolled,Cell 3,3250.0,0.0,0.0,0.0,3.72243966205621,0.45404255319148956,709.2339109736204,0.0
Uncontrolled,Cell 4,3250.0,0.0,0.0,0.0,3.779413122685682,0.5274747474747536,709.2244202303191,0.0
Uncontrolled,Cell 1,3260.0,0.0,0.0,0.0,3.798237567326741,0.5500000000000009,688.7110449789652,0.0
Uncontrolled,Cell 2,3260.0,0.0,0.0,0.0,3.7604129429947086,0.5048979591836782,688.717470759213,0.0
Uncontrolled,Cell 3,3260.0,0.0,0.0,0.0,3.722676140756505,0.45404255319148956,688.7242228680407,0.0
Uncontrolled,Cell 4,3260.0,0.0,0.0,0.0,3.7796665641790375,0.5274747474747536,688.7142402763202,0.0
Uncontrolled,Cell 1,3270.0,0.0,0.0,0.0,3.798466979561846,0.5500000000000009,668.8221998415465,0.0
Uncontrolled,Cell 2,3270.0,0.0,0.0,0.0,3.7606602829432143,0.5048979591836782,668.828306722542,0.0
Uncontrolled,Cell 3,3270.0,0.0,0.0,0.0,3.7229027706036963,0.45404255319148956,668.8345021386995,0.0
Uncontrolled,Cell 4,3270.0,0.0,0.0,0.0,3.779909043465881,0.5274747474747536,668.8252606150054,0.0
Uncontrolled,Cell 1,3280.0,0.0,0.0,0.0,3.7986866274080757,0.5500000000000009,649.5275138891193,0.0
Uncontrolled,Cell 2,3280.0,0.0,0.0,0.0,3.760897302686028,0.5048979591836782,649.5334136271849,0.0
Uncontrolled,Cell 3,3280.0,0.0,0.0,0.0,3.723120149614543,0.45404255319148956,649.5394629066286,0.0
Uncontrolled,Cell 4,3280.0,0.0,0.0,0.0,3.780141286431179,0.5274747474747536,649.5304657695378,0.0
Uncontrolled,Cell 1,3290.0,0.0,0.0,0.0,3.7988970921441987,0.5500000000000009,630.8047541331835,0.0
Uncontrolled,Cell 2,3290.0,0.0,0.0,0.0,3.761124611386556,0.5048979591836782,630.8101578531132,0.0
Uncontrolled,Cell 3,3290.0,0.0,0.0,0.0,3.723328829820234,0.45404255319148956,630.815566017016,0.0
Uncontrolled,Cell 4,3290.0,0.0,0.0,0.0,3.780363899697034,0.5274747474747536,630.807473297973,0.0
Uncontrolled,Cell 1,3300.0,0.0,0.0,0.0,3.7990989422849277,0.5500000000000009,612.6315796446615,0.0
Uncontrolled,Cell 2,3300.0,0.0,0.0,0.0,3.761342784718141,0.5048979591836782,612.6367658198142,0.0
Uncontrolled,Cell 3,3300.0,0.0,0.0,0.0,3.7235292928048462,0.45404255319148956,612.6421176295771,0.0
Uncontrolled,Cell 4,3300.0,0.0,0.0,0.0,3.7805774687952245,0.5274747474747536,612.6341742062723,0.0
Uncontrolled,Cell 1,3310.0,0.0,0.0,0.0,3.799292642651068,0.5500000000000009,594.9897757244253,0.0
Uncontrolled,Cell 2,3310.0,0.0,0.0,0.0,3.7615523312199572,0.5048979591836782,594.9939131487481,0.0
Uncontrolled,Cell 3,3310.0,0.0,0.0,0.0,3.7237220301506677,0.45404255319148956,594.9978157674777,0.0
Uncontrolled,Cell 4,3310.0,0.0,0.0,0.0,3.780782488073152,0.5274747474747536,594.9918891252892,0.0
Uncontrolled,Cell 1,3320.0,0.0,0.0,0.0,3.7994787385662048,0.5500000000000009,577.8572377871606,0.0
Uncontrolled,Cell 2,3320.0,0.0,0.0,0.0,3.761753790288802,0.5048979591836782,577.8606911421593,0.0
Uncontrolled,Cell 3,3320.0,0.0,0.0,0.0,3.7239074641125844,0.45404255319148956,577.864108742353,0.0
Uncontrolled,Cell 4,3320.0,0.0,0.0,0.0,3.7809795144087675,0.5274747474747536,577.8589903011089,0.0
Uncontrolled,Cell 1,3330.0,0.0,0.0,0.0,3.7996575843595743,0.5500000000000009,561.2196168370938,0.0
Uncontrolled,Cell 2,3330.0,0.0,0.0,0.0,3.7619475162827793,0.5048979591836782,561.2232144464942,0.0
Uncontrolled,Cell 3,3330.0,0.0,0.0,0.0,3.7240858993002353,0.45404255319148956,561.2272761054701,0.0
Uncontrolled,Cell 4,3330.0,0.0,0.0,0.0,3.781168909426719,0.5274747474747536,561.221389496146,0.0
Uncontrolled,Cell 1,3340.0,0.0,0.0,0.0,3.799829498379886,0.5500000000000009,545.0637140546896,0.0
Uncontrolled,Cell 2,3340.0,0.0,0.0,0.0,3.762133831611579,0.5048979591836782,545.0685436296844,0.0
Uncontrolled,Cell 3,3340.0,0.0,0.0,0.0,3.724257698034506,0.45404255319148956,545.0709169255715,0.0
Uncontrolled,Cell 4,3340.0,0.0,0.0,0.0,3.781350995890778,0.5274747474747536,545.0662093999199,0.0
Uncontrolled,Cell 1,3350.0,0.0,0.0,0.0,3.799994926561934,0.5500000000000009,529.3706183428367,0.0
Uncontrolled,Cell 2,3350.0,0.0,0.0,0.0,3.7623133303099143,0.5048979591836782,529.37283726639,0.0
Uncontrolled,Cell 3,3350.0,0.0,0.0,0.0,3.7244232994115722,0.45404255319148956,529.3751578769225,0.0
Uncontrolled,Cell 4,3350.0,0.0,0.0,0.0,3.7815263099134064,0.5274747474747536,529.3717381303286,0.0
Uncontrolled,Cell 1,3360.0,0.0,0.0,0.0,3.800154213282255,0.5500000000000009,514.1253553124043,0.0
Uncontrolled,Cell 2,3360.0,0.0,0.0,0.0,3.762486193726133,0.5048979591836782,514.128101897455,0.0
Uncontrolled,Cell 3,3360.0,0.0,0.0,0.0,3.7245828691762815,0.45404255319148956,514.1314939398872,0.0
Uncontrolled,Cell 4,3360.0,0.0,0.0,0.0,3.7816951186844925,0.5274747474747536,514.126681091584,0.0
Uncontrolled,Cell 1,3370.0,0.0,0.0,0.0,3.800307551063618,0.5500000000000009,499.31902630333207,0.0
Uncontrolled,Cell 2,3370.0,0.0,0.0,0.0,3.7626526646392033,0.5048979591836782,499.3236574053226,0.0
Uncontrolled,Cell 3,3370.0,0.0,0.0,0.0,3.724736634961261,0.45404255319148956,499.328573460145,0.0
Uncontrolled,Cell 4,3370.0,0.0,0.0,0.0,3.78185764522746,0.5274747474747536,499.3212004888919,0.0
Uncontrolled,Cell 1,3380.0,0.0,0.0,0.0,3.800455206825868,0.5500000000000009,484.9393422813664,0.0
Uncontrolled,Cell 2,3380.0,0.0,0.0,0.0,3.7628131505520663,0.5048979591836782,484.9422763000839,0.0
Uncontrolled,Cell 3,3380.0,0.0,0.0,0.0,3.7248850511334597,0.45404255319148956,484.94543242283544,0.0
Uncontrolled,Cell 4,3380.0,0.0,0.0,0.0,3.782014224398184,0.5274747474747536,484.9408001771808,0.0
Uncontrolled,Cell 1,3390.0,0.0,0.0,0.0,3.8005976030308393,0.5500000000000009,470.9673163243933,0.0
Uncontrolled,Cell 2,3390.0,0.0,0.0,0.0,3.7629679479162697,0.5048979591836782,470.9707375295038,0.0
Uncontrolled,Cell 3,3390.0,0.0,0.0,0.0,3.725028240864247,0.45404255319148956,470.97465378439665,0.0
Uncontrolled,Cell 4,3390.0,0.0,0.0,0.0,3.782165235252968,0.5274747474747536,470.9689884559266,0.0
Uncontrolled,Cell 1,3400.0,0.0,0.0,0.0,3.8007348700158206,0.5500000000000009,457.39574570657715,0.0
Uncontrolled,Cell 2,3400.0,0.0,0.0,0.0,3.763117231326847,0.5048979591836782,457.4002400842728,0.0
Uncontrolled,Cell 3,3400.0,0.0,0.0,0.0,3.725166398531506,0.45404255319148956,457.4056467765695,0.0
Uncontrolled,Cell 4,3400.0,0.0,0.0,0.0,3.7823108293754095,0.5274747474747536,457.39790929947776,0.0
Uncontrolled,Cell 1,3410.0,0.0,0.0,0.0,3.800867203218869,0.5500000000000009,444.21447839336906,0.0
Uncontrolled,Cell 2,3410.0,0.0,0.0,0.0,3.7632612501756606,0.5048979591836782,444.21902167594817,0.0
Uncontrolled,Cell 3,3410.0,0.0,0.0,0.0,3.725299829155277,0.45404255319148956,444.22341809256613,0.0
Uncontrolled,Cell 4,3410.0,0.0,0.0,0.0,3.7824512245118513,0.5274747474747536,444.2169115847937,0.0
Uncontrolled,Cell 1,3420.0,0.0,0.0,0.0,3.8009949236571545,0.5500000000000009,431.4083918458491,0.0
Uncontrolled,Cell 2,3420.0,0.0,0.0,0.0,3.763400320905289,0.5048979591836782,431.4127808693811,0.0
Uncontrolled,Cell 3,3420.0,0.0,0.0,0.0,3.72542871967363,0.45404255319148956,431.4173927387674,0.0
Uncontrolled,Cell 4,3420.0,0.0,0.0,0.0,3.7825867654516188,0.5274747474747536,431.410571566601,0.0
Uncontrolled,Cell 1,3430.0,0.0,0.0,0.0,3.8011182010420717,0.5500000000000009,418.96795857670804,0.0
Uncontrolled,Cell 2,3430.0,0.0,0.0,0.0,3.7635346042456543,0.5048979591836782,418.97257736515166,0.0
Uncontrolled,Cell 3,3430.0,0.0,0.0,0.0,3.7255532408914607,0.45404255319148956,418.97747388267453,0.0
Uncontrolled,Cell 4,3430.0,0.0,0.0,0.0,3.782717604875838,0.5274747474747536,418.9702477815299,0.0
Uncontrolled,Cell 1,3440.0,0.0,0.0,0.0,3.801237211751509,0.5500000000000009,406.8832248822873,0.0
Uncontrolled,Cell 2,3440.0,0.0,0.0,0.0,3.7636642944761913,0.5048979591836782,406.8881343972389,0.0
Uncontrolled,Cell 3,3440.0,0.0,0.0,0.0,3.725673588175042,0.45404255319148956,406.8927783576728,0.0
Uncontrolled,Cell 4,3440.0,0.0,0.0,0.0,3.782843935929633,0.5274747474747536,406.88566492656537,0.0
Uncontrolled,Cell 1,3450.0,0.0,0.0,0.0,3.80135214966758,0.5500000000000009,395.1436993820025,0.0
Uncontrolled,Cell 2,3450.0,0.0,0.0,0.0,3.7637896287787136,0.5048979591836782,395.14816274750046,0.0
Uncontrolled,Cell 3,3450.0,0.0,0.0,0.0,3.725789950210988,0.45404255319148956,395.15264462488994,0.0
Uncontrolled,Cell 4,3450.0,0.0,0.0,0.0,3.782965977642004,0.5274747474747536,395.1459376245548,0.0
Uncontrolled,Cell 1,3460.0,0.0,0.0,0.0,3.8014632057276345,0.5500000000000009,383.7389939385903,0.0
Uncontrolled,Cell 2,3460.0,0.0,0.0,0.0,3.7639107676205192,0.5048979591836782,383.743274398832,0.0
Uncontrolled,Cell 3,3460.0,0.0,0.0,0.0,3.7259024750244065,0.45404255319148956,383.7475470481295,0.0
Uncontrolled,Cell 4,3460.0,0.0,0.0,0.0,3.783083911106278,0.5274747474747536,383.7411445672333,0.0
Uncontrolled,Cell 1,3470.0,0.0,0.0,0.0,3.8015705270575584,0.5500000000000009,372.65988020321674,0.0
Uncontrolled,Cell 2,3470.0,0.0,0.0,0.0,3.7640278782549297,0.5048979591836782,372.66394851941004,0.0
Uncontrolled,Cell 3,3470.0,0.0,0.0,0.0,3.7260113199055023,0.45404255319148956,372.66790408270026,0.0
Uncontrolled,Cell 4,3470.0,0.0,0.0,0.0,3.783197895890307,0.5274747474747536,372.6619251688535,0.0
Uncontrolled,Cell 1,3480.0,0.0,0.0,0.0,3.8016742659912492,0.5500000000000009,361.8971032785048,0.0
Uncontrolled,Cell 2,3480.0,0.0,0.0,0.0,3.764141146343694,0.5048979591836782,361.9007275399126,0.0
Uncontrolled,Cell 3,3480.0,0.0,0.0,0.0,3.726116657859997,0.45404255319148956,361.90419006344746,0.0
Uncontrolled,Cell 4,3480.0,0.0,0.0,0.0,3.783308102244118,0.5274747474747536,361.8989428525965,0.0
Uncontrolled,Cell 1,3490.0,0.0,0.0,0.0,3.8017745996823606,0.5500000000000009,351.4414229696122,0.0
Uncontrolled,Cell 2,3490.0,0.0,0.0,0.0,3.76425072759812,0.5048979591836782,351.4446665567084,0.0
Uncontrolled,Cell 3,3490.0,0.0,0.0,0.0,3.726218604949407,0.45404255319148956,351.44775389946153,0.0
Uncontrolled,Cell 4,3490.0,0.0,0.0,0.0,3.7834147029770353,0.5274747474747536,351.443073093149,0.0
Uncontrolled,Cell 1,3500.0,0.0,0.0,0.0,3.8018716434701267,0.5500000000000009,341.2843881245208,0.0
Uncontrolled,Cell 2,3500.0,0.0,0.0,0.0,3.7643567504643496,0.5048979591836782,341.28730839658965,0.0
Uncontrolled,Cell 3,3500.0,0.0,0.0,0.0,3.7263172807916405,0.45404255319148956,341.29013604772626,0.0
Uncontrolled,Cell 4,3500.0,0.0,0.0,0.0,3.7835178213240988,0.5274747474747536,341.2858714204922,0.0
Uncontrolled,Cell 1,3510.0,0.0,0.0,0.0,3.8019655179976244,0.5500000000000009,331.4177375321742,0.0
Uncontrolled,Cell 2,3510.0,0.0,0.0,0.0,3.764459339211119,0.5048979591836782,331.42046903480514,0.0
Uncontrolled,Cell 3,3510.0,0.0,0.0,0.0,3.7264127926020003,0.45404255319148956,331.4232480288847,0.0
Uncontrolled,Cell 4,3510.0,0.0,0.0,0.0,3.783617582282074,0.5274747474747536,331.4191131797925,0.0
Uncontrolled,Cell 1,3520.0,0.0,0.0,0.0,3.8020563321551126,0.5500000000000009,321.83355257147196,0.0
Uncontrolled,Cell 2,3520.0,0.0,0.0,0.0,3.7645586050168722,0.5048979591836782,321.8363204311827,0.0
Uncontrolled,Cell 3,3520.0,0.0,0.0,0.0,3.726505255964227,0.45404255319148956,321.8389712243006,0.0
Uncontrolled,Cell 4,3520.0,0.0,0.0,0.0,3.783714098218069,0.5274747474747536,321.83492281228973,0.0
Uncontrolled,Cell 1,3530.0,0.0,0.0,0.0,3.8021441831143648,0.5500000000000009,312.5242572112693,0.0
Uncontrolled,Cell 2,3530.0,0.0,0.0,0.0,3.7646547166524043,0.5048979591836782,312.526165733565,0.0
Uncontrolled,Cell 3,3530.0,0.0,0.0,0.0,3.7265948663586066,0.45404255319148956,312.5277786309962,0.0
Uncontrolled,Cell 4,3530.0,0.0,0.0,0.0,3.783807496964935,0.5274747474747536,312.5252820067981,0.0
Uncontrolled,Cell 1,3540.0,0.0,0.0,0.0,3.8022292788970464,0.5500000000000009,303.48037402402406,0.0
Uncontrolled,Cell 2,3540.0,0.0,0.0,0.0,3.7647478157907583,0.5048979591836782,303.4819066406344,0.0
Uncontrolled,Cell 3,3540.0,0.0,0.0,0.0,3.7266816616569685,0.45404255319148956,303.4833119260293,0.0
Uncontrolled,Cell 4,3540.0,0.0,0.0,0.0,3.7838979709637304,0.5274747474747536,303.48116831996595,0.0
Uncontrolled,Cell 1,3550.0,0.0,0.0,0.0,3.8023116624316255,0.5500000000000009,294.695575940852,0.0
Uncontrolled,Cell 2,3550.0,0.0,0.0,0.0,3.7648379631740463,0.5048979591836782,294.6969763770103,0.0
Uncontrolled,Cell 3,3550.0,0.0,0.0,0.0,3.726765727228426,0.45404255319148956,294.6984264881612,0.0
Uncontrolled,Cell 4,3550.0,0.0,0.0,0.0,3.7839855643096882,0.5274747474747536,294.69628670898965,0.0
Uncontrolled,Cell 1,3560.0,0.0,0.0,0.0,3.802391416977515,0.5500000000000009,286.1629271909551,0.0
Uncontrolled,Cell 2,3560.0,0.0,0.0,0.0,3.764925247548147,0.5048979591836782,286.16445207547804,0.0
Uncontrolled,Cell 3,3560.0,0.0,0.0,0.0,3.7268471387013955,0.45404255319148956,286.1662945319622,0.0
Uncontrolled,Cell 4,3560.0,0.0,0.0,0.0,3.7840703666602526,0.5274747474747536,286.16367297503166,0.0
Uncontrolled,Cell 1,3570.0,0.0,0.0,0.0,3.802468620288316,0.5500000000000009,277.8757224226647,0.0
Uncontrolled,Cell 2,3570.0,0.0,0.0,0.0,3.76500974744404,0.5048979591836782,277.8777170286703,0.0
Uncontrolled,Cell 3,3570.0,0.0,0.0,0.0,3.726925969271339,0.45404255319148956,277.8802434005556,0.0
Uncontrolled,Cell 4,3570.0,0.0,0.0,0.0,3.7841524578484456,0.5274747474747536,277.87666418637673,0.0
Uncontrolled,Cell 1,3580.0,0.0,0.0,0.0,3.802543341016901,0.5500000000000009,269.82755291828653,0.0
Uncontrolled,Cell 2,3580.0,0.0,0.0,0.0,3.765091554634246,0.5048979591836782,269.82998577362014,0.0
Uncontrolled,Cell 3,3580.0,0.0,0.0,0.0,3.727002367388843,0.45404255319148956,269.83204307176493,0.0
Uncontrolled,Cell 4,3580.0,0.0,0.0,0.0,3.7842319111291114,0.5274747474747536,269.8288318502382,0.0
Uncontrolled,Cell 1,3590.0,0.0,0.0,0.0,3.802615675791653,0.5500000000000009,262.0114982572122,0.0
Uncontrolled,Cell 2,3590.0,0.0,0.0,0.0,3.7651708022191137,0.5048979591836782,262.01373532548314,0.0
Uncontrolled,Cell 3,3590.0,0.0,0.0,0.0,3.727076390701656,0.45404255319148956,262.0155671520042,0.0
Uncontrolled,Cell 4,3590.0,0.0,0.0,0.0,3.7843088572164465,0.5274747474747536,262.0126576303446,0.0
Uncontrolled,Cell 1,3600.0,0.0,0.0,0.0,3.802685738078859,0.5500000000000009,254.42036859536165,0.0
Uncontrolled,Cell 2,3600.0,0.0,0.0,0.0,3.765247576301147,0.5048979591836782,254.42249352208455,0.0
Uncontrolled,Cell 3,3600.0,0.0,0.0,0.0,3.727148123210672,0.45404255319148956,254.42420909125212,0.0
Uncontrolled,Cell 4,3600.0,0.0,0.0,0.0,3.784383390460097,0.5274747474747536,254.42147322537494,0.0
Voltage,Cell 1,0.0,2.5,0.25,2.75,3.982064065887455,0.8,0.0,-0.060014630586120374
Voltage,Cell 2,0.0,2.5,0.0,2.5,3.945280337275225,0.76,-3.637978807091713e-12,-0.05845160113107496
Voltage,Cell 3,0.0,2.5,-0.25,2.25,3.9095096089426438,0.72,0.0,-0.05724692476410312
Voltage,Cell 4,0.0,2.5,0.0,2.5,3.9637701239323655,0.78,0.0,-0.05918350596294818
Voltage,Cell 1,10.0,2.5,0.25,2.75,3.971002057090456,0.7984722222222222,433.93896996434705,-0.058518570668630004
Voltage,Cell 2,10.0,2.5,0.0,2.5,3.9356908875930343,0.7585827664399093,371.4393414412225,-0.05826100588793959
Voltage,Cell 3,10.0,2.5,-0.25,2.25,3.9019827716371025,0.7186702127659574,308.93978981868713,-0.058351883654737494
Voltage,Cell 4,10.0,2.5,0.0,2.5,3.953919825791109,0.7785970819304153,371.43914657641653,-0.05896668053497248
Voltage,Cell 1,20.0,2.5,0.25,2.75,3.9634756774178768,0.7969444444444445,722.7337615328947,-0.05730212556656797
Voltage,Cell 2,20.0,2.5,0.0,2.5,3.9296861424720286,0.7571655328798186,601.2054827769316,-0.058166137021343024
Voltage,Cell 3,20.0,2.5,-0.25,2.25,3.8976780780929094,0.7173404255319149,479.67628109612593,-0.05937377942452575
Voltage,Cell 4,20.0,2.5,0.0,2.5,3.947665187341252,0.7771941638608306,601.2058406533906,-0.05885862705011546
Voltage,Cell 1,30.0,2.5,0.25,2.75,3.9575301865576957,0.7954166666666667,950.2194638907067,-0.05624804753667804
Voltage,Cell 2,30.0,2.5,0.0,2.5,3.9251471433766647,0.7557482993197279,772.9422599004065,-0.058091178734828997
Voltage,Cell 3,30.0,2.5,-0.25,2.25,3.894552730459464,0.7160106382978724,595.6654775956004,-0.06027415650562742
Voltage,Cell 4,30.0,2.5,0.0,2.5,3.9429082473886896,0.7757912457912459,772.9426897282065,-0.05877319736066864
Voltage,Cell 1,40.0,2.5,0.25,2.75,3.9524737354632875,0.7938888888888889,1144.083319594751,-0.05532615061795408
Voltage,Cell 2,40.0,2.5,0.0,2.5,3.9213751185554684,0.7543310657596372,914.1582888839657,-0.05802597430612376
Voltage,Cell 3,40.0,2.5,-0.25,2.25,3.89198358097121,0.7146808510638298,684.2327059762262,-0.061062365850016176
Voltage,Cell 4,40.0,2.5,0.0,2.5,3.9389412599522937,0.7743883277216612,914.157082019763,-0.05869884400647207
Voltage,Cell 1,50.0,2.5,0.25,2.75,3.9480100506524334,0.7923611111111111,1315.8160454854878,-0.05451684374840035
Voltage,Cell 2,50.0,2.5,0.0,2.5,3.9180832758563158,0.7529138321995464,1036.1593776084374,-0.0579669280893547
Voltage,Cell 3,50.0,2.5,-0.25,2.25,3.8897256178154413,0.7133510638297873,756.502572669724,-0.06175062019138848
Voltage,Cell 4,50.0,2.5,0.0,2.5,3.9354718864376146,0.7729854096520765,1036.1608266481708,-0.058631478817836424
Voltage,Cell 1,60.0,2.5,0.25,2.75,3.9439789109206647,0.7908333333333333,1471.4598363501568,-0.05380458280330904
Voltage,Cell 2,60.0,2.5,0.0,2.5,3.9151223470821352,0.7514965986394557,1144.844529033664,-0.05791212644957313
Voltage,Cell 3,60.0,2.5,-0.25,2.25,3.887656074169215,0.7120212765957448,818.2295239223608,-0.06235054236547275
Voltage,Cell 4,60.0,2.5,0.0,2.5,3.9323477608042383,0.7715824915824918,1144.8434001069036,-0.058568929393886984
Voltage,Cell 1,70.0,2.5,0.25,2.75,3.940282714950509,0.7893055555555555,1614.5914238812306,-0.053176505458601475
Voltage,Cell 2,70.0,2.5,0.0,2.5,3.912405993758442,0.750079365079365,1243.6206848516704,-0.05786047837723128
Voltage,Cell 3,70.0,2.5,-0.25,2.25,3.8857084972140905,0.7106914893617022,872.6490984072431,-0.06287275413943812
Voltage,Cell 4,70.0,2.5,0.0,2.5,3.9294802731981315,0.7701795735129071,1243.6201100613725,-0.058509952334950405
Voltage,Cell 1,80.0,2.5,0.25,2.75,3.936859241270546,0.7877777777777777,1747.4178112197155,-0.05262172254580296
Voltage,Cell 2,80.0,2.5,0.0,2.5,3.9098814452385424,0.7486621315192743,1334.552331380779,-0.0578113069889602
Voltage,Cell 3,80.0,2.5,-0.25,2.25,3.8838449014041405,0.7093617021276597,921.6878448410313,-0.0633267557578428
Voltage,Cell 4,80.0,2.5,0.0,2.5,3.9268154722321755,0.7687766554433224,1334.5536432984663,-0.058453778863953115
Voltage,Cell 1,90.0,2.5,0.25,2.75,3.933661946182952,0.7862499999999999,1871.5597220947518,-0.052130840225175626
Voltage,Cell 2,90.0,2.5,0.0,2.5,3.9075106374271464,0.7472448979591836,1419.1322294477213,-0.05776412297151871
Voltage,Cell 3,90.0,2.5,-0.25,2.25,3.8820393285449675,0.7080319148936172,966.704765901731,-0.06372093964737667
Voltage,Cell 4,90.0,2.5,0.0,2.5,3.924314408047796,0.7673737373737377,1419.1331220595275,-0.05839985356595802
Voltage,Cell 1,100.0,2.5,0.25,2.75,3.9306554913757776,0.7847222222222221,1988.2271574279366,-0.05169573065782274
Voltage,Cell 2,100.0,2.5,0.0,2.5,3.905266017543116,0.7458276643990929,1498.4369312608105,-0.0577185725042527
Voltage,Cell 3,100.0,2.5,-0.25,2.25,3.880274274817989,0.7067021276595746,1008.6466180786811,-0.06406270654736793
Voltage,Cell 4,100.0,2.5,0.0,2.5,3.921948784312298,0.765970819304153,1498.4365764668073,-0.05834777354678306
Voltage,Cell 1,110.0,2.5,0.25,2.75,3.9278130379094844,0.7831944444444443,2098.3222012973038,-0.05130934937437261
Voltage,Cell 2,110.0,2.5,0.0,2.5,3.9031274643774085,0.7444104308390022,1573.2443671091423,-0.05767439792745514
Voltage,Cell 3,110.0,2.5,-0.25,2.25,3.8785380708262727,0.7053723404255321,1048.1662093351786,-0.06435857217307202
Voltage,Cell 4,110.0,2.5,0.0,2.5,3.919697966353624,0.7645679012345683,1573.2431444464091,-0.058297245307236054
Voltage,Cell 1,120.0,2.5,0.25,2.75,3.92511357191798,0.7816666666666665,2202.540948733863,-0.05096557464732044
Voltage,Cell 2,120.0,2.5,0.0,2.5,3.9010797981765,0.7429931972789114,1644.1332024011172,-0.05763140654769542
Voltage,Cell 3,120.0,2.5,-0.25,2.25,3.8768226869821762,0.7040425531914896,1085.7250919570317,-0.06461426251433622
Voltage,Cell 4,120.0,2.5,0.0,2.5,3.9175464187031572,0.7631649831649836,1644.1325102546434,-0.058248049317109765
Voltage,Cell 1,130.0,2.5,0.25,2.75,3.9225398279321237,0.7801388888888887,2301.453058872069,-0.050659071523783274
Voltage,Cell 2,130.0,2.5,0.0,2.5,3.899110747523546,0.7415759637188207,1711.5676114942216,-0.05758944516185357
Voltage,Cell 3,130.0,2.5,-0.25,2.25,3.87512187493033,0.702712765957447,1121.6824227653933,-0.06483479860761315
Voltage,Cell 4,130.0,2.5,0.0,2.5,3.915481656494646,0.7617620650953989,1711.5670691510059,-0.058200011746445394
Voltage,Cell 1,140.0,2.5,0.25,2.75,3.9200768454780315,0.7786111111111109,2395.557280671727,-0.05038517884289141
Voltage,Cell 2,140.0,2.5,0.0,2.5,3.897209860440906,0.74015873015873,1775.9424987289785,-0.057548386312034086
Voltage,Cell 3,140.0,2.5,-0.25,2.25,3.8734305320785616,0.7013829787234045,1156.32674686597,-0.0650245804351428
Voltage,Cell 4,140.0,2.5,0.0,2.5,3.9134930019792944,0.7603591470258142,1775.9424859661558,-0.05815298718799888
Voltage,Cell 1,150.0,2.5,0.25,2.75,3.917712821326159,0.7770833333333331,2485.2418478204772,-0.05013984056872668
Voltage,Cell 2,150.0,2.5,0.0,2.5,3.8953690580582676,0.7387414965986393,1837.5532835642625,-0.05750813447971293
Voltage,Cell 3,150.0,2.5,-0.25,2.25,3.8717449872774856,0.700053191489362,1189.8647604509322,-0.06518746788398783
Voltage,Cell 4,150.0,2.5,0.0,2.5,3.9115723237783673,0.7589562289562295,1837.5515768251535,-0.058106867624282896
Voltage,Cell 1,160.0,2.5,0.25,2.75,3.9154370485576306,0.7755555555555553,2570.867249354352,-0.0499195060963506
Voltage,Cell 2,160.0,2.5,0.0,2.5,3.8935813012560807,0.7373242630385486,1896.6552644335607,-0.05746860943815398
Voltage,Cell 3,160.0,2.5,-0.25,2.25,3.8700625846217616,0.6987234042553194,1222.4435277706657,-0.06532684551576089
Voltage,Cell 4,160.0,2.5,0.0,2.5,3.9097123412012604,0.7575533108866448,1896.6570484177391,-0.05806155944875451
Voltage,Cell 1,170.0,2.5,0.25,2.75,3.913241220151077,0.7740277777777775,2652.7081183273594,-0.04972108709173245
Voltage,Cell 2,170.0,2.5,0.0,2.5,3.891840729548939,0.7359070294784579,1953.4548854109198,-0.057429747476020865
Voltage,Cell 3,170.0,2.5,-0.25,2.25,3.8683806576226334,0.6973936170212769,1254.2009204037558,-0.06544567368613044
Voltage,Cell 4,170.0,2.5,0.0,2.5,3.9079073942648614,0.7561503928170601,1953.455080818494,-0.05801699302054322
Voltage,Cell 1,180.0,2.5,0.25,2.75,3.9111176008163318,0.7724999999999997,2731.02808840902,-0.04954187784261985
Voltage,Cell 2,180.0,2.5,0.0,2.5,3.8901424368414252,0.7344897959183672,2008.1184979724603,-0.05739149834262744
Voltage,Cell 3,180.0,2.5,-0.25,2.25,3.8666978010520596,0.6960638297872344,1285.2085437732248,-0.06554655220061492
Voltage,Cell 4,180.0,2.5,0.0,2.5,3.9061524062257993,0.7547474747474754,2008.120490583413,-0.057973108581986114
Voltage,Cell 1,190.0,2.5,0.25,2.75,3.909059484572439,0.770972222222222,2806.0585450332137,-0.049379514569144925
Voltage,Cell 2,190.0,2.5,0.0,2.5,3.8884816872006356,0.7330725623582764,2060.8089041956882,-0.05735381540250504
Voltage,Cell 3,190.0,2.5,-0.25,2.25,3.8650120325937314,0.6947340425531918,1315.5595403267662,-0.06563175058423143
Voltage,Cell 4,190.0,2.5,0.0,2.5,3.9044427620146616,0.7533445566778907,2060.8116152336406,-0.05792985415079027
Voltage,Cell 1,200.0,2.5,0.25,2.75,3.9070608105682596,0.7694444444444442,2878.013311115785,-0.04923192901112963
Voltage,Cell 2,200.0,2.5,0.0,2.5,3.886854312322866,0.7316553287981857,2111.665405288066,-0.05731666025827392
Voltage,Cell 3,200.0,2.5,-0.25,2.25,3.8633219240939685,0.6934042553191493,1345.317727311372,-0.06570325819689893
Voltage,Cell 4,200.0,2.5,0.0,2.5,3.9027743320612958,0.751941638608306,2111.668476061084,-0.057887185629615034
Voltage,Cell 1,210.0,2.5,0.25,2.75,3.9051163933860114,0.7679166666666664,2947.0772560364367,-0.049097315356106244
Voltage,Cell 2,210.0,2.5,0.0,2.5,3.8852566293392368,0.730238095238095,2160.8070611870644,-0.05728000127468481
Voltage,Cell 3,210.0,2.5,-0.25,2.25,3.861626190171705,0.6920744680851068,1374.5384654804493,-0.06576281595919527
Voltage,Cell 4,210.0,2.5,0.0,2.5,3.9011435553550946,0.7505387205387213,2160.8083887343637,-0.05784506730485882
Voltage,Cell 1,220.0,2.5,0.25,2.75,3.9032213683016495,0.7663888888888886,3013.429060718562,-0.04897409118543651
Voltage,Cell 2,220.0,2.5,0.0,2.5,3.8836852396411077,0.7288208616780043,2208.341757725899,-0.05724381110073148
Voltage,Cell 3,220.0,2.5,-0.25,2.25,3.8599240232318457,0.6907446808510642,1403.254983816815,-0.06581194995236962
Voltage,Cell 4,220.0,2.5,0.0,2.5,3.8995470694293095,0.7491358024691366,2208.342502134401,-0.05780346693700449
Voltage,Cell 1,230.0,2.5,0.25,2.75,3.901371855320093,0.7648611111111108,3077.2108532229176,-0.04886087902421558
Voltage,Cell 2,230.0,2.5,0.0,2.5,3.882137302841894,0.7274036281179136,2254.352372654197,-0.05720806950336492
Voltage,Cell 3,230.0,2.5,-0.25,2.25,3.8582147745177537,0.6894148936170217,1431.494472625407,-0.06585199577775375
Voltage,Cell 4,230.0,2.5,0.0,2.5,3.8979822059410636,0.7477328843995519,2254.3521863095084,-0.0577623617701549
Voltage,Cell 1,240.0,2.5,0.25,2.75,3.8995642437837486,0.763333333333333,3138.55849474496,-0.048756472420548744
Voltage,Cell 2,240.0,2.5,0.0,2.5,3.8806101500291383,0.7259863945578229,2298.9151778574706,-0.05717275883441724
Voltage,Cell 3,240.0,2.5,-0.25,2.25,3.8564981288196134,0.6880851063829792,1459.2715512559812,-0.06588412366208575
Voltage,Cell 4,240.0,2.5,0.0,2.5,3.8964464308326656,0.7463299663299672,2298.914696357271,-0.05772173127086393
Voltage,Cell 1,250.0,2.5,0.25,2.75,3.8977954638393193,0.7618055555555552,3197.5886746455626,-0.04865981859163157
Voltage,Cell 2,250.0,2.5,0.0,2.5,3.879101451175032,0.7245691609977322,2342.091387558801,-0.05713786560934282
Voltage,Cell 3,250.0,2.5,-0.25,2.25,3.8547739986269933,0.6867553191489366,1486.5941590954963,-0.06590935822408886
Voltage,Cell 4,250.0,2.5,0.0,2.5,3.894937575908113,0.7449270482603825,2342.0919943807894,-0.057681559789050235
Voltage,Cell 1,260.0,2.5,0.25,2.75,3.8960624954755074,0.7602777777777774,3254.4200176768413,-0.048569993539491756
Voltage,Cell 2,260.0,2.5,0.0,2.5,3.8776088642636406,0.7231519274376415,2383.9441199296634,-0.05710337662150583
Voltage,Cell 3,260.0,2.5,-0.25,2.25,3.8530423196976846,0.6854255319148941,1513.4736582004602,-0.0659285952299252
Voltage,Cell 4,260.0,2.5,0.0,2.5,3.8934534073882756,0.7435241301907978,2383.950882656369,-0.057641831252021006
Voltage,Cell 1,270.0,2.5,0.25,2.75,3.8943628437884774,0.7587499999999996,3309.1513611338764,-0.04848619192679715
Voltage,Cell 2,270.0,2.5,0.0,2.5,3.8761302849250034,0.7217346938775507,2424.5259751902013,-0.05706928151492824
Voltage,Cell 3,270.0,2.5,-0.25,2.25,3.8513033376183623,0.6840957446808515,1539.912565659049,-0.06594261958740795
Voltage,Cell 4,270.0,2.5,0.0,2.5,3.8919920953801395,0.7421212121212131,2424.5406956537227,-0.057602534490797344
Voltage,Cell 1,280.0,2.5,0.25,2.75,3.8926941475889683,0.7572222222222218,3361.878513785181,-0.04840770809145456
Voltage,Cell 2,280.0,2.5,0.0,2.5,3.874663643836644,0.72031746031746,2463.8888692637483,-0.05703557049727208
Voltage,Cell 3,280.0,2.5,-0.25,2.25,3.8495572502366966,0.682765957446809,1565.9210740273666,-0.0659521166795177
Voltage,Cell 4,280.0,2.5,0.0,2.5,3.890551789612225,0.7407182940516284,2463.9130204114335,-0.05756365832700387
Voltage,Cell 1,290.0,2.5,0.25,2.75,3.8910541156030343,0.755694444444444,3412.6967495083604,-0.04833392298092253
Voltage,Cell 2,290.0,2.5,0.0,2.5,3.8732067782530804,0.7189002267573693,2502.090452074248,-0.05700223280097254
Voltage,Cell 3,290.0,2.5,-0.25,2.25,3.8478045513196335,0.6814361702127665,1591.5019759981428,-0.06595768713573558
Voltage,Cell 4,290.0,2.5,0.0,2.5,3.8891307028085214,0.7393153759820437,2502.1177841089193,-0.057525192354199804
Voltage,Cell 1,300.0,2.5,0.25,2.75,3.8894408173042985,0.7541666666666662,3461.6876383704202,-0.04826429646561704
Voltage,Cell 2,300.0,2.5,0.0,2.5,3.8717586204348207,0.7174829931972786,2539.1343233205844,-0.05696926999306466
Voltage,Cell 3,300.0,2.5,-0.25,2.25,3.8460465612234582,0.680106382978724,1616.6277052159621,-0.06595986112058987
Voltage,Cell 4,300.0,2.5,0.0,2.5,3.887727263824189,0.737912457912459,2539.195964392464,-0.05748712836980231
Voltage,Cell 1,310.0,2.5,0.25,2.75,3.887852378211629,0.7526388888888884,3508.931480233479,-0.04819835532224943
Voltage,Cell 2,310.0,2.5,0.0,2.5,3.8703169993983453,0.7160657596371879,2575.0803861760614,-0.05693667103627926
Voltage,Cell 3,310.0,2.5,-0.25,2.25,3.8442835462045344,0.6787765957446814,1641.3231186733087,-0.06595909452640461
Voltage,Cell 4,310.0,2.5,0.0,2.5,3.8863398945944096,0.7365095398428743,2575.1892275661558,-0.057449458819698554
Voltage,Cell 1,320.0,2.5,0.25,2.75,3.8862870752053826,0.7511111111111106,3554.503754977306,-0.048135684829563666
Voltage,Cell 2,320.0,2.5,0.0,2.5,3.8688797509294517,0.7146485260770972,2609.9890684748643,-0.05690442504904049
Voltage,Cell 3,320.0,2.5,-0.25,2.25,3.842515732973127,0.6774468085106389,1665.6199980643341,-0.06595578473706254
Voltage,Cell 4,320.0,2.5,0.0,2.5,3.8849671102987573,0.7351066217732896,2610.1362797726433,-0.057412176408815366
Voltage,Cell 1,330.0,2.5,0.25,2.75,3.8847433085252976,0.7495833333333328,3598.4755658325957,-0.0480759218714568
Voltage,Cell 2,330.0,2.5,0.0,2.5,3.8674445673138274,0.7132312925170065,2643.9287156595565,-0.05687251972412644
Voltage,Cell 3,330.0,2.5,-0.25,2.25,3.8407446771337788,0.6761170212765963,1689.497401448625,-0.0659502870948605
Voltage,Cell 4,330.0,2.5,0.0,2.5,3.8836074946938792,0.7337037037037049,2644.072926173558,-0.05737527492516056
Voltage,Cell 1,340.0,2.5,0.25,2.75,3.8832196428710533,0.748055555555555,3640.910873053881,-0.04801874977101589
Voltage,Cell 2,340.0,2.5,0.0,2.5,3.866012496959875,0.7118140589569157,2676.7999912275372,-0.05684097926622973
Voltage,Cell 3,340.0,2.5,-0.25,2.25,3.838973129002015,0.6747872340425538,1712.8881144222596,-0.06594291965664223
Voltage,Cell 4,340.0,2.5,0.0,2.5,3.882259721346703,0.7323007856341202,2677.030893410163,-0.05733874943627207
Voltage,Cell 1,350.0,2.5,0.25,2.75,3.8817146734398036,0.7465277777777772,3681.873643368878,-0.04796388981335165
Voltage,Cell 2,350.0,2.5,0.0,2.5,3.8645802325310314,0.710396825396825,2708.723423276202,-0.05680977973622756
Voltage,Cell 3,350.0,2.5,-0.25,2.25,3.8372005587149047,0.6734574468085113,1735.871188368529,-0.06593393945173502
Voltage,Cell 4,350.0,2.5,0.0,2.5,3.8809224579714017,0.7308978675645355,2709.0430963892177,-0.0573025944364955
Voltage,Cell 1,360.0,2.5,0.25,2.75,3.8802271246338687,0.7449999999999994,3721.4219955370354,-0.04791109874897339
Voltage,Cell 2,360.0,2.5,0.0,2.5,3.863145482154453,0.7089795918367343,2739.769142457073,-0.05677890864898386
Voltage,Cell 3,360.0,2.5,-0.25,2.25,3.835427146150983,0.6721276595744687,1758.49783790937,-0.06592357449031734
Voltage,Cell 4,360.0,2.5,0.0,2.5,3.879594467427282,0.7294949494949508,2740.1376380390248,-0.05726680588097585
Voltage,Cell 1,370.0,2.5,0.25,2.75,3.878755800341715,0.7434722222222216,3759.610676665245,-0.047860163594563424
Voltage,Cell 2,370.0,2.5,0.0,2.5,3.8617060359742412,0.7075623582766436,2770.0037324868026,-0.05674835464101165
Voltage,Cell 3,370.0,2.5,-0.25,2.25,3.8336555119794347,0.6707978723404262,1780.7172151540249,-0.06591203865072848
Voltage,Cell 4,370.0,2.5,0.0,2.5,3.878274528006553,0.728092031425366,2770.3422760792164,-0.05723137969765589
Voltage,Cell 1,380.0,2.5,0.25,2.75,3.877299558625662,0.7419444444444439,3796.4922115376285,-0.04781089752663583
Voltage,Cell 2,380.0,2.5,0.0,2.5,3.860263780778967,0.7061451247165529,2799.2906450049995,-0.056718148976528646
Voltage,Cell 3,380.0,2.5,-0.25,2.25,3.8318885401323266,0.6694680851063837,1802.469961234521,-0.06589952076208969
Voltage,Cell 4,380.0,2.5,0.0,2.5,3.876961449443968,0.7266891133557813,2799.6832550393156,-0.05719631218420473
Voltage,Cell 1,390.0,2.5,0.25,2.75,3.875857306610278,0.7404166666666661,3832.1166293964484,-0.04776313684092343
Voltage,Cell 2,390.0,2.5,0.0,2.5,3.8588153300547052,0.7047278911564622,2827.75826853935,-0.056688266797114514
Voltage,Cell 3,390.0,2.5,-0.25,2.25,3.8301259971381554,0.6681382978723411,1823.8313748860387,-0.06588616734533387
Voltage,Cell 4,390.0,2.5,0.0,2.5,3.8756540566567708,0.7252861952861966,2828.185922150693,-0.057161599860651585
Voltage,Cell 1,400.0,2.5,0.25,2.75,3.874428010065318,0.7388888888888883,3866.5311662228796,-0.04771673811334907
Voltage,Cell 2,400.0,2.5,0.0,2.5,3.8573589598113776,0.7033106575963715,2855.453045655093,-0.05665870083419673
Voltage,Cell 3,400.0,2.5,-0.25,2.25,3.8283687649954827,0.6668085106382986,1844.829184940243,-0.06587211243463917
Voltage,Cell 4,400.0,2.5,0.0,2.5,3.8743512017682256,0.7238832772166119,2855.8742778865926,-0.057127239515526784
Voltage,Cell 1,410.0,2.5,0.0,2.5,3.8730106744104713,0.7373611111111105,3899.780816970379,-0.04767157560204051
Voltage,Cell 2,410.0,2.5,0.0,2.5,3.8558931770589493,0.7018934240362807,2882.4113361456402,-0.056629446057590634
Voltage,Cell 3,410.0,2.5,-0.25,2.25,3.8266193345544064,0.6654787234042561,1865.4218761961342,-0.0658574827830326
Voltage,Cell 4,410.0,2.5,0.25,2.75,3.8730517542351377,0.7224803591470272,2882.771157669751,-0.05709322819336764
Voltage,Cell 1,420.0,2.5,0.25,2.75,3.8729932274866212,0.7359722222222216,3869.408548780054,-0.04887753900819512
Voltage,Cell 2,420.0,2.5,0.0,2.5,3.8544184745182837,0.70047619047619,2908.5734595781432,-0.05660051699848855
Voltage,Cell 3,420.0,2.5,-0.25,2.25,3.8248796531879226,0.6641489361702135,1885.5900875225643,-0.06584238656742139
Voltage,Cell 4,420.0,2.5,0.0,2.5,3.870364294008947,0.720937149270484,2971.399073649085,-0.05580956296043684
Voltage,Cell 1,430.0,2.5,0.25,2.75,3.8714406937769996,0.7344444444444438,3903.928505411478,-0.04867828129682144
Voltage,Cell 2,430.0,2.5,0.0,2.5,3.852932957499298,0.6990589569160993,2934.0007467861433,-0.05657190310039873
Voltage,Cell 3,430.0,2.5,-0.25,2.25,3.823150686014556,0.662819148936171,1905.3543698751914,-0.06582691307995789
Voltage,Cell 4,430.0,2.5,0.0,2.5,3.869224523291538,0.7195342312008993,2993.3082213286075,-0.055932490851029394
Voltage,Cell 1,440.0,2.5,0.25,2.75,3.8699168108773563,0.732916666666666,3937.2161569727746,-0.04849949838729474
Voltage,Cell 2,440.0,2.5,0.0,2.5,3.8514357067148746,0.6976417233560086,2958.708919524488,-0.05654360316814759
Voltage,Cell 3,440.0,2.5,-0.25,2.25,3.8214339066451073,0.6614893617021285,1924.7107407514711,-0.0658111435037917
Voltage,Cell 4,440.0,2.5,0.0,2.5,3.8680652332989287,0.7181313131313146,3014.6860372768137,-0.056036227627783285
Voltage,Cell 1,450.0,2.5,0.25,2.75,3.868418209316759,0.7313888888888882,3969.3219448173404,-0.04833867367645048
Voltage,Cell 2,450.0,2.5,0.0,2.5,3.849925871210474,0.6962244897959179,2982.7134315339754,-0.056515616029889734
Voltage,Cell 3,450.0,2.5,-0.25,2.25,3.819730496657235,0.6601595744680859,1943.6637218103233,-0.06579514793472371
Voltage,Cell 4,450.0,2.5,0.0,2.5,3.8668877360889353,0.7167283950617299,3035.5434353735996,-0.05612321183362185
Voltage,Cell 1,460.0,2.5,0.25,2.75,3.866941986134144,0.7298611111111104,4000.286507996816,-0.048193606946676217
Voltage,Cell 2,460.0,2.5,0.0,2.5,3.8484025024140647,0.6948072562358272,3006.037373167608,-0.05648793922632969
Voltage,Cell 3,460.0,2.5,-0.25,2.25,3.818041710175891,0.6588297872340434,1962.2109062912027,-0.06577898841949184
Voltage,Cell 4,460.0,2.5,0.0,2.5,3.865693201090041,0.7153254769921452,3055.8830608579096,-0.05619557892923583
Voltage,Cell 1,470.0,2.5,0.25,2.75,3.8654853639443068,0.7283333333333326,4030.1564462575334,-0.04806237065730566
Voltage,Cell 2,470.0,2.5,0.0,2.5,3.8468650509301394,0.6933900226757365,3028.689267081263,-0.05646057273655192
Voltage,Cell 3,470.0,2.5,-0.25,2.25,3.8163687546194263,0.6575000000000009,1980.347341849156,-0.06576271952742721
Voltage,Cell 4,470.0,2.5,0.0,2.5,3.8644823064375595,0.7139225589225605,3075.7195835713715,-0.0562551944874738
Voltage,Cell 1,480.0,2.5,0.25,2.75,3.864045802609352,0.7268055555555548,4058.9766992169134,-0.0479432778069316
Voltage,Cell 2,480.0,2.5,0.0,2.5,3.8453129909223223,0.6919727891156457,3050.6806785900226,-0.056433515981002255
Voltage,Cell 3,480.0,2.5,-0.25,2.25,3.8147126912280114,0.6561702127659583,1998.0691870868307,-0.06574638890855879
Voltage,Cell 4,480.0,2.5,0.0,2.5,3.86325556272423,0.7125196408529758,3095.0644455163037,-0.0563036913158358
Voltage,Cell 1,490.0,2.5,0.25,2.75,3.862620974081663,0.725277777777777,4086.7902663025206,-0.047834851970747806
Voltage,Cell 2,490.0,2.5,0.0,2.5,3.843745804657751,0.690555555555555,3072.0276077930794,-0.05640676744516783
Voltage,Cell 3,490.0,2.5,-0.25,2.25,3.8130739371976174,0.6548404255319158,2015.3950190548821,-0.0657300353776119
Voltage,Cell 4,490.0,2.5,0.0,2.5,3.8620132628035853,0.7111167227833911,3113.930059376932,-0.05634249763475359
Voltage,Cell 1,500.0,2.5,0.25,2.75,3.8612087512454374,0.7237499999999992,4113.637413228769,-0.04773580122604552
Voltage,Cell 2,500.0,2.5,0.0,2.5,3.842162742229328,0.6891383219954643,3092.76209775636,-0.056380322536916605
Voltage,Cell 3,500.0,2.5,-0.25,2.25,3.811453172716442,0.6535106382978733,2032.3265642042022,-0.06571369484131265
Voltage,Cell 4,500.0,2.5,0.0,2.5,3.8607556377434675,0.7097138047138064,3132.323200233945,-0.05637286416364283
Voltage,Cell 1,510.0,2.5,0.25,2.75,3.8598073963249884,0.7222222222222214,4139.544639248642,-0.04764499806953199
Voltage,Cell 2,510.0,2.5,0.0,2.5,3.8405636036027424,0.6877210884353736,3112.8952938090915,-0.0563541807028784
Voltage,Cell 3,510.0,2.5,-0.25,2.25,3.8098508399410695,0.6521808510638307,2048.870191383679,-0.06569739810597205
Voltage,Cell 4,510.0,2.5,0.0,2.5,3.859482826965027,0.7083108866442217,3150.24786508381,-0.05639588575297419
Voltage,Cell 1,520.0,2.5,0.25,2.75,3.8584149619731445,0.7206944444444436,4164.554777593847,-0.047561451221605336
Voltage,Cell 2,520.0,2.5,0.0,2.5,3.838948099533119,0.6863038548752829,3132.4483278500957,-0.0563283394772147
Voltage,Cell 3,520.0,2.5,-0.25,2.25,3.8082671395664063,0.6508510638297882,2065.0370949058647,-0.0656811714708601
Voltage,Cell 4,520.0,2.5,0.0,2.5,3.8581946247486516,0.706907968574637,3167.7193067112257,-0.056412517743706744
Voltage,Cell 1,530.0,2.5,0.25,2.75,3.85702973191775,0.7191666666666658,4188.703165949724,-0.04748429446051082
Voltage,Cell 2,530.0,2.5,0.0,2.5,3.8373161461523155,0.6848866213151922,3151.438974626257,-0.056302796913255945
Voltage,Cell 3,530.0,2.5,-0.25,2.25,3.806702595684583,0.6495212765957457,2080.820143440614,-0.06566503969658372
Voltage,Cell 4,530.0,2.5,0.0,2.5,3.8568908058687197,0.7055050505050523,3184.7484107589285,-0.05642359671127903
Voltage,Cell 1,540.0,2.5,0.25,2.75,3.8556500794670345,0.717638888888888,4212.024190672924,-0.04741276945287468
Voltage,Cell 2,540.0,2.5,0.0,2.5,3.8356680143712305,0.6834693877551015,3169.8755257307166,-0.05627755251649696
Voltage,Cell 3,540.0,2.5,-0.25,2.25,3.8051570474585934,0.6481914893617031,2096.2354082313013,-0.06564902204168435
Voltage,Cell 4,540.0,2.5,0.0,2.5,3.8555710500770326,0.7041021324354676,3201.346522890939,-0.056429854321983906
Voltage,Cell 1,550.0,2.5,0.25,2.75,3.8542745368457942,0.7161111111111103,4234.547250548289,-0.04734621329041566
Voltage,Cell 2,550.0,2.5,0.0,2.5,3.834003714409949,0.6820521541950108,3187.783779438905,-0.056252602942149135
Voltage,Cell 3,550.0,2.5,-0.25,2.25,3.803630345546405,0.6468617021276606,2111.293866716105,-0.06563313568078251
Voltage,Cell 4,550.0,2.5,0.0,2.5,3.8542351441085896,0.7026992143658829,3217.516750515347,-0.05643193230462456
Voltage,Cell 1,560.0,2.5,0.25,2.75,3.8529017416811473,0.7145833333333325,4256.298809103395,-0.04728404614323017
Voltage,Cell 2,560.0,2.5,0.0,2.5,3.832323517401675,0.68063492063492,3205.1843047117036,-0.05622794567132973
Voltage,Cell 3,560.0,2.5,-0.25,2.25,3.802122222471987,0.645531914893618,2126.0069832841873,-0.0656173954513725
Voltage,Cell 4,560.0,2.5,0.0,2.5,3.8528826682731325,0.7012962962962982,3233.269666405723,-0.05643039049380092
Voltage,Cell 1,570.0,2.5,0.25,2.75,3.8515302660700343,0.7130555555555547,4277.310260969668,-0.04722575899695678
Voltage,Cell 2,570.0,2.5,0.0,2.5,3.830627903483406,0.6792176870748293,3222.0947663707884,-0.05620357867274876
Voltage,Cell 3,570.0,2.5,-0.25,2.25,3.8006326721141197,0.6442021276595755,2140.370970876321,-0.06560181586797006
Voltage,Cell 4,570.0,2.5,0.0,2.5,3.8515131754037353,0.6998933782267135,3248.6155314406974,-0.056425718580902236
Voltage,Cell 1,580.0,2.5,0.25,2.75,3.8501587917995574,0.7115277777777769,4297.608971628159,-0.04717090687522472
Voltage,Cell 2,580.0,2.5,0.0,2.5,3.828917755401698,0.6778004535147386,3238.521602972276,-0.056179501759235445
Voltage,Cell 3,580.0,2.5,-0.25,2.25,3.7991612794381675,0.642872340425533,2154.3954671248684,-0.06558640814876275
Voltage,Cell 4,580.0,2.5,0.0,2.5,3.8501262279521438,0.6984904601571288,3263.563301202795,-0.05641834509489298
Voltage,Cell 1,590.0,2.5,0.25,2.75,3.8487860460962526,0.7099999999999991,4317.221073509286,-0.04711910023565555
Voltage,Cell 2,590.0,2.5,0.0,2.5,3.8271940135390876,0.6763832199546479,3254.475060848443,-0.056155713997143225
Voltage,Cell 3,590.0,2.5,-0.25,2.25,3.797707711437293,0.6415425531914905,2168.083173264041,-0.06557118271200893
Voltage,Cell 4,590.0,2.5,0.0,2.5,3.8487213891373537,0.6970875420875441,3278.121772664364,-0.05640864483358213
Voltage,Cell 1,600.0,2.5,0.25,2.75,3.84741144102266,0.7084722222222213,4336.093664015764,-0.04706999895350321
Voltage,Cell 2,600.0,2.5,0.0,2.5,3.825458371960781,0.6749659863945572,3269.8882169681783,-0.05613221466364879
Voltage,Cell 3,600.0,2.5,-0.25,2.25,3.796272511285628,0.6402127659574479,2181.3478133611525,-0.0655561495796335
Voltage,Cell 4,600.0,2.5,0.0,2.5,3.847298875023509,0.6956846240179594,3292.221778691936,-0.056396946136862566
Voltage,Cell 1,610.0,2.5,0.25,2.75,3.846032688528033,0.7069444444444435,4354.3863241418885,-0.04702330324272536
Voltage,Cell 2,610.0,2.5,0.0,2.5,3.82371080107672,0.6735487528344665,3284.9139996248086,-0.056109001521294014
Voltage,Cell 3,610.0,2.5,-0.25,2.25,3.794853609202823,0.6388829787234054,2194.345704571192,-0.06554131533335242
Voltage,Cell 4,610.0,2.5,0.0,2.5,3.845857237262687,0.6942817059483747,3306.00724687498,-0.05638353501313104
Voltage,Cell 1,620.0,2.5,0.25,2.75,3.844648962530144,0.7054166666666657,4372.079876441031,-0.04697875179321734
Voltage,Cell 2,620.0,2.5,0.0,2.5,3.8219529142506854,0.6721315192743758,3299.5224010048078,-0.05608607333859143
Voltage,Cell 3,620.0,2.5,-0.25,2.25,3.793450787303692,0.6375531914893628,2207.0398099790973,-0.06552668647966792
Voltage,Cell 4,620.0,2.5,0.0,2.5,3.844396474854915,0.69287878787879,3319.4441612899222,-0.056368662245567476
Voltage,Cell 1,630.0,2.5,0.25,2.75,3.8432591794906434,0.7038888888888879,4389.188096073393,-0.04693611553017668
Voltage,Cell 2,630.0,2.5,0.0,2.5,3.820186157207005,0.670714285714285,3313.7170130192862,-0.056063428801473865
Voltage,Cell 3,630.0,2.5,-0.25,2.25,3.7920634710285652,0.6362234042553203,2219.4269986218915,-0.0655122686645487
Voltage,Cell 4,630.0,2.5,0.0,2.5,3.842916367057154,0.6914758698092053,3332.532299017613,-0.05635254693833893
Voltage,Cell 1,640.0,2.5,0.25,2.75,3.841862065361659,0.7023611111111101,4405.749649386211,-0.046895193644470694
Voltage,Cell 2,640.0,2.5,0.0,2.5,3.8184118801906983,0.6692970521541943,3327.5248923924773,-0.056041066575722484
Voltage,Cell 3,640.0,2.5,-0.25,2.25,3.790690846464582,0.6348936170212778,2231.526267169217,-0.06549806677217754
Voltage,Cell 4,640.0,2.5,0.0,2.5,3.841416560892356,0.6900729517396206,3345.2963180890756,-0.056335380532811105
Voltage,Cell 1,650.0,2.5,0.25,2.75,3.840456471253181,0.7008333333333323,4421.790609408374,-0.046855810303684714
Voltage,Cell 2,650.0,2.5,0.0,2.5,3.816631560358095,0.6678798185941036,3340.967218599799,-0.05601898537372502
Voltage,Cell 3,650.0,2.5,-0.25,2.25,3.7893320616848003,0.6335638297872352,2243.35650242748,-0.0654840850116618
Voltage,Cell 4,650.0,2.5,0.0,2.5,3.83989686210464,0.6886700336700359,3357.751872781227,-0.05631733041450468
Voltage,Cell 1,660.0,2.5,0.25,2.75,3.8390416378652987,0.6993055555555545,4437.296368074896,-0.046817811767841874
Voltage,Cell 2,660.0,2.5,0.0,2.5,3.8148471718899204,0.6664625850340129,3354.0191296055164,-0.05599718407059809
Voltage,Cell 3,660.0,2.5,-0.25,2.25,3.7879867714404543,0.6322340425531927,2254.8864466319537,-0.0654703268523897
Voltage,Cell 4,660.0,2.5,0.0,2.5,3.8383575651507815,0.6872671156004512,3369.8716740298346,-0.05629854311426805
Voltage,Cell 1,670.0,2.5,0.25,2.75,3.837616612145549,0.6977777777777767,4452.274945967728,-0.04678106314688371
Voltage,Cell 2,670.0,2.5,0.0,2.5,3.8130604990651937,0.6650453514739222,3366.6806254096155,-0.05597566147297893
Voltage,Cell 3,670.0,2.5,-0.25,2.25,3.7866543454490476,0.6309042553191502,2266.1111267003535,-0.06545679529757276
Voltage,Cell 4,670.0,2.5,0.0,2.5,3.836798848039553,0.6858641975308665,3381.652674335264,-0.05627914655740524
Voltage,Cell 1,680.0,2.5,0.25,2.75,3.836180463638003,0.6962499999999989,4466.733918080903,-0.04674544621771279
Voltage,Cell 2,680.0,2.5,0.0,2.5,3.8112733501348486,0.6636281179138315,3378.9517060120925,-0.05595441640337714
Voltage,Cell 3,680.0,2.5,-0.25,2.25,3.7853341460340575,0.6295744680851076,2277.0258458327116,-0.0654434928883135
Voltage,Cell 4,680.0,2.5,0.0,2.5,3.8352210030360445,0.6844612794612818,3393.091995503415,-0.056259252517079604
Voltage,Cell 1,690.0,2.5,0.25,2.75,3.8347318188214308,0.6947222222222211,4480.732943193213,-0.04671085698448969
Voltage,Cell 2,690.0,2.5,0.0,2.5,3.80948707692762,0.6622108843537408,3390.8818772224913,-0.0559334476008969
Voltage,Cell 3,690.0,2.5,-0.25,2.25,3.7840250374764484,0.6282446808510651,2287.6734596512847,-0.06543042191681755
Voltage,Cell 4,690.0,2.5,0.0,2.5,3.8336239956852722,0.6830583613916971,3404.237056842781,-0.056238958411494254
Voltage,Cell 1,700.0,2.5,0.25,2.75,3.8332699707166116,0.6931944444444433,4494.260181789708,-0.04667720472728586
Voltage,Cell 2,700.0,2.5,0.0,2.5,3.8077035968135573,0.66079365079365,3402.4575244305706,-0.055912753970173375
Voltage,Cell 3,700.0,2.5,-0.25,2.25,3.782726487453118,0.6269148936170226,2298.039318831032,-0.06541758415781058
Voltage,Cell 4,700.0,2.5,0.0,2.5,3.8320085006734264,0.6816554433221124,3415.0706122783463,-0.056218349609771054
Voltage,Cell 1,710.0,2.5,0.25,2.75,3.831793909588871,0.6916666666666655,4507.3418662546555,-0.046644409647088235
Voltage,Cell 2,710.0,2.5,0.0,2.5,3.805924527396937,0.6593764172335593,3413.6938918901687,-0.05589233437990508
Voltage,Cell 3,710.0,2.5,-0.25,2.25,3.781437738973007,0.62558510638298,2308.131707051636,-0.06540498115110276
Voltage,Cell 4,710.0,2.5,0.0,2.5,3.830375052970487,0.6802525252525277,3425.6066912758147,-0.05619750053551055
Voltage,Cell 1,720.0,2.5,0.25,2.75,3.830302694916576,0.6901388888888877,4520.000648130717,-0.04661240175381365
Voltage,Cell 2,720.0,2.5,0.0,2.5,3.804151376334382,0.6579591836734686,3424.611837410328,-0.0558721877162993
Voltage,Cell 3,720.0,2.5,-0.25,2.25,3.7801579260958067,0.6242553191489375,2317.9705236979935,-0.06539261421944034
Voltage,Cell 4,720.0,2.5,0.0,2.5,3.8287242955708862,0.678849607182943,3435.8626085234023,-0.0561764761495253
Voltage,Cell 1,730.0,2.5,0.25,2.75,3.8287956454758447,0.68861111111111,4532.23456884216,-0.0465811197641719
Voltage,Cell 2,730.0,2.5,0.0,2.5,3.8023858699973645,0.6565419501133779,3435.1999385449453,-0.055852312926886846
Voltage,Cell 3,730.0,2.5,-0.25,2.25,3.7788865880533775,0.622925531914895,2327.538307596844,-0.06538048433032326
Voltage,Cell 4,730.0,2.5,0.0,2.5,3.82705726957148,0.6774466891133583,3445.82601564904,-0.056155333249705765
Voltage,Cell 1,740.0,2.5,0.25,2.75,3.82727177558732,0.6870833333333322,4544.083773881343,-0.046550509661892656
Voltage,Cell 2,740.0,2.5,0.0,2.5,3.8006292028639193,0.6551247165532872,3445.496225305302,-0.055832708933097434
Voltage,Cell 3,740.0,2.5,-0.25,2.25,3.7776227299665304,0.6215957446808524,2336.871874487534,-0.06536859244538487
Voltage,Cell 4,740.0,2.5,0.0,2.5,3.825374747895975,0.6760437710437736,3455.5317633538634,-0.05613412124803013
Voltage,Cell 1,750.0,2.5,0.25,2.75,3.8257305867670848,0.6855555555555544,4555.5377931124385,-0.04652052425418629
Voltage,Cell 2,750.0,2.5,0.0,2.5,3.7988829459974682,0.6537074829931965,3455.4843665027875,-0.05581337471979057
Voltage,Cell 3,750.0,2.5,-0.25,2.25,3.7763659572897947,0.6202659574468099,2345.9513562210323,-0.06535693915445646
Voltage,Cell 4,750.0,2.5,0.0,2.5,3.8236780850442234,0.6746408529741889,3464.961884209364,-0.05611288338972315
Voltage,Cell 1,760.0,2.5,0.25,2.75,3.824171322200845,0.6840277777777766,4566.625819867241,-0.04649112189727041
Voltage,Cell 2,760.0,2.5,0.0,2.5,3.7971482305815716,0.6522902494331058,3465.1849922602414,-0.05579430926777966
Voltage,Cell 3,760.0,2.5,-0.25,2.25,3.7751155510759,0.6189361702127674,2354.791712880751,-0.06534552502502719
Voltage,Cell 4,760.0,2.5,0.0,2.5,3.821968441227658,0.6732379349046042,3474.1364993929537,-0.05609165727902136
Voltage,Cell 1,770.0,2.5,0.25,2.75,3.8225934376992736,0.6824999999999988,4577.360696382275,-0.04646226605406157
Voltage,Cell 2,770.0,2.5,0.0,2.5,3.7954261214592533,0.650873015873015,3474.6116270719394,-0.05577551158464634
Voltage,Cell 3,770.0,2.5,-0.25,2.25,3.7738708231270413,0.6176063829787248,2363.4073512724453,-0.0653343505012088
Voltage,Cell 4,770.0,2.5,0.0,2.5,3.8202471764392834,0.6718350168350194,3483.06550495439,-0.05607047571022885
Voltage,Cell 1,780.0,2.5,0.25,2.75,3.820996563054792,0.680972222222221,4587.744780580797,-0.04643392463222697
Voltage,Cell 2,780.0,2.5,0.0,2.5,3.7937176998737283,0.6494557823129243,3483.7605947976845,-0.05575698069780724
Voltage,Cell 3,780.0,2.5,-0.25,2.25,3.7726313355869867,0.6162765957446823,2371.79070813028,-0.06532341582875181
Voltage,Cell 4,780.0,2.5,0.0,2.5,3.8185158754054056,0.6704320987654347,3491.744284171899,-0.05604936727592699
Voltage,Cell 1,790.0,2.5,0.25,2.75,3.819380378784798,0.6794444444444432,4597.78616395075,-0.046406069365243066
Voltage,Cell 2,790.0,2.5,0.0,2.5,3.792023842098195,0.6480385487528336,3492.635925868908,-0.05573871564869582
Voltage,Cell 3,790.0,2.5,-0.25,2.25,3.7713965902379356,0.6149468085106398,2379.943290927815,-0.06531272119216709
Voltage,Cell 4,790.0,2.5,0.0,2.5,3.8167761535219196,0.66902918069585,3500.1753557785414,-0.056028356847693986
Voltage,Cell 1,800.0,2.5,0.25,2.75,3.81774457036478,0.6779166666666654,4607.506049523324,-0.04637867531568827
Voltage,Cell 2,800.0,2.5,0.0,2.5,3.790345194561101,0.6466213151927429,3501.2522728772456,-0.05572071550098531
Voltage,Cell 3,800.0,2.5,-0.25,2.25,3.770166034638122,0.6136170212765972,2387.87534812932,-0.065302266732363
Voltage,Cell 4,800.0,2.5,0.0,2.5,3.815029604994828,0.6676262626262653,3508.3731600504243,-0.056007466042024695
Voltage,Cell 1,810.0,2.5,0.25,2.75,3.8160890175273003,0.6763888888888876,4616.915505854085,-0.04635172053981652
Voltage,Cell 2,810.0,2.5,0.0,2.5,3.7886822894372596,0.6452040816326522,3509.62096618125,-0.05570297933807294
Voltage,Cell 3,810.0,2.5,-0.25,2.25,3.7689391290367396,0.6122872340425547,2395.5988677931155,-0.06529205253236035
Voltage,Cell 4,810.0,2.5,0.0,2.5,3.81327792961558,0.6662233445566806,3516.345837757601,-0.05598671365826232
Voltage,Cell 1,820.0,2.5,0.25,2.75,3.814413760352242,0.6748611111111098,4626.020897543971,-0.04632518569704473
Voltage,Cell 2,820.0,2.5,0.0,2.5,3.787035602734729,0.6437868480725615,3517.743470347381,-0.055685506255110026
Voltage,Cell 3,820.0,2.5,-0.25,2.25,3.7677154989705337,0.6109574468085122,2403.112082147103,-0.06528207855523882
Voltage,Cell 4,820.0,2.5,0.0,2.5,3.811522921938442,0.6648204264870959,3524.09430618038,-0.05596611603120411
Voltage,Cell 1,830.0,2.5,0.25,2.75,3.812718941624434,0.673333333333332,4634.832226721995,-0.0462990537013686
Voltage,Cell 2,830.0,2.5,0.0,2.5,3.7854054307241265,0.6423696145124708,3525.6265443310476,-0.05566829536685235
Voltage,Cell 3,830.0,2.5,-0.25,2.25,3.7664947377887494,0.6096276595744696,2410.419735208746,-0.06527234474255343
Voltage,Cell 4,830.0,2.5,0.0,2.5,3.809766356842438,0.6634175084175112,3531.624125587898,-0.055945687326055156
Voltage,Cell 1,840.0,2.5,0.25,2.75,3.811004831267124,0.6718055555555542,4643.361441360518,-0.04627330945178081
Voltage,Cell 2,840.0,2.5,0.0,2.5,3.7837919305468377,0.64095238095238,3533.2785170888856,-0.05565134580739347
Voltage,Cell 3,840.0,2.5,-0.25,2.25,3.7652764608054894,0.6082978723404271,2417.5278298090852,-0.06526285099901386
Voltage,Cell 4,840.0,2.5,0.0,2.5,3.8080099956726747,0.6620145903479265,3538.9427656949906,-0.05592543981860264
Voltage,Cell 1,850.0,2.5,0.25,2.75,3.809271850055536,0.6702777777777764,4651.61882761473,-0.04624793959030608
Voltage,Cell 2,850.0,2.5,0.0,2.5,3.7821951369496043,0.6395351473922893,3540.707556383044,-0.055634656728243706
Voltage,Cell 3,850.0,2.5,-0.25,2.25,3.76406030685834,0.6069680851063846,2424.443317398295,-0.06525359719871691
Voltage,Cell 4,850.0,2.5,0.0,2.5,3.806255580714326,0.6606116722783418,3546.056903251779,-0.05590538413332689
Voltage,Cell 1,860.0,2.5,0.25,2.75,3.8075205690274627,0.6687499999999986,4659.613676408493,-0.04622293228571838
Voltage,Cell 2,860.0,2.5,0.0,2.5,3.780614980526905,0.6381179138321986,3547.9199254060295,-0.0556182272954969
Voltage,Cell 3,860.0,2.5,-0.25,2.25,3.7628459619841714,0.605638297872342,2431.170544061785,-0.06524458317732842
Voltage,Cell 4,860.0,2.5,0.0,2.5,3.8045048181783345,0.6592087542087571,3552.971956277057,-0.055885529451467
Voltage,Cell 1,870.0,2.5,0.25,2.75,3.80575170253601,0.6672222222222208,4667.35577985234,-0.046198277043914174
Voltage,Cell 2,870.0,2.5,0.0,2.5,3.7790512799801506,0.6367006802721079,3554.9228279561394,-0.055602056693432725
Voltage,Cell 3,870.0,2.5,-0.25,2.25,3.761633132775178,0.6043085106382995,2437.715104101435,-0.06523580875202974
Voltage,Cell 4,870.0,2.5,0.0,2.5,3.8027593480766835,0.6578058361391724,3559.694176149164,-0.05586588369426147
Voltage,Cell 1,880.0,2.5,0.25,2.75,3.8039661390863357,0.665694444444443,4674.851865217673,-0.04617396455347518
Voltage,Cell 2,880.0,2.5,0.0,2.5,3.7775037787645616,0.6352834467120172,3561.7214627557078,-0.055586144119710794
Voltage,Cell 3,880.0,2.5,-0.25,2.25,3.7604215698052044,0.602978723404257,2444.0813800409437,-0.06522727371308058
Voltage,Cell 4,880.0,2.5,0.0,2.5,3.801020756849391,0.6564029180695877,3566.227336364806,-0.05584645368458791
Voltage,Cell 1,890.0,2.5,0.25,2.75,3.8021648907436454,0.6641666666666652,4682.110454716945,-0.04614998652366231
Voltage,Cell 2,890.0,2.5,0.0,2.5,3.775972136832296,0.6338662131519265,3568.3207344808034,-0.055570488786786804
Voltage,Cell 3,890.0,2.5,-0.25,2.25,3.7592110759817765,0.6016489361702144,2450.271843134984,-0.06521897782191269
Voltage,Cell 4,890.0,2.5,0.0,2.5,3.7992905263435945,0.655000000000003,3572.576240539869,-0.05582724528214882
Voltage,Cell 1,900.0,2.5,0.25,2.75,3.800349093149749,0.6626388888888874,4689.141263674071,-0.04612633556174374
Voltage,Cell 2,900.0,2.5,0.0,2.5,3.7744559034456606,0.6324489795918358,3574.728655736417,-0.05555508992868609
Voltage,Cell 3,900.0,2.5,-0.25,2.25,3.75800142457418,0.6003191489361719,2456.293507572429,-0.06521092085855693
Voltage,Cell 4,900.0,2.5,0.0,2.5,3.7975700086274613,0.6535970819304183,3578.7478233694296,-0.05580826350606612
Voltage,Cell 1,910.0,2.5,0.25,2.75,3.7985200195658795,0.6611111111111097,4695.952931109456,-0.04610300507005742
Voltage,Cell 2,910.0,2.5,0.0,2.5,3.772954576390672,0.6310317460317451,3580.9517988895714,-0.05553994679327179
Voltage,Cell 3,910.0,2.5,-0.25,2.25,3.756792436769375,0.5989893617021294,2462.1516582358445,-0.06520310258327164
Voltage,Cell 4,910.0,2.5,0.0,2.5,3.79586044749026,0.6521941638608336,3584.7479025967914,-0.055789512644674966
Voltage,Cell 1,920.0,2.5,0.25,2.75,3.7966791183972686,0.6595833333333319,4702.54745995694,-0.04607998915911364
Voltage,Cell 2,920.0,2.5,0.0,2.5,3.771467637251763,0.6296145124716543,3586.9925959433604,-0.05552505863458652
Voltage,Cell 3,920.0,2.5,-0.25,2.25,3.755583984188137,0.5976595744680868,2467.8493740792155,-0.06519552273562751
Voltage,Cell 4,920.0,2.5,0.0,2.5,3.794163009046696,0.6507912457912489,3590.576764033218,-0.0557709963469777
Voltage,Cell 1,930.0,2.5,0.25,2.75,3.7948278964251925,0.6580555555555541,4708.932088975849,-0.04605728253599175
Voltage,Cell 2,930.0,2.5,0.0,2.5,3.7699945279510643,0.6281972789115636,3592.852759864727,-0.05551042471820804
Voltage,Cell 3,930.0,2.5,-0.25,2.25,3.7543760244071374,0.5963297872340443,2473.384377230373,-0.06518818101330012
Voltage,Cell 4,930.0,2.5,0.0,2.5,3.792478697067635,0.6493883277216642,3596.237675278171,-0.055752717702977184
Voltage,Cell 1,940.0,2.5,0.25,2.75,3.792967923805556,0.6565277777777763,4715.116982226776,-0.046034880438362034
Voltage,Cell 2,940.0,2.5,0.0,2.5,3.768534571726404,0.6267800453514729,3598.542104978096,-0.055496044344217635
Voltage,Cell 3,940.0,2.5,-0.25,2.25,3.7531684011959614,0.5950000000000017,2478.7664463698848,-0.06518107719316117
Voltage,Cell 4,940.0,2.5,0.0,2.5,3.7908083286167145,0.6479854096520795,3601.7389720948577,-0.05573467931855271
Voltage,Cell 1,950.0,2.5,0.25,2.75,3.791100865495324,0.6549999999999985,4721.109761358753,-0.04601277858047437
Voltage,Cell 2,950.0,2.5,0.0,2.5,3.767087099754538,0.6253628117913822,3604.0665997088254,-0.05548191681949071
Voltage,Cell 3,950.0,2.5,-0.25,2.25,3.751961035663579,0.5936702127659592,2484.000517580015,-0.0651742110202214
Voltage,Cell 4,950.0,2.5,0.0,2.5,3.7891526062340337,0.6465824915824948,3607.0860287307964,-0.05571688337691559
Voltage,Cell 1,960.0,2.5,0.25,2.75,3.7892284414811663,0.6534722222222207,4726.917958097365,-0.04599097309115177
Voltage,Cell 2,960.0,2.5,0.0,2.5,3.7656514212458996,0.6239455782312915,3609.432212482254,-0.055468041466127625
Voltage,Cell 3,960.0,2.5,-0.25,2.25,3.750753869633934,0.5923404255319167,2489.091582699242,-0.06516758224158992
Voltage,Cell 4,960.0,2.5,0.0,2.5,3.787512090591287,0.6451795735129101,3612.284253600876,-0.05569933169346223
Voltage,Cell 1,970.0,2.5,0.25,2.75,3.787352407332919,0.6519444444444429,4732.54901924052,-0.04596946046414573
Voltage,Cell 2,970.0,2.5,0.0,2.5,3.7642268308050753,0.6225283446712008,3614.6449117237353,-0.0554544176213593
Voltage,Cell 3,970.0,2.5,-0.25,2.25,3.7495468646572667,0.5910106382978741,2494.044686224608,-0.06516119060784015
Voltage,Cell 4,970.0,2.5,0.0,2.5,3.785887202786408,0.6437766554433254,3617.339087389058,-0.05568202576371637
Voltage,Cell 1,980.0,2.5,0.25,2.75,3.7854746053706507,0.6504166666666651,4738.002054738715,-0.04594823752269986
Voltage,Cell 2,980.0,2.5,0.0,2.5,3.762812659400768,0.6211111111111101,3619.706183565788,-0.055441044623032815
Voltage,Cell 3,980.0,2.5,-0.25,2.25,3.7483400178743045,0.5896808510638316,2498.863417972977,-0.06515503586298604
Voltage,Cell 4,980.0,2.5,0.0,2.5,3.784278290851829,0.6423737373737407,3622.2491991887246,-0.055664966797659414
Voltage,Cell 1,990.0,2.5,0.25,2.75,3.7835968264060384,0.6488888888888873,4743.281564269571,-0.04592730136414899
Voltage,Cell 2,990.0,2.5,0.0,2.5,3.761408279150521,0.6196938775510193,3624.6132830254355,-0.05542792180708069
Voltage,Cell 3,990.0,2.5,-0.25,2.25,3.747133477146389,0.5883510638297891,2503.5395899823516,-0.06514911766590441
Voltage,Cell 4,990.0,2.5,0.0,2.5,3.782685558336157,0.640970819304156,3627.015023550667,-0.055648155762236355
Voltage,Cell 1,1000.0,2.5,0.25,2.75,3.781720781609238,0.6473611111111095,4748.398251949928,-0.04590664933007319
Voltage,Cell 2,1000.0,2.5,0.0,2.5,3.7600129222410827,0.6182766439909286,3629.378036642909,-0.0554150485703503
Voltage,Cell 3,1000.0,2.5,-0.25,2.25,3.745927171967073,0.5870212765957465,2508.086070741704,-0.06514343583702494
Voltage,Cell 4,1000.0,2.5,0.0,2.5,3.781108999495004,0.6395679012345713,3631.646483086605,-0.05563159342561325
Voltage,Cell 1,1010.0,2.5,0.25,2.75,3.7798481756861406,0.6458333333333317,4753.358282961881,-0.045886278987453975
Voltage,Cell 2,1010.0,2.5,0.0,2.5,3.758625896682099,0.6168594104308379,3634.0054270454093,-0.05540242430287383
Voltage,Cell 3,1010.0,2.5,-0.25,2.25,3.7447211444977144,0.585691489361704,2512.5071018947083,-0.06513799014024986
Voltage,Cell 4,1010.0,2.5,0.0,2.5,3.779548543426039,0.6381649831649866,3636.148144956225,-0.05561528036904762
Voltage,Cell 1,1020.0,2.5,0.0,2.5,3.7779806496816355,0.6443055555555539,4758.167758671299,-0.04586618809815063
Voltage,Cell 2,1020.0,2.5,0.0,2.5,3.757246523303786,0.6154421768707472,3638.500436860111,-0.055390048408803454
Voltage,Cell 3,1020.0,2.5,-0.25,2.25,3.7435154517413363,0.5843617021276615,2516.806964653868,-0.06513278034696741
Voltage,Cell 4,1020.0,2.5,0.25,2.75,3.778004013951197,0.6367620650954019,3640.524600566828,-0.05559921701666176
Voltage,Cell 1,1030.0,2.5,0.25,2.75,3.777508652609177,0.642916666666665,4700.332720173106,-0.047096374596549674
Voltage,Cell 2,1030.0,2.5,0.0,2.5,3.755874139381597,0.6140249433106565,3642.8680487141974,-0.0553779203063315
Voltage,Cell 3,1030.0,2.5,-0.25,2.25,3.7423101645738432,0.5830319148936189,2520.989977601952,-0.06512780623665118
Voltage,Cell 4,1030.0,2.5,0.0,2.5,3.7750848473779812,0.6352188552188587,3707.2804642263163,-0.05433340365690666
Voltage,Cell 1,1040.0,2.5,0.25,2.75,3.7754996760504134,0.6413888888888872,4708.3248669456325,-0.0469205865703951
Voltage,Cell 2,1040.0,2.5,0.0,2.5,3.7545081288727222,0.6126077097505658,3647.1104949445107,-0.055366039416657145
Voltage,Cell 3,1040.0,2.5,-0.25,2.25,3.7411053667892302,0.5817021276595764,2525.0604946160047,-0.06512306759738185
Voltage,Cell 4,1040.0,2.5,0.0,2.5,3.7737275662000136,0.633815937149274,3707.943062041317,-0.05447409045137529
Voltage,Cell 1,1050.0,2.5,0.25,2.75,3.7735197809540604,0.6398611111111094,4715.980779524684,-0.04676460348977478
Voltage,Cell 2,1050.0,2.5,0.0,2.5,3.7531479708630564,0.6111904761904751,3651.2227083199323,-0.055354405143202674
Voltage,Cell 3,1050.0,2.5,-0.25,2.25,3.7399013075314858,0.5803723404255339,2529.00895175634,-0.06511856411133002
Voltage,Cell 4,1050.0,2.5,0.0,2.5,3.7723657238027584,0.6324130190796893,3708.6757474922842,-0.0545954962055037
Voltage,Cell 1,1060.0,2.5,0.25,2.75,3.771567726548915,0.6383333333333316,4723.320911643807,-0.04662598228873366
Voltage,Cell 2,1060.0,2.5,0.0,2.5,3.7517930090208482,0.6097732426303843,3655.2158390643854,-0.05534301696670766
Voltage,Cell 3,1060.0,2.5,-0.25,2.25,3.7386980134695587,0.5790425531914913,2532.8470988687304,-0.0651142956404907
Voltage,Cell 4,1060.0,2.5,0.0,2.5,3.7710012203947314,0.6310101010101046,3709.477211017507,-0.054700062316203606
Voltage,Cell 1,1070.0,2.5,0.25,2.75,3.76964248802606,0.6368055555555538,4730.360310571131,-0.046502585185211956
Voltage,Cell 2,1070.0,2.5,0.0,2.5,3.750442682604534,0.6083560090702936,3659.0939658668212,-0.055331874353973846
Voltage,Cell 3,1070.0,2.5,-0.25,2.25,3.737495609502664,0.5777127659574488,2536.5786753788493,-0.06511026199232228
Voltage,Cell 4,1070.0,2.5,0.0,2.5,3.769635646591782,0.6296071829405199,3710.341120422765,-0.05478992492027031
Voltage,Cell 1,1080.0,2.5,0.0,2.5,3.767743171400758,0.635277777777776,4737.11341598819,-0.04639254152159084
Voltage,Cell 2,1080.0,2.5,0.0,2.5,3.749096458371226,0.6069387755102029,3662.8611674163294,-0.05532097678496446
Voltage,Cell 3,1080.0,2.5,-0.25,2.25,3.7362942318589303,0.5763829787234063,2540.2072550048356,-0.06510646298228587
Voltage,Cell 4,1080.0,2.5,0.25,2.75,3.7682702797251793,0.6282042648709352,3711.261723019554,-0.05486695306256164
Voltage,Cell 1,1090.0,2.5,0.25,2.75,3.7672578650247637,0.6338888888888872,4681.0940937448,-0.04754421437599897
Voltage,Cell 2,1090.0,2.5,0.0,2.5,3.74775383157946,0.6055215419501122,3666.5215224019557,-0.05531032375273656
Voltage,Cell 3,1090.0,2.5,-0.25,2.25,3.7350940250771885,0.5750531914893637,2543.7364379856244,-0.06510289843567357
Voltage,Cell 4,1090.0,2.5,0.0,2.5,3.765515834437342,0.626661054994392,3774.73381343034,-0.05368278208418655
Voltage,Cell 1,1100.0,2.5,0.25,2.75,3.765251840192562,0.6323611111111094,4690.783508210233,-0.04729992134383715
Voltage,Cell 2,1100.0,2.5,0.0,2.5,3.7464143381046187,0.6041043083900215,3670.077944678902,-0.05529991475794657
Voltage,Cell 3,1100.0,2.5,-0.25,2.25,3.7338951411359473,0.5737234042553212,2547.1698496076106,-0.06509956818783404
Voltage,Cell 4,1100.0,2.5,0.0,2.5,3.764309946567587,0.6252581369248073,3772.2772971676,-0.05389509282853676
Voltage,Cell 1,1110.0,2.5,0.25,2.75,3.763289106845828,0.6308333333333316,4700.024676412691,-0.04708419022527855
Voltage,Cell 2,1110.0,2.5,0.0,2.5,3.7450776267452373,0.6026870748299308,3673.524911129025,-0.055289749273115384
Voltage,Cell 3,1110.0,2.5,-0.25,2.25,3.732697837883269,0.5723936170212787,2550.501795748538,-0.06509647200234102
Voltage,Cell 4,1110.0,2.5,0.0,2.5,3.7630871766307026,0.6238552188552225,3770.0465853284427,-0.0540793559515454
Voltage,Cell 1,1120.0,2.5,0.0,2.5,3.761366511414319,0.6293055555555538,4708.84424004804,-0.04689348275982701
Voltage,Cell 2,1120.0,2.5,0.0,2.5,3.743743228232762,0.6012698412698401,3676.8720329353346,-0.05527982685309331
Voltage,Cell 3,1120.0,2.5,-0.25,2.25,3.731502248064018,0.5710638297872361,2553.7389171228633,-0.06509360975776804
Voltage,Cell 4,1120.0,2.5,0.25,2.75,3.7618503312377856,0.6224523007856378,3768.0315438072344,-0.05423910823532637
Voltage,Cell 1,1130.0,2.5,0.25,2.75,3.7608701334850156,0.6279166666666649,4654.763466547371,-0.04797470287730438
Voltage,Cell 2,1130.0,2.5,0.0,2.5,3.7424107642578974,0.5998526077097494,3680.122664988241,-0.0552701470368708
Voltage,Cell 3,1130.0,2.5,-0.25,2.25,3.730308534361039,0.5697340425531936,2556.8855150678082,-0.06509098132353604
Voltage,Cell 4,1130.0,2.5,0.0,2.5,3.7592115219592093,0.6209090909090946,3828.718022511786,-0.053127444285519305
Voltage,Cell 1,1140.0,2.5,0.25,2.75,3.758863394567829,0.6263888888888871,4666.274852078189,-0.04766889142819998
Voltage,Cell 2,1140.0,2.5,0.0,2.5,3.741079886294509,0.5984353741496586,3683.280162178191,-0.055260709375827166
Voltage,Cell 3,1140.0,2.5,-0.25,2.25,3.7291168776821553,0.5684042553191511,2559.9445797601543,-0.06508858656785622
Voltage,Cell 4,1140.0,2.5,0.0,2.5,3.7581095981583386,0.6195061728395099,3823.620622685253,-0.05340332181631739
Voltage,Cell 1,1150.0,2.5,0.0,2.5,3.7569086315726765,0.6248611111111093,4677.232608836833,-0.04739945907032607
Voltage,Cell 2,1150.0,2.5,0.0,2.5,3.7397502752699405,0.5970181405895679,3686.34787939566,-0.05525151343367361
Voltage,Cell 3,1150.0,2.5,-0.25,2.25,3.7279274622393537,0.5670744680851085,2562.919120197589,-0.06508642536934048
Voltage,Cell 4,1150.0,2.5,0.25,2.75,3.75698016860464,0.6181032547699252,3818.8922107208946,-0.05364332876349195
Voltage,Cell 1,1160.0,2.5,0.25,2.75,3.756390149717065,0.6234722222222204,4625.1650178892105,-0.048411890043272475
Voltage,Cell 2,1160.0,2.5,0.0,2.5,3.7384216414084763,0.5956009070294772,3689.3291408575096,-0.055242558786234075
Voltage,Cell 3,1160.0,2.5,-0.25,2.25,3.726740474794761,0.565744680851066,2565.8121631534077,-0.065084497617098
Voltage,Cell 4,1160.0,2.5,0.0,2.5,3.7544367825508322,0.616560044893382,3877.0101655791573,-0.052601979506512714
Voltage,Cell 1,1170.0,2.5,0.25,2.75,3.7543698149748046,0.6219444444444426,4638.569204311053,-0.04804598296989045
Voltage,Cell 2,1170.0,2.5,0.0,2.5,3.7370937528788244,0.5941836734693865,3692.2242759776927,-0.05523384500515269
Voltage,Cell 3,1170.0,2.5,-0.25,2.25,3.7255561205407295,0.5644148936170235,2568.625143712855,-0.06508280319571702
Voltage,Cell 4,1170.0,2.5,0.0,2.5,3.753419586892993,0.6151571268237973,3869.4785533554077,-0.05293947405701855
Voltage,Cell 1,1180.0,2.5,0.25,2.75,3.7524085695482237,0.6204166666666648,4651.306164237619,-0.0477240615664615
Voltage,Cell 2,1180.0,2.5,0.0,2.5,3.73576638260944,0.5927664399092958,3695.0359892401248,-0.05522537168595065
Voltage,Cell 3,1180.0,2.5,-0.25,2.25,3.724374610682698,0.5630851063829809,2571.359029145533,-0.06508134199494592
Voltage,Cell 4,1180.0,2.5,0.0,2.5,3.7523653208782894,0.6137542087542126,3862.4428001136116,-0.053233487372706716
Voltage,Cell 1,1190.0,2.5,0.0,2.5,3.7505008203382784,0.618888888888887,4663.383357145104,-0.04744065895384859
Voltage,Cell 2,1190.0,2.5,0.0,2.5,3.734439590245141,0.5913492063492051,3697.7392921439205,-0.05521713828600765
Voltage,Cell 3,1190.0,2.5,-0.25,2.25,3.7231964085125777,0.5617553191489384,2573.9887963770307,-0.06508011367771882
Voltage,Cell 4,1190.0,2.5,0.25,2.75,3.751279071859606,0.6123512906846279,3855.8457463153663,-0.053489484882184246
Voltage,Cell 1,1200.0,2.5,0.25,2.75,3.7500299122744973,0.6174999999999982,4612.375751151292,-0.04844099164847556
Voltage,Cell 2,1200.0,2.5,0.0,2.5,3.733112813294295,0.5899319727891144,3700.3785681955706,-0.05520914464457227
Voltage,Cell 3,1200.0,2.5,-0.25,2.25,3.7220213043187176,0.5604255319148959,2576.558623224354,-0.06507911854290534
Voltage,Cell 4,1200.0,2.5,0.0,2.5,3.7487743693583155,0.6108080808080847,3912.201351390814,-0.05246224901045871
Voltage,Cell 1,1200.0000000000002,0.0,0.25,0.25,3.8055803936482446,0.6174999999999982,4612.375751151292,0.007109489725271915
Voltage,Cell 2,1200.0000000000002,0.0,0.0,0.0,3.7883219579388667,0.5899319727891144,3700.3785681955706,0.0
Voltage,Cell 3,1200.0000000000002,0.0,-0.25,-0.25,3.7771004239605435,0.5604255319148959,2576.558623224354,-0.009999998901079278
Voltage,Cell 4,1200.0000000000002,0.0,0.0,0.0,3.804127127544582,0.6108080808080847,3912.201351390814,0.002890509175807364
Voltage,Cell 1,1210.0,0.0,0.25,0.25,3.8135369116271725,0.6173611111111093,4255.369422602035,0.007470803509612917
Voltage,Cell 2,1210.0,0.0,0.0,0.0,3.7968376081728223,0.5899319727891144,3331.537723131536,0.0
Voltage,Cell 3,1210.0,0.0,-0.25,-0.25,3.785998385274344,0.5605732860520117,2207.63073722421,-0.009999999038444368
Voltage,Cell 4,1210.0,0.0,0.0,0.0,3.81279159069552,0.6108080808080847,3531.593131296763,0.002529195528831452
Voltage,Cell 1,1220.0,0.0,0.0,0.0,3.817640926079404,0.6172222222222203,4039.248037957269,0.007786953070911302
Voltage,Cell 2,1220.0,0.0,0.0,0.0,3.8016575586260966,0.5899319727891144,3104.2436946279813,0.0
Voltage,Cell 3,1220.0,0.0,-0.25,-0.25,3.791264563285894,0.5607210401891276,1980.3138482856439,-0.009999999158638822
Voltage,Cell 4,1220.0,0.0,0.25,0.25,3.817719612424516,0.6108080808080847,3293.182965171645,0.0022130460877275203
Voltage,Cell 1,1230.0,0.0,0.25,0.25,3.8217734320135373,0.6172222222222203,3817.997686388061,0.006813583937047389
Voltage,Cell 2,1230.0,0.0,0.0,0.0,3.8050187981960155,0.5899319727891144,2934.937925296199,0.0
Voltage,Cell 3,1230.0,0.0,-0.25,-0.25,3.7950401180581466,0.5608687943262435,1810.9389240915723,-0.009999999263808968
Voltage,Cell 4,1230.0,0.0,0.0,0.0,3.819810596082375,0.6106677890011262,3175.8809842176506,0.00318641532676158
Voltage,Cell 1,1240.0,0.0,0.25,0.25,3.8236782864881516,0.6170833333333314,3692.5956176416676,0.007211885944916466
Voltage,Cell 2,1240.0,0.0,0.0,0.0,3.807626430290407,0.5899319727891144,2796.090398591281,0.0
Voltage,Cell 3,1240.0,0.0,-0.25,-0.25,3.798033346382817,0.5610165484633594,1672.0228847423934,-0.009999999355832848
Voltage,Cell 4,1240.0,0.0,0.0,0.0,3.8226899057328545,0.6106677890011262,3023.6496836029924,0.0027881134109163826
Voltage,Cell 1,1250.0,0.0,0.25,0.25,3.8251883071311616,0.6169444444444425,3585.5745466578896,0.007560400201801908
Voltage,Cell 2,1250.0,0.0,0.0,0.0,3.8097672155441744,0.5899319727891144,2676.38063494605,0.0
Voltage,Cell 3,1250.0,0.0,-0.25,-0.25,3.8005369258833097,0.5611643026004752,1552.2537729551982,-0.009999999436353742
Voltage,Cell 4,1250.0,0.0,0.0,0.0,3.825071564463724,0.6106677890011262,2891.2951082521927,0.0024395992345518347
Voltage,Cell 1,1260.0,0.0,0.0,0.0,3.826438634831194,0.6168055555555536,3491.092578541914,0.00786535017657667
Voltage,Cell 2,1260.0,0.0,0.0,0.0,3.8115898467814686,0.5899319727891144,2569.902598826393,0.0
Voltage,Cell 3,1260.0,0.0,-0.25,-0.25,3.8027036061076727,0.5613120567375911,1445.743225877022,-0.009999999506809524
Voltage,Cell 4,1260.0,0.0,0.25,0.25,3.82710454795589,0.6106677890011262,2772.8808700791824,0.0021346493302328556
Voltage,Cell 1,1270.0,0.0,0.25,0.25,3.8288937325825927,0.6168055555555536,3343.296322724992,0.006882181404504586
Voltage,Cell 2,1270.0,0.0,0.0,0.0,3.8131788187432827,0.5899319727891144,2473.287296431554,0.0
Voltage,Cell 3,1270.0,0.0,-0.25,-0.25,3.804622071514639,0.561459810874707,1349.078563396658,-0.009999999568458333
Voltage,Cell 4,1270.0,0.0,0.0,0.0,3.8274854285012276,0.6105274971941677,2727.4868542563872,0.0031178181639537486
Voltage,Cell 1,1280.0,0.0,0.25,0.25,3.829664353742022,0.6166666666666647,3268.625915231231,0.007271908728941513
Voltage,Cell 2,1280.0,0.0,0.0,0.0,3.8145863060527074,0.5899319727891144,2384.453044494214,0.0
Voltage,Cell 3,1280.0,0.0,-0.25,-0.25,3.8063460820433725,0.5616075650118229,1260.1963200690411,-0.009999999622401041
Voltage,Cell 4,1280.0,0.0,0.0,0.0,3.829205770339254,0.6105274971941677,2624.529474332742,0.00272809089345953
Voltage,Cell 1,1290.0,0.0,0.0,0.0,3.830346630700019,0.6165277777777758,3199.457897994042,0.007612920137823824
Voltage,Cell 2,1290.0,0.0,0.0,0.0,3.8158495124199927,0.5899319727891144,2301.9054937133624,0.0
Voltage,Cell 3,1290.0,0.0,-0.25,-0.25,3.807914454775757,0.5617553191489387,1177.6076320261288,-0.009999999669600912
Voltage,Cell 4,1290.0,0.0,0.25,0.25,3.8307394341637337,0.6105274971941677,2528.644509561201,0.002387079531777089
Voltage,Cell 1,1300.0,0.0,0.25,0.25,3.832348960478895,0.6165277777777758,3072.261987907378,0.006661305120595846
Voltage,Cell 2,1300.0,0.0,0.0,0.0,3.816995076546357,0.5899319727891144,2224.5709900882903,0.0
Voltage,Cell 3,1300.0,0.0,-0.25,-0.25,3.809355225099208,0.5619030732860546,1100.2384225246562,-0.009999999710900797
Voltage,Cell 4,1300.0,0.0,0.0,0.0,3.8307278340544824,0.6103872053872091,2501.2146391112965,0.0033386945903049526
Voltage,Cell 1,1310.0,0.0,0.25,0.25,3.832750468508858,0.6163888888888869,3014.7771812846404,0.007078641980521366
Voltage,Cell 2,1310.0,0.0,0.0,0.0,3.818042132624494,0.5899319727891144,2151.678515639902,0.0
Voltage,Cell 3,1310.0,0.0,-0.25,-0.25,3.8106887152174505,0.5620508274231705,1027.3118929809061,-0.009999999747038198
Voltage,Cell 4,1310.0,0.0,0.0,0.0,3.8321315686696917,0.6103872053872091,2412.9538100255704,0.002921357766516834
Voltage,Cell 1,1320.0,0.0,0.0,0.0,3.8331249276308577,0.616249999999998,2960.301107672403,0.007443811732956195
Voltage,Cell 2,1320.0,0.0,0.0,0.0,3.8190049501921095,0.5899319727891144,2082.653535095389,0.0
Voltage,Cell 3,1320.0,0.0,-0.25,-0.25,3.811930088773037,0.5621985815602863,958.2502728622921,-0.009999999778658423
Voltage,Cell 4,1320.0,0.0,0.25,0.25,3.8334029628579582,0.6103872053872091,2329.412973084965,0.0025561880457022294
Voltage,Cell 1,1330.0,0.0,0.25,0.25,3.834865806305607,0.616249999999998,2845.9156892978936,0.00651333526633667
Voltage,Cell 2,1330.0,0.0,0.0,0.0,3.8198951701178214,0.5899319727891144,2017.0250981252793,0.0
Voltage,Cell 3,1330.0,0.0,-0.25,-0.25,3.813091531312404,0.5623463356974022,892.5901498141509,-0.009999999806326121
Voltage,Cell 4,1330.0,0.0,0.0,0.0,3.8331693814365733,0.6102469135802506,2312.576460271102,0.0034866645399894507
Voltage,Cell 1,1340.0,0.0,0.25,0.25,3.8350426358235516,0.616111111111109,2799.7482249466116,0.0069491683580445865
Voltage,Cell 2,1340.0,0.0,0.0,0.0,3.8207222041142286,0.5899319727891144,1954.4117286116343,0.0
Voltage,Cell 3,1340.0,0.0,-0.25,-0.25,3.8141833303817365,0.5624940898345181,829.9405263436288,-0.009999999830535357
Voltage,Cell 4,1340.0,0.0,0.0,0.0,3.834382520960642,0.6102469135802506,2233.5408844167496,0.0030508314724907695
Voltage,Cell 1,1350.0,0.0,0.0,0.0,3.835222274321599,0.6159722222222201,2755.3744084122427,0.0073305223132890136
Voltage,Cell 2,1350.0,0.0,0.0,0.0,3.8214938957358413,0.5899319727891144,1894.4945992219727,0.0
Voltage,Cell 3,1350.0,0.0,-0.25,-0.25,3.8152133793122456,0.562641843971634,770.0034296409699,-0.009999999851718438
Voltage,Cell 4,1350.0,0.0,0.25,0.25,3.8354886284049168,0.6102469135802506,2158.120056904358,0.0026694775384294234
Voltage,Cell 1,1360.0,0.0,0.25,0.25,3.8367924975130334,0.6159722222222201,2650.1060811893813,0.006414207024127887
Voltage,Cell 2,1360.0,0.0,0.0,0.0,3.822215743908955,0.5899319727891144,1837.0545197001593,0.0
Voltage,Cell 3,1360.0,0.0,-0.25,-0.25,3.816188206929821,0.5627895981087498,712.5335987997748,-0.009999999870253634
Voltage,Cell 4,1360.0,0.0,0.0,0.0,3.83510972288408,0.6101066217732921,2148.533396214715,0.003585792846125746
Voltage,Cell 1,1370.0,0.0,0.25,0.25,3.8368185752872797,0.6158333333333312,2612.241438081477,0.006862431146111901
Voltage,Cell 2,1370.0,0.0,0.0,0.0,3.8228933375894547,0.5899319727891144,1781.8640757265784,0.0
Voltage,Cell 3,1370.0,0.0,-0.25,-0.25,3.8171136447675185,0.5629373522458657,657.3121467084034,-0.00999999988647193
Voltage,Cell 4,1370.0,0.0,0.0,0.0,3.836193904748344,0.6101066217732921,2076.036044561423,0.0031375687403600275
Voltage,Cell 1,1380.0,0.0,0.0,0.0,3.8368636253342783,0.6156944444444423,2575.5075887984435,0.007254627252847913
Voltage,Cell 2,1380.0,0.0,0.0,0.0,3.823530639111947,0.5899319727891144,1728.765769134643,0.0
Voltage,Cell 3,1380.0,0.0,-0.25,-0.25,3.817993903131154,0.5630851063829816,604.1840743203738,-0.009999999900662939
Voltage,Cell 4,1380.0,0.0,0.25,0.25,3.8371840378885334,0.6101066217732921,2006.5932770893419,0.002745372647815024
Voltage,Cell 1,1390.0,0.0,0.25,0.25,3.838313501101687,0.6156944444444423,2477.289538783516,0.006347798846241924
Voltage,Cell 2,1390.0,0.0,0.0,0.0,3.824131846518109,0.5899319727891144,1677.5886517335166,0.0
Voltage,Cell 3,1390.0,0.0,-0.25,-0.25,3.8188334496616085,0.5632328605200975,552.9829032518937,-0.009999999913080072
Voltage,Cell 4,1390.0,0.0,0.0,0.0,3.836700835804582,0.6099663299663336,2002.481699840453,0.003652201066838146
Voltage,Cell 1,1400.0,0.0,0.25,0.25,3.838231236074959,0.6155555555555534,2445.974783104561,0.006804323990461683
Voltage,Cell 2,1400.0,0.0,0.0,0.0,3.824700189714212,0.5899319727891144,1628.2031884507414,0.0
Voltage,Cell 3,1400.0,0.0,-0.25,-0.25,3.8196359695424547,0.5633806146572133,503.5726211659471,-0.009999999923945064
Voltage,Cell 4,1400.0,0.0,0.0,0.0,3.8376904127831013,0.6099663299663336,1935.0458554085287,0.0031956759334833777
Voltage,Cell 1,1410.0,0.0,0.0,0.0,3.8381790246100027,0.6154166666666645,2415.3229329396004,0.007203783491653973
Voltage,Cell 2,1410.0,0.0,0.0,0.0,3.8252388429614927,0.5899319727891144,1580.4803075014097,0.0
Voltage,Cell 3,1410.0,0.0,-0.25,-0.25,3.820404758401958,0.5635283687943292,455.83188087476424,-0.009999999933451931
Voltage,Cell 4,1410.0,0.0,0.25,0.25,3.8385950182790545,0.6099663299663336,1870.2775423637918,0.0027962164417979557
Voltage,Cell 1,1420.0,0.0,0.25,0.25,3.8395409011656816,0.6154166666666645,2322.7928147334205,0.006303310555197226
Voltage,Cell 2,1420.0,0.0,0.0,0.0,3.825750133381016,0.5899319727891144,1534.3276619348471,0.0
Voltage,Cell 3,1420.0,0.0,-0.25,-0.25,3.821142523591477,0.5636761229314451,409.6621541675456,-0.00999999994177044
Voltage,Cell 4,1420.0,0.0,0.0,0.0,3.83803375282609,0.6098260381593751,1870.5263737888667,0.0036966893865732113
Voltage,Cell 1,1430.0,0.0,0.25,0.25,3.8393786417044504,0.6152777777777756,2296.8218759975134,0.006765396735797573
Voltage,Cell 2,1430.0,0.0,0.0,0.0,3.826236232945935,0.5899319727891144,1489.6584319444082,0.0
Voltage,Cell 3,1430.0,0.0,-0.25,-0.25,3.8218516607841626,0.563823877068561,364.9765948520378,-0.009999999949049135
Voltage,Cell 4,1430.0,0.0,0.0,0.0,3.8389517604580563,0.6098260381593751,1807.18034188837,0.00323460321325156
Voltage,Cell 1,1440.0,0.0,0.0,0.0,3.8392531211697283,0.6151388888888867,2271.2233025608675,0.007169722143822876
Voltage,Cell 2,1440.0,0.0,0.0,0.0,3.82669889139565,0.5899319727891144,1446.4036544275768,0.0
Voltage,Cell 3,1440.0,0.0,-0.25,-0.25,3.822534182322274,0.5639716312056768,321.70299376079834,-0.009999999955417994
Voltage,Cell 4,1440.0,0.0,0.25,0.25,3.8397901085370982,0.6098260381593751,1746.2846059341807,0.002830277811595115
Voltage,Cell 1,1450.0,0.0,0.25,0.25,3.840547450067391,0.6151388888888867,2183.492597820268,0.006273506875845017
Voltage,Cell 2,1450.0,0.0,0.0,0.0,3.8271397867812667,0.5899319727891144,1404.4963347049015,0.0
Voltage,Cell 3,1450.0,0.0,-0.25,-0.25,3.823191897148473,0.5641193853427927,279.7765140470692,-0.009999999960990744
Voltage,Cell 4,1450.0,0.0,0.0,0.0,3.8391672505231886,0.6096857463524166,1750.2172895570889,0.0037264930851457255
Voltage,Cell 1,1460.0,0.0,0.25,0.25,3.8403226992350254,0.6149999999999978,2162.094572969396,0.00673931851636439
Voltage,Cell 2,1460.0,0.0,0.0,0.0,3.8275603795790873,0.5899319727891144,1363.878173710269,0.0
Voltage,Cell 3,1460.0,0.0,-0.25,-0.25,3.8238265331105095,0.5642671394799086,239.13469835557953,-0.009999999965866901
Voltage,Cell 4,1460.0,0.0,0.0,0.0,3.840027759815586,0.6096857463524166,1690.391192458259,0.00326068144950251
Voltage,Cell 1,1470.0,0.0,0.0,0.0,3.8401391514790992,0.6148611111111089,2140.865339296496,0.007146903701818841
Voltage,Cell 2,1470.0,0.0,0.0,0.0,3.8279619936269005,0.5899319727891144,1324.4960256510712,0.0
Voltage,Cell 3,1470.0,0.0,-0.25,-0.25,3.82443945819471,0.5644148936170245,199.72869429211983,-0.009999999970133538
Voltage,Cell 4,1470.0,0.0,0.25,0.25,3.8408122959617508,0.6096857463524166,1632.8687038371672,0.0028530962683146963
Voltage,Cell 1,1480.0,0.0,0.25,0.25,3.8413796688680146,0.6148611111111089,2057.308182007938,0.006253540739091486
Voltage,Cell 2,1480.0,0.0,0.0,0.0,3.828346075088881,0.5899319727891144,1286.2897397129054,0.0
Voltage,Cell 3,1480.0,0.0,-0.25,-0.25,3.825032202314751,0.5645626477541403,161.50242358565743,-0.009999999973866846
Voltage,Cell 4,1480.0,0.0,0.0,0.0,3.840139169976751,0.609545454545458,1640.032465416619,0.0037464592347753595
Voltage,Cell 1,1490.0,0.0,0.25,0.25,3.8411048100144094,0.61472222222222,2039.9080219545247,0.00672184814670505
Voltage,Cell 2,1490.0,0.0,0.0,0.0,3.8287131908274707,0.5899319727891144,1249.2392434803405,0.0
Voltage,Cell 3,1490.0,0.0,-0.25,-0.25,3.8256059463207146,0.5647104018912562,124.41268594897747,-0.00999999997713349
Voltage,Cell 4,1490.0,0.0,0.0,0.0,3.84095236118717,0.609545454545458,1583.3212195772644,0.0032781518304284395
Voltage,Cell 1,1500.0,0.0,0.0,0.0,3.840873983087407,0.614583333333331,2022.5378736235898,0.0071316171283669185
Voltage,Cell 2,1500.0,0.0,0.0,0.0,3.8290643780948437,0.5899319727891144,1213.3013171062048,0.0
Voltage,Cell 3,1500.0,0.0,-0.25,-0.25,3.826161844544759,0.5648581560283721,88.41669793265828,-0.009999999979991804
Voltage,Cell 4,1500.0,0.0,0.25,0.25,3.841691994722198,0.609545454545458,1528.8204648342005,0.0028683828516248844
Voltage,Cell 1,1510.0,0.0,0.25,0.25,3.842070115033811,0.614583333333331,1942.6955618636202,0.006240164987321053
Voltage,Cell 2,1510.0,0.0,0.0,0.0,3.8294010998430736,0.5899319727891144,1178.4115127793739,0.0
Voltage,Cell 3,1510.0,0.0,-0.25,-0.25,3.8267009788143396,0.565005910165488,53.47383699753186,-0.00999999998249283
Voltage,Cell 4,1510.0,0.0,0.0,0.0,3.840976487004505,0.6094051627384995,1538.9053633182912,0.003759834995171774
Voltage,Cell 1,1520.0,0.0,0.25,0.25,3.8417542351348883,0.6144444444444421,1928.842316958422,0.006710144363905921
Voltage,Cell 2,1520.0,0.0,0.0,0.0,3.8297251375536105,0.5899319727891144,1144.4890638499273,0.0
Voltage,Cell 3,1520.0,0.0,-0.25,-0.25,3.8272243476942798,0.5651536643026038,19.5455931922711,-0.009999999984681226
Voltage,Cell 4,1520.0,0.0,0.0,0.0,3.8417506542017468,0.6094051627384995,1484.9721495097622,0.003289855620775302
Voltage,Cell 1,1530.0,0.0,0.0,0.0,3.8414855123034894,0.6143055555555532,1914.8599965587068,0.0071213763184176816
Voltage,Cell 2,1530.0,0.0,0.0,0.0,3.830034385296898,0.5899319727891144,1111.6364405712666,0.0
Voltage,Cell 3,1530.0,0.0,-0.25,-0.25,3.8277327855128265,0.5653014184397197,-13.400002317169992,-0.009999999986596073
Voltage,Cell 4,1530.0,0.0,0.25,0.25,3.842453163433336,0.6094051627384995,1433.173736216926,0.0028786236681783896
Voltage,Cell 1,1540.0,0.0,0.25,0.25,3.8426447863539708,0.6143055555555532,1838.3394596600324,0.006231204278615472
Voltage,Cell 2,1540.0,0.0,0.0,0.0,3.830331323351846,0.5899319727891144,1079.7379142102218,0.0
Voltage,Cell 3,1540.0,0.0,-0.25,-0.25,3.8282271429363144,0.5654491725768356,-45.39694393689024,-0.009999999988271564
Voltage,Cell 4,1540.0,0.0,0.0,0.0,3.841701780050013,0.609264870931541,1445.9139891736625,0.003768795709656091
Voltage,Cell 1,1550.0,0.0,0.0,0.0,3.8422939002524923,0.6141666666666643,1827.7031618590327,0.0067023037437885374
Voltage,Cell 2,1550.0,0.0,0.0,0.0,3.8306175086528857,0.5899319727891144,1048.720268567573,0.0
Voltage,Cell 3,1550.0,0.0,-0.25,-0.25,3.828708164414957,0.5655969267139515,-76.4753742674875,-0.009999999989737619
Voltage,Cell 4,1550.0,0.0,0.25,0.25,3.842441700012406,0.609264870931541,1394.5683836805554,0.00329769624594908
Voltage,Cell 1,1560.0,0.0,0.25,0.25,3.843382464414173,0.6141666666666643,1754.2606600947706,0.00586451577581497
Voltage,Cell 2,1560.0,0.0,0.0,0.0,3.8308944033820183,0.5899319727891144,1018.513741903309,0.0
Voltage,Cell 3,1560.0,0.0,-0.25,-0.25,3.8291765135901517,0.5657446808510673,-106.6626980360736,-0.009999999991020418
Voltage,Cell 4,1560.0,0.0,0.0,0.0,3.841723971831986,0.6091245791245825,1407.6589894106924,0.004135484215205445
Voltage,Cell 1,1570.0,0.0,0.25,0.25,3.842968349174689,0.6140277777777754,1746.5761977889565,0.006381451303838099
Voltage,Cell 2,1570.0,0.0,0.0,0.0,3.8311591784311494,0.5899319727891144,989.25305091669,0.0
Voltage,Cell 3,1570.0,0.0,-0.25,-0.25,3.829632823350476,0.5658924349881832,-135.9859458832393,-0.009999999992142865
Voltage,Cell 4,1570.0,0.0,0.0,0.0,3.842490445822105,0.6091245791245825,1356.7616795259337,0.003618548688304764
Voltage,Cell 1,1580.0,0.0,0.0,0.0,3.8426090272614633,0.6138888888888865,1738.57349574734,0.006833769890858337
Voltage,Cell 2,1580.0,0.0,0.0,0.0,3.8314144808936925,0.5899319727891144,960.8103507820852,0.0
Voltage,Cell 3,1580.0,0.0,-0.25,-0.25,3.830077685735453,0.5660401891252991,-164.4708555098698,-0.009999999993125007
Voltage,Cell 4,1580.0,0.0,0.25,0.25,3.8431829394346444,0.6091245791245825,1307.9096032464872,0.0031662301022666686
Voltage,Cell 1,1590.0,0.0,0.25,0.25,3.8436873516374157,0.6138888888888865,1667.720627456249,0.005979548654501045
Voltage,Cell 2,1590.0,0.0,0.0,0.0,3.83166127757032,0.5899319727891144,933.1372031840219,0.0
Voltage,Cell 3,1590.0,0.0,-0.25,-0.25,3.830511640234991,0.566187943262415,-192.1417212310639,-0.00999999999398438
Voltage,Cell 4,1590.0,0.0,0.0,0.0,3.8424205470140893,0.608984287317624,1323.4693875320236,0.004020451339483335
Voltage,Cell 1,1600.0,0.0,0.25,0.25,3.8432632085307894,0.6137499999999976,1662.5020956639362,0.0064821050726884145
Voltage,Cell 2,1600.0,0.0,0.0,0.0,3.8319000894183657,0.5899319727891144,906.2060752721882,0.0
Voltage,Cell 3,1600.0,0.0,-0.25,-0.25,3.8309351889959444,0.5663356973995308,-219.02173250886017,-0.009999999994736332
Voltage,Cell 4,1600.0,0.0,0.0,0.0,3.8431482027243526,0.608984287317624,1274.8517713577264,0.003517894922047918
Voltage,Cell 1,1610.0,0.0,0.0,0.0,3.8428944838640797,0.6136111111111087,1656.8339128457683,0.006921841938602362
Voltage,Cell 2,1610.0,0.0,0.0,0.0,3.8321298398446073,0.5899319727891144,880.0664777254678,0.0
Voltage,Cell 3,1610.0,0.0,-0.25,-0.25,3.8313488014443338,0.5664834515366467,-245.133181646494,-0.00999999999539429
Voltage,Cell 4,1610.0,0.0,0.25,0.25,3.843804430635604,0.608984287317624,1228.2357670508102,0.0030781580567919285
Voltage,Cell 1,1620.0,0.0,0.25,0.25,3.8439620977347793,0.6136111111111087,1588.2820918703997,0.006056611696277067
Voltage,Cell 2,1620.0,0.0,0.0,0.0,3.8323516458666034,0.5899319727891144,854.6609062844145,0.0
Voltage,Cell 3,1620.0,0.0,-0.25,-0.25,3.8317529385106868,0.5666312056737626,-270.4985865961155,-0.009999999995970003
Voltage,Cell 4,1620.0,0.0,0.0,0.0,3.843007999795907,0.6088439955106655,1245.9909828640673,0.003943388299692937
Voltage,Cell 1,1630.0,0.0,0.0,0.0,3.843525875855777,0.6134722222222198,1585.3421975600536,0.006549535234242434
Voltage,Cell 2,1630.0,0.0,0.0,0.0,3.8325657445524683,0.5899319727891144,829.9740442881957,0.0
Voltage,Cell 3,1630.0,0.0,-0.25,-0.25,3.8321480455662384,0.5667789598108784,-295.14024978139605,-0.009999999996473753
Voltage,Cell 4,1630.0,0.0,0.25,0.25,3.8437028618277225,0.6088439955106655,1199.5650096903505,0.00345046476223132
Voltage,Cell 1,1640.0,0.0,0.25,0.25,3.8445335199817237,0.6134722222222198,1519.3948667765421,0.00573084332996213
Voltage,Cell 2,1640.0,0.0,0.0,0.0,3.8327724169501147,0.5899319727891144,805.9884878159901,0.0
Voltage,Cell 3,1640.0,0.0,-0.25,-0.25,3.8325345636112305,0.5669267139479943,-319.0807327088987,-0.009999999996914534
Voltage,Cell 4,1640.0,0.0,0.0,0.0,3.8429388479999442,0.608703703703707,1217.5490831280272,0.004269156666952405
Voltage,Cell 1,1650.0,0.0,0.25,0.25,3.8440436174846213,0.6133333333333308,1518.9583725752086,0.0062644879137168635
Voltage,Cell 2,1650.0,0.0,0.0,0.0,3.832971991064669,0.5899319727891144,782.6846454330771,0.0
Voltage,Cell 3,1650.0,0.0,-0.25,-0.25,3.832912695361119,0.5670744680851102,-342.3323270217761,-0.009999999997300217
Voltage,Cell 4,1650.0,0.0,0.0,0.0,3.843660891330149,0.608703703703707,1171.3799749865789,0.0037355120835833545
Voltage,Cell 1,1660.0,0.0,0.0,0.0,3.8436142450192143,0.6131944444444419,1517.917340330828,0.0067314269245022556
Voltage,Cell 2,1660.0,0.0,-0.25,-0.25,3.8331645548883606,0.5899319727891144,760.053484060034,0.0
Voltage,Cell 3,1660.0,0.0,0.0,0.0,3.833282882861622,0.5672222222222261,-364.9183915575343,-0.00999999999763769
Voltage,Cell 4,1660.0,0.0,0.25,0.25,3.844309707714257,0.608703703703707,1127.151177741808,0.003268573073135435
Voltage,Cell 1,1670.0,0.0,0.25,0.25,3.8446260134904984,0.6131944444444419,1453.8324449254694,0.005889998558939473
Voltage,Cell 2,1670.0,0.0,0.0,0.0,3.834741961103826,0.5900736961451234,675.5841377722536,-0.00125
Voltage,Cell 3,1670.0,0.0,-0.25,-0.25,3.832247752831125,0.5672222222222261,-324.35986332991433,-0.008749999997932979
Voltage,Cell 4,1670.0,0.0,0.0,0.0,3.8435034607966028,0.6085634118967485,1147.2808192849934,0.004110001438993506
Voltage,Cell 1,1680.0,0.0,0.0,0.0,3.8441376665715445,0.613055555555553,1455.232398006713,0.006403748739072039
Voltage,Cell 2,1680.0,0.0,0.0,0.0,3.8347649024166035,0.5900736961451234,657.7250003786899,-0.00109375
Voltage,Cell 3,1680.0,0.0,-0.25,-0.25,3.8327594396638984,0.5673699763593419,-349.14996202585985,-0.008906249998191357
Voltage,Cell 4,1680.0,0.0,0.25,0.25,3.8441864561699397,0.6085634118967485,1103.2157091052331,0.0035962512591193175
Voltage,Cell 1,1690.0,0.0,0.25,0.25,3.8450969046677477,0.613055555555553,1393.4836095373682,0.005603280146688034
Voltage,Cell 2,1690.0,0.0,0.0,0.0,3.83480127482109,0.5900736961451234,640.2868941677146,-0.0009570312500000001
Voltage,Cell 3,1690.0,0.0,-0.25,-0.25,3.833244686204076,0.5675177304964578,-373.14044611344116,-0.009042968748417438
Voltage,Cell 4,1690.0,0.0,0.0,0.0,3.8434092710024697,0.6084231200897899,1123.5247330514333,0.004396719851729403
Voltage,Cell 1,1700.0,0.0,0.25,0.25,3.8445618469722977,0.6129166666666641,1397.1133416097164,0.00615287012835203
Voltage,Cell 2,1700.0,0.0,0.0,0.0,3.8348488403000673,0.5900736961451234,623.2656872792493,-0.0008374023437500001
Voltage,Cell 3,1700.0,0.0,-0.25,-0.25,3.833706015831998,0.5676654846335737,-396.35036662385664,-0.009162597654865257
Voltage,Cell 4,1700.0,0.0,0.0,0.0,3.8441168652853936,0.6084231200897899,1079.654878807456,0.0038471298702632273
Voltage,Cell 1,1710.0,0.0,0.0,0.0,3.8440903709353984,0.6127777777777752,1400.0050272087078,0.006633761362308026
Voltage,Cell 2,1710.0,0.0,0.0,0.0,3.8349058172226083,0.5900736961451234,606.6491835958026,-0.0007327270507812502
Voltage,Cell 3,1710.0,0.0,-0.25,-0.25,3.834145989960113,0.5678132387706896,-418.8135792780224,-0.0092672729480071
Voltage,Cell 4,1710.0,0.0,0.25,0.25,3.8447505013321193,0.6084231200897899,1037.6838889448875,0.003366238636480324
Voltage,Cell 1,1720.0,0.0,0.25,0.25,3.8450631095095993,0.6127777777777752,1339.70970205763,0.0058045411920195225
Voltage,Cell 2,1720.0,0.0,0.0,0.0,3.8349704054256533,0.5900736961451234,590.4374892187775,-0.0006411361694335939
Voltage,Cell 3,1720.0,0.0,-0.25,-0.25,3.8345667657614175,0.5679609929078054,-440.55739106220835,-0.009358863829506212
Voltage,Cell 4,1720.0,0.0,0.0,0.0,3.843928710121277,0.6082828282828314,1060.020733019049,0.004195458806920283
Voltage,Cell 1,1730.0,0.0,0.0,0.0,3.8445384459249445,0.6126388888888863,1344.7643353864523,0.006328973543017083
Voltage,Cell 2,1730.0,0.0,0.0,0.0,3.835041252162956,0.5900736961451234,574.620280887046,-0.0005609941482543946
Voltage,Cell 3,1730.0,0.0,-0.25,-0.25,3.834970268540058,0.5681087470449213,-461.60872757422976,-0.009439005850817936
Voltage,Cell 4,1730.0,0.0,0.25,0.25,3.8445958745817888,0.6082828282828314,1018.115356501434,0.003671026456055248
Voltage,Cell 1,1740.0,0.0,0.25,0.25,3.845463749633729,0.6126388888888863,1286.544527969103,0.005537851850139947
Voltage,Cell 2,1740.0,0.0,-0.25,-0.25,3.835117288049235,0.5900736961451234,559.1829810526078,-0.0004908698797225953
Voltage,Cell 3,1740.0,0.0,0.0,0.0,3.8353580268345553,0.5682565011820372,-481.98594001152173,-0.009509130119465694
Voltage,Cell 4,1740.0,0.0,0.0,0.0,3.8438026114083246,0.6081425364758729,1040.5416844327472,0.004462148149048342
Voltage,Cell 1,1750.0,0.0,0.25,0.25,3.844897097256539,0.6124999999999974,1293.5740931622895,0.006095620368872454
Voltage,Cell 2,1750.0,0.0,0.0,0.0,3.8365893103029878,0.5902154195011324,481.61202824792923,-0.0016795111447572711
Voltage,Cell 3,1750.0,0.0,-0.25,-0.25,3.8343337519045217,0.5682565011820372,-439.21178705594536,-0.008320488854532482
Voltage,Cell 4,1750.0,0.0,0.0,0.0,3.8444942459296163,0.6081425364758729,998.7341719796048,0.0039043796304172994
Voltage,Cell 1,1760.0,0.0,0.0,0.0,3.8443962849618343,0.6123611111111085,1299.7356075342054,0.006583667822763397
Voltage,Cell 2,1760.0,0.0,0.0,0.0,3.836516409232948,0.5902154195011324,470.38674450836913,-0.0014695722516626123
Voltage,Cell 3,1760.0,0.0,-0.25,-0.25,3.834850550787389,0.5684042553191531,-461.7824644291318,-0.008530427747715922
Voltage,Cell 4,1760.0,0.0,0.25,0.25,3.8451120030099504,0.6081425364758729,958.776733384601,0.003416332176615137
Voltage,Cell 1,1770.0,0.0,0.25,0.25,3.8453412797870548,0.6123611111111085,1242.6063201997165,0.005760709344917972
Voltage,Cell 2,1770.0,0.0,0.0,0.0,3.8364654192318985,0.5902154195011324,459.32927690546524,-0.0012858757202047857
Voltage,Cell 3,1770.0,0.0,-0.25,-0.25,3.835336046286412,0.5685520094562689,-483.5540832790218,-0.008714124279251433
Voltage,Cell 4,1770.0,0.0,0.0,0.0,3.844274291656715,0.6080022446689144,983.0880584585173,0.0042392906545382445
Voltage,Cell 1,1780.0,0.0,0.0,0.0,3.8447907568690214,0.6122222222222196,1250.7075334566853,0.006290620676803226
Voltage,Cell 2,1780.0,0.0,0.0,0.0,3.83643321943312,0.5902154195011324,448.4433527788862,-0.0011251412551791875
Voltage,Cell 3,1780.0,0.0,-0.25,-0.25,3.8357937085455216,0.5686997635933848,-504.5577344009539,-0.008874858744345003
Voltage,Cell 4,1780.0,0.0,0.25,0.25,3.844925833586281,0.6080022446689144,943.1055704725342,0.003709379322720964
Voltage,Cell 1,1790.0,0.0,0.25,0.25,3.8456917184757136,0.6122222222222196,1195.4288940276037,0.005504293092202822
Voltage,Cell 2,1790.0,0.0,0.0,0.0,3.8364170479164663,0.5902154195011324,437.7341705593718,-0.000984498598281789
Voltage,Cell 3,1790.0,0.0,-0.25,-0.25,3.836226558171926,0.5688475177305007,-524.8222368379245,-0.009015501401301878
Voltage,Cell 4,1790.0,0.0,0.0,0.0,3.844117047582344,0.6078619528619559,967.4152632490052,0.0044957069073808436
Voltage,Cell 1,1800.0,0.0,0.25,0.25,3.845101941033539,0.6120833333333306,1205.3058970414968,0.00606625645567747
Voltage,Cell 2,1800.0,0.0,-0.25,-0.25,3.8364145129741543,0.5902154195011324,427.20565315882124,-0.0008614362734965654
Voltage,Cell 3,1800.0,0.0,0.0,0.0,3.836637252586533,0.5689952718676166,-544.3751429082395,-0.009138563726139142
Voltage,Cell 4,1800.0,0.0,0.0,0.0,3.844793135922572,0.6078619528619559,927.4599529096358,0.003933743543958238
Voltage,Cell 1,1800.0000000000002,1.25,0.25,1.5,3.8146016400690708,0.6120833333333306,1205.3058970414972,-0.0244340445087908
Voltage,Cell 2,1800.0000000000002,1.25,-0.25,1.0,3.8061800972508855,0.5902154195011324,427.2056531588199,-0.031095851996765473
Voltage,Cell 3,1800.0000000000002,1.25,0.0,1.25,3.8065311294890827,0.5689952718676166,-544.3751429082381,-0.03924468682358949
Voltage,Cell 4,1800.0000000000002,1.25,0.0,1.25,3.8144435540541752,0.6078619528619559,927.4599529096354,-0.026415838324438203
Voltage,Cell 1,1810.0,1.25,0.0,1.25,3.8093935539573685,0.6112499999999973,1399.9376712147541,-0.02391934504913036
Voltage,Cell 2,1810.0,1.25,0.0,1.25,3.803393790667628,0.5896485260770962,540.0666589262341,-0.032225273665524044
Voltage,Cell 3,1810.0,1.25,-0.25,1.0,3.800840665349086,0.5682565011820374,-315.0357682191469,-0.03809898819458065
Voltage,Cell 4,1810.0,1.25,0.25,1.5,3.8107914633756446,0.6071604938271635,1075.0282871741097,-0.026889713223576375
Voltage,Cell 1,1820.0,1.25,0.25,1.5,3.8074901259226936,0.6105555555555529,1460.2716408339957,-0.024727782047994
Voltage,Cell 2,1820.0,1.25,0.0,1.25,3.800583259257453,0.5889399092970509,648.172374322967,-0.03196864512928906
Voltage,Cell 3,1820.0,1.25,-0.25,1.0,3.798347771226164,0.567665484633574,-221.92330728924844,-0.03834817941534402
Voltage,Cell 4,1820.0,1.25,0.0,1.25,3.8072867669776707,0.6063187429854127,1215.9133319712182,-0.026061279330609612
Voltage,Cell 1,1830.0,1.25,0.0,1.25,3.804730756560535,0.6097222222222195,1556.95526444792,-0.02418604422202028
Voltage,Cell 2,1830.0,1.25,0.0,1.25,3.7983957951081657,0.5882312925170056,727.4732344719736,-0.031744613304774176
Voltage,Cell 3,1830.0,1.25,-0.25,1.0,3.796494032113931,0.5670744680851106,-156.78542948501058,-0.03856640078228158
Voltage,Cell 4,1830.0,1.25,0.25,1.5,3.805867929707248,0.6056172839506203,1263.672949489598,-0.02658709486602504
Voltage,Cell 1,1840.0,1.25,0.25,1.5,3.803758117549672,0.6090277777777751,1574.9095209970371,-0.024962045680425368
Voltage,Cell 2,1840.0,1.25,0.0,1.25,3.7965457449546376,0.5875226757369603,791.5057748175494,-0.03154862544122244
Voltage,Cell 3,1840.0,1.25,-0.25,1.0,3.7949653003787733,0.5664834515366473,-106.1318757351471,-0.03875740361887602
Voltage,Cell 4,1840.0,1.25,0.0,1.25,3.8033022497719835,0.6047755331088694,1360.4186737813536,-0.02579721439807407
Voltage,Cell 1,1850.0,1.25,0.0,1.25,3.801509274653025,0.6081944444444417,1648.1328320160928,-0.024390797092453325
Voltage,Cell 2,1850.0,1.25,0.0,1.25,3.794916197567182,0.586814058956915,845.7473879300959,-0.0313770258921069
Voltage,Cell 3,1850.0,1.25,-0.25,1.0,3.7936363057359106,0.5658924349881839,-64.52360347575473,-0.038924555672772025
Voltage,Cell 4,1850.0,1.25,0.25,1.5,3.8024215721839854,0.6040740740740771,1383.0558380889318,-0.02635588997718726
Voltage,Cell 1,1860.0,1.25,0.25,1.5,3.8008602514219065,0.6074999999999973,1651.1950443895694,-0.02514054839484861
Voltage,Cell 2,1860.0,1.25,0.0,1.25,3.793437567051799,0.5861054421768697,893.3939846108738,-0.031226680974990574
Voltage,Cell 3,1860.0,1.25,-0.25,1.0,3.7924344347819994,0.5653014184397205,-28.798806230241098,-0.03907082164580181
Voltage,Cell 4,1860.0,1.25,0.0,1.25,3.8002105916292526,0.6032323232323262,1463.3482113779369,-0.02559443185326428
Voltage,Cell 1,1870.0,1.25,0.0,1.25,3.7988302275362384,0.6066666666666639,1714.3718255775514,-0.024546109135694858
Voltage,Cell 2,1870.0,1.25,0.0,1.25,3.79207148844317,0.5853968253968244,936.1741178636062,-0.03109490031743
Voltage,Cell 3,1870.0,1.25,-0.25,1.0,3.791322160092908,0.5647104018912571,2.716543721215203,-0.0391988076855199
Voltage,Cell 4,1870.0,1.25,0.25,1.5,3.799579233226276,0.6025308641975339,1474.4626730277496,-0.026177807698431296
Voltage,Cell 1,1880.0,1.25,0.25,1.5,3.7983434747961207,0.6059722222222195,1710.0458051167031,-0.025275474693761183
Voltage,Cell 2,1880.0,1.25,0.0,1.25,3.790795446270199,0.5846882086167791,975.0772419727601,-0.030979348924788763
Voltage,Cell 3,1880.0,1.25,-0.25,1.0,3.7902788952945388,0.5641193853427937,30.973792407761493,-0.03931079762783274
Voltage,Cell 4,1880.0,1.25,0.0,1.25,3.797558597051312,0.601689113355783,1545.9629722627153,-0.02543789194755372
Voltage,Cell 1,1890.0,1.25,0.0,1.25,3.7964412605859748,0.6051388888888861,1767.462429679826,-0.02466314951218531
Voltage,Cell 2,1890.0,1.25,0.0,1.25,3.789592716962529,0.5839795918367338,1010.8231254324764,-0.030877988099039393
Voltage,Cell 3,1890.0,1.25,-0.25,1.0,3.789289737039062,0.5635283687943303,56.66813942090016,-0.039408791177235274
Voltage,Cell 4,1890.0,1.25,0.25,1.5,3.7970800772713433,0.6009876543209907,1549.9940781665293,-0.02604008103999214
Voltage,Cell 1,1900.0,1.25,0.25,1.5,3.7960568043418985,0.6044444444444417,1758.5820164462586,-0.025376830332133667
Voltage,Cell 2,1900.0,1.25,0.0,1.25,3.788449900557501,0.5832709750566885,1043.9794921747264,-0.030789037669805404
Voltage,Cell 3,1900.0,1.25,-0.25,1.0,3.788343260441423,0.5629373522458669,80.33474944669251,-0.0394945394924434
Voltage,Cell 4,1900.0,1.25,0.0,1.25,3.7951837526638537,0.6001459034792398,1615.6958320401286,-0.025316601441277876
Voltage,Cell 1,1910.0,1.25,0.0,1.25,3.7942376571105703,0.6036111111111083,1812.3584805102917,-0.02475075897403186
Voltage,Cell 2,1910.0,1.25,-0.25,1.0,3.787357079951063,0.5825623582766432,1074.9577787559708,-0.030710944037689106
Voltage,Cell 3,1910.0,1.25,0.0,1.25,3.78743162794409,0.5623463356974036,102.34997593460139,-0.03956957574519197
Voltage,Cell 4,1910.0,1.25,0.25,1.5,3.7948075350714077,0.5994444444444474,1614.9113022481438,-0.02593315692629695
Voltage,Cell 1,1920.0,1.25,0.25,1.5,3.793922699711168,0.6029166666666639,1800.4873331738113,-0.025452401908492833
Voltage,Cell 2,1920.0,1.25,0.0,1.25,3.7876986462921667,0.5819954648526069,1041.5551474518563,-0.03189235032697807
Voltage,Cell 3,1920.0,1.25,-0.25,1.0,3.785151637291391,0.5616075650118244,185.48277434006536,-0.03838524193994951
Voltage,Cell 4,1920.0,1.25,0.0,1.25,3.7929973555051317,0.5986026936026966,1676.5103592528772,-0.025222241958820262
Voltage,Cell 1,1930.0,1.25,0.0,1.25,3.7921632938471337,0.6020833333333305,1851.740017461363,-0.024815794191204665
Voltage,Cell 2,1930.0,1.25,0.0,1.25,3.7865291945279993,0.5812868480725616,1072.4705995453742,-0.03167582038367271
Voltage,Cell 3,1930.0,1.25,-0.25,1.0,3.784451166388168,0.561016548463361,201.45776763461186,-0.03859896259070776
Voltage,Cell 4,1930.0,1.25,0.25,1.5,3.792695166091851,0.5979012345679042,1672.150580566924,-0.02584979069656789
Voltage,Cell 1,1940.0,1.25,0.25,1.5,3.791900452047062,0.6013888888888861,1837.7076224855396,-0.02550821755329037
Voltage,Cell 2,1940.0,1.25,0.0,1.25,3.7854114007264332,0.5805782312925163,1101.7289558036946,-0.03148609812760314
Voltage,Cell 3,1940.0,1.25,-0.25,1.0,3.7837534124721834,0.5604255319148976,216.60443216223246,-0.03878598439042595
Voltage,Cell 4,1940.0,1.25,0.0,1.25,3.790949280853346,0.5970594837261534,1730.5940489245477,-0.025148496322475
Voltage,Cell 1,1950.0,1.25,0.0,1.25,3.790186973399585,0.6005555555555527,1887.0909820937038,-0.024863544660958508
Voltage,Cell 2,1950.0,1.25,0.0,1.25,3.784338757379574,0.579869614512471,1129.4993059173385,-0.03131983510271336
Voltage,Cell 3,1950.0,1.25,-0.25,1.0,3.783058123488167,0.5598345153664342,231.04687395232918,-0.03894964842283108
Voltage,Cell 4,1950.0,1.25,0.25,1.5,3.7907032359056934,0.596358024691361,1723.4281654635604,-0.025784466181164242
Voltage,Cell 1,1960.0,1.25,0.25,1.5,3.7899649859293447,0.5998611111111083,1871.4258776014026,-0.025548914698978988
Voltage,Cell 2,1960.0,1.25,0.0,1.25,3.7833057275320683,0.5791609977324257,1155.9227720996628,-0.031174101875362962
Voltage,Cell 3,1960.0,1.25,-0.25,1.0,3.7823652330116433,0.5592434988179709,244.8846976592357,-0.03909287829546372
Voltage,Cell 4,1960.0,1.25,0.0,1.25,3.7890066940851073,0.5955162738496101,1779.355467206917,-0.025090544836581692
Voltage,Cell 1,1970.0,1.25,0.0,1.25,3.7882880300666733,0.5990277777777749,1919.3755168324087,-0.024898074855622645
Voltage,Cell 2,1970.0,1.25,0.0,1.25,3.782307451977223,0.5784523809523804,1181.1236911976707,-0.03104633542311902
Voltage,Cell 3,1970.0,1.25,-0.25,1.0,3.7816747378686717,0.5586524822695075,258.2002777114658,-0.03921823229478994
Voltage,Cell 4,1970.0,1.25,0.25,1.5,3.788804169752427,0.5948148148148178,1769.9206451983334,-0.025732971533570306
Voltage,Cell 1,1980.0,1.25,0.25,1.5,3.78809888126233,0.5983333333333305,1902.4426451195468,-0.025578054359171414
Voltage,Cell 2,1980.0,1.25,0.0,1.25,3.781339812417533,0.5777437641723351,1205.2052523506686,-0.030934293442197707
Voltage,Cell 3,1980.0,1.25,-0.25,1.0,3.7809868355434784,0.5580614657210441,271.05535282541746,-0.03932794900692072
Voltage,Cell 4,1980.0,1.25,0.0,1.25,3.7871461343510675,0.5939730639730669,1823.7910900629638,-0.02504470602919658
Voltage,Cell 1,1990.0,1.25,0.0,1.25,3.7864518546846506,0.5974999999999971,1949.2518436181663,-0.02492250480121445
Voltage,Cell 2,1990.0,1.25,0.0,1.25,3.780399345497405,0.5770351473922898,1228.25192694771,-0.030836014287801545
Voltage,Cell 3,1990.0,1.25,-0.25,1.0,3.780301696368698,0.5574704491725807,283.50187808076294,-0.03942398727569237
Voltage,Cell 4,1990.0,1.25,0.25,1.5,3.786978024652418,0.5932716049382746,1812.4707907993245,-0.025692088775584022
Voltage,Cell 1,2000.0,1.25,0.25,1.5,3.786290064511255,0.5968055555555527,1931.287783981597,-0.025598370586820445
Voltage,Cell 2,2000.0,1.25,-0.25,1.0,3.7794829016860887,0.5763265306122445,1250.343282292005,-0.030749781422844097
Voltage,Cell 3,2000.0,1.25,0.0,1.25,3.7796195944437088,0.5568794326241173,295.5783358240051,-0.03950806113142178
Voltage,Cell 4,2000.0,1.25,0.0,1.25,3.78535081449956,0.5924298540965237,1864.60570479107,-0.025008167288673867
Voltage,Cell 1,2010.0,1.25,0.0,1.25,3.78466838796637,0.5959722222222193,1977.146924425063,-0.02493922991527604
Voltage,Cell 2,2010.0,1.25,0.0,1.25,3.779979808995416,0.5757596371882082,1209.0335482137925,-0.031924093526849405
Voltage,Cell 3,2010.0,1.25,-0.25,1.0,3.777543113873459,0.5561406619385382,369.8126599983211,-0.038331670379628924
Voltage,Cell 4,2010.0,1.25,0.25,1.5,3.785210625718296,0.5917283950617314,1851.6697757514019,-0.025659359348859625
Voltage,Cell 1,2020.0,1.25,0.25,1.5,3.7845301088510177,0.5952777777777749,1958.3046281465581,-0.025611962036031576
Voltage,Cell 2,2020.0,1.25,0.0,1.25,3.778947805124523,0.5750510204081629,1232.863499288549,-0.03170138639258447
Voltage,Cell 3,2020.0,1.25,-0.25,1.0,3.7770240763729683,0.5555496453900748,377.76457078066187,-0.03855237744402954
Voltage,Cell 4,2020.0,1.25,0.0,1.25,3.7836086994155664,0.5908866442199805,1902.2981511835933,-0.02497877943008279
Voltage,Cell 1,2030.0,1.25,0.0,1.25,3.7829303110214654,0.5944444444444416,2003.3463478032868,-0.024950088170174852
Voltage,Cell 2,2030.0,1.25,0.0,1.25,3.7779526424135113,0.5743424036281176,1255.7068498331355,-0.03150629207184278
Voltage,Cell 3,2030.0,1.25,-0.25,1.0,3.7764893080115054,0.5549586288416114,385.61344375500164,-0.03874554939995901
Voltage,Cell 4,2030.0,1.25,0.25,1.5,3.783491486979907,0.5901851851851881,1887.9508726752836,-0.025632903988361003
Voltage,Cell 1,2040.0,1.25,0.25,1.5,3.782812521344011,0.5937499999999971,1983.735325483497,-0.02562043799161423
Voltage,Cell 2,2040.0,1.25,0.0,1.25,3.7769898467748453,0.5736337868480723,1277.630789943979,-0.03133536306793295
Voltage,Cell 3,2040.0,1.25,-0.25,1.0,3.7759411830186056,0.554367612293148,393.3748740665777,-0.03891463257295517
Voltage,Cell 4,2040.0,1.25,0.0,1.25,3.781910529529083,0.5893434343434373,1937.2505546825525,-0.02495489893631683
Voltage,Cell 1,2050.0,1.25,0.0,1.25,3.7812317928698054,0.5929166666666638,2028.0577646022493,-0.02495648852902774
Voltage,Cell 2,2050.0,1.25,0.0,1.25,3.7760558524194803,0.572925170068027,1298.679954527836,-0.031185583320585235
Voltage,Cell 3,2050.0,1.25,-0.25,1.0,3.775382065995642,0.5537765957446846,401.04897976985694,-0.03906264243537707
Voltage,Cell 4,2050.0,1.25,0.25,1.5,3.7818123604048424,0.5886419753086449,1921.6545784582659,-0.025611285282741397
Voltage,Cell 1,2060.0,1.25,0.25,1.5,3.7811319293418286,0.5922222222222193,2007.7635380285797,-0.02562503168333369
Voltage,Cell 2,2060.0,1.25,0.0,1.25,3.7751472630431024,0.5722165532879817,1318.9069859647307,-0.031054313492666092
Voltage,Cell 3,2060.0,1.25,-0.25,1.0,3.7748137788646026,0.5531855791962212,408.6440156770386,-0.03919221762380436
Voltage,Cell 4,2060.0,1.25,0.0,1.25,3.7802488390325846,0.5878002244668941,1969.771996799142,-0.024935268424570507
Voltage,Cell 1,2070.0,1.25,0.0,1.25,3.7795679565285902,0.591388888888886,2051.4400192618077,-0.024959510603301104
Voltage,Cell 2,2070.0,1.25,0.0,1.25,3.7742612485147333,0.5715079365079364,1338.35275726883,-0.030939244407312418
Voltage,Cell 3,2070.0,1.25,-0.25,1.0,3.774238051863538,0.5525945626477579,416.15989707705444,-0.03930566691523153
Voltage,Cell 4,2070.0,1.25,0.25,1.5,3.7801665503344486,0.5870987654321017,1953.0588747332251,-0.02559340343401882
Voltage,Cell 1,2080.0,1.25,0.25,1.5,3.7794838345522925,0.5906944444444415,2030.5296936988188,-0.025626688069735
Voltage,Cell 2,2080.0,1.25,-0.25,1.0,3.7733952363312175,0.5707993197278911,1357.0587534877939,-0.030838355438024042
Voltage,Cell 3,2080.0,1.25,0.0,1.25,3.7736563079060805,0.5520035460992945,423.5989002245001,-0.03940501053489243
Voltage,Cell 4,2080.0,1.25,0.0,1.25,3.778617589400544,0.5862570145903508,2000.1143255048516,-0.024918925888029728
Voltage,Cell 1,2090.0,1.25,0.0,1.25,3.777934669840815,0.5898611111111082,2073.6163841783055,-0.0249599815356431
Voltage,Cell 2,2090.0,1.25,0.0,1.25,3.7739387429281046,0.5702324263038548,1312.5604003218273,-0.031999878647971526
Voltage,Cell 3,2090.0,1.25,-0.25,1.0,3.771672086370996,0.5512647754137153,493.4594916380788,-0.03824201617010747
Voltage,Cell 4,2090.0,1.25,0.25,1.5,3.778548644130674,0.5855555555555585,1982.3907227753555,-0.025578417015123527
Voltage,Cell 1,2100.0,1.25,0.25,1.5,3.777864487925647,0.5891666666666637,2052.1397871767867,-0.02562613129506511
Voltage,Cell 2,2100.0,1.25,0.0,1.25,3.7729500968396814,0.5695238095238095,1333.3641748913208,-0.03176601706405603
Voltage,Cell 3,2100.0,1.25,-0.25,1.0,3.7712382234816544,0.5506737588652519,497.2691764340217,-0.038474480577323764
Voltage,Cell 4,2100.0,1.25,0.0,1.25,3.777011951167568,0.5847138047138076,2028.4814923028935,-0.024905135399762524
Voltage,Cell 1,2110.0,1.25,0.0,1.25,3.7763284508239074,0.5883333333333304,2094.681528553195,-0.024958535101103824
Voltage,Cell 2,2110.0,1.25,0.0,1.25,3.7719950965790274,0.5688151927437642,1353.335175571299,-0.031561198388718195
Voltage,Cell 3,2110.0,1.25,-0.25,1.0,3.770782172419918,0.5500827423167886,501.1898064957926,-0.03867797590219085
Voltage,Cell 4,2110.0,1.25,0.25,1.5,3.776954306327685,0.5840123456790153,2009.8349488186973,-0.0255656823364572
Voltage,Cell 1,2120.0,1.25,0.25,1.5,3.77627070904676,0.5876388888888859,2072.6758903095056,-0.025623916220981598
Voltage,Cell 2,2120.0,1.25,0.0,1.25,3.771069732982955,0.5681065759637189,1372.514925563708,-0.03138179681738888
Voltage,Cell 3,2120.0,1.25,-0.25,1.0,3.770307100578877,0.5494917257683252,505.2122897925917,-0.03885612784412516
Voltage,Cell 4,2120.0,1.25,0.0,1.25,3.775428019705536,0.5831705948372644,2055.041880370508,-0.02489333393337702
Voltage,Cell 1,2130.0,1.25,0.0,1.25,3.774746497176558,0.5868055555555526,2114.701592813353,-0.024955657397070927
Voltage,Cell 2,2130.0,1.25,0.0,1.25,3.7701705266069125,0.5673979591836736,1390.940487274685,-0.03122463982042729
Voltage,Cell 3,2130.0,1.25,-0.25,1.0,3.7698159203701533,0.5489007092198618,509.3214719402357,-0.039012108824094546
Voltage,Cell 4,2130.0,1.25,0.25,1.5,3.775379933578984,0.5824691358024721,2035.5491280789665,-0.025554706783256345
Voltage,Cell 1,2140.0,1.25,0.25,1.5,3.7746998652010526,0.5861111111111081,2092.1982604887285,-0.025620468282303417
Voltage,Cell 2,2140.0,1.25,-0.25,1.0,3.7692944908095263,0.5666893424036283,1408.6437522156627,-0.031086951501047993
Voltage,Cell 3,2140.0,1.25,0.0,1.25,3.7693111808688102,0.5483096926713984,513.5025643100082,-0.039148694705429865
Voltage,Cell 4,2140.0,1.25,0.0,1.25,3.773862514601987,0.5816273849607212,2079.9411215323194,-0.024883090565186127
Voltage,Cell 1,2150.0,1.25,0.0,1.25,3.773186190888896,0.5852777777777748,2133.738575092927,-0.024951720343752364
Voltage,Cell 2,2150.0,1.25,0.0,1.25,3.7698306761547875,0.5661224489795921,1363.1569279674948,-0.03221630291037023
Voltage,Cell 3,2150.0,1.25,-0.25,1.0,3.767397190278647,0.5475709219858192,580.247745118963,-0.03801831446095583
Voltage,Cell 4,2150.0,1.25,0.25,1.5,3.7738227399523208,0.5809259259259288,2059.659284931175,-0.02554511372963019
Voltage,Cell 1,2160.0,1.25,0.25,1.5,3.773149691746478,0.5845833333333303,2110.755014432333,-0.0256161134671179
Voltage,Cell 2,2160.0,1.25,0.0,1.25,3.7688368830140777,0.5654138321995468,1382.9889312545379,-0.03195431860300528
Voltage,Cell 3,2160.0,1.25,-0.25,1.0,3.767027566284827,0.5469799054373559,581.0745728268955,-0.038279343416048134
Voltage,Cell 4,2160.0,1.25,0.0,1.25,3.7723128901969702,0.580084175084178,2103.2966772746477,-0.02487407582776275
Voltage,Cell 1,2170.0,1.25,0.0,1.25,3.7716455168337193,0.583749999999997,2151.831452621317,-0.024947009564572957
Voltage,Cell 2,2170.0,1.25,0.0,1.25,3.7678786819354073,0.5647052154195015,1401.9979574797005,-0.03172492027980143
Voltage,Cell 3,2170.0,1.25,-0.25,1.0,3.7666305275854057,0.5463888888888925,582.1331813480143,-0.03850785990107612
Voltage,Cell 4,2170.0,1.25,0.25,1.5,3.7722800838553443,0.5793827160493856,2082.289026380436,-0.025536614442122355
Voltage,Cell 1,2180.0,1.25,0.25,1.5,3.7716179721360072,0.5830555555555526,2128.3970410307775,-0.02561110091783693
Voltage,Cell 2,2180.0,1.25,0.0,1.25,3.7669518814929726,0.5639965986394562,1420.2192290378355,-0.03152403938285666
Voltage,Cell 3,2180.0,1.25,-0.25,1.0,3.7662099536670883,0.5457978723404291,583.4024024810494,-0.03870793250711869
Voltage,Cell 4,2180.0,1.25,0.0,1.25,3.7707768864525586,0.5785409652076348,2125.217473288425,-0.024866037357590586
Voltage,Cell 1,2190.0,1.25,0.0,1.25,3.770122420155802,0.5822222222222192,2169.0266711017293,-0.02494174312145764
Voltage,Cell 2,2190.0,1.25,0.0,1.25,3.766052562591355,0.5632879818594109,1437.6959432243052,-0.031348115752362724
Voltage,Cell 3,2190.0,1.25,0.0,1.25,3.765769045352051,0.5452068557919657,584.869365166339,-0.03888312137943607
Voltage,Cell 4,2190.0,1.25,0.0,1.25,3.7707502200693175,0.5778395061728424,2103.526553376991,-0.02552898865061915
Voltage,Cell 1,2200.0,1.25,0.0,1.25,3.77010298226384,0.5815277777777748,2145.158239962277,-0.025605622001255966
Voltage,Cell 2,2200.0,1.25,0.0,1.25,3.7651775155952554,0.5625793650793656,1454.4594595311141,-0.03119403441416132
Voltage,Cell 3,2200.0,1.25,-0.25,1.0,3.7639131127917027,0.5444680851063866,649.0113358255217,-0.03778654147379536
Voltage,Cell 4,2200.0,1.25,0.25,1.5,3.770642893662579,0.5771380471380501,2083.2997916078766,-0.02610878199138741
Voltage,Cell 1,2210.0,1.25,0.25,1.5,3.770003937862098,0.5808333333333303,2122.866093722163,-0.026186087959691667
Voltage,Cell 2,2210.0,1.25,0.0,1.25,3.764323911104615,0.5618707482993203,1470.5403018780878,-0.031059069750023427
Voltage,Cell 3,2210.0,1.25,-0.25,1.0,3.7635965165360705,0.5438770685579232,647.3378022591276,-0.038077168422584746
Voltage,Cell 4,2210.0,1.25,0.0,1.25,3.769074909135598,0.5762962962962992,2126.9456698071804,-0.025365816968870553
Voltage,Cell 1,2220.0,1.25,0.0,1.25,3.7684466278363584,0.579999999999997,2164.555219707513,-0.025443572527550893
Voltage,Cell 2,2220.0,1.25,0.0,1.25,3.7634891996222803,0.561162131519275,1485.9700417946265,-0.030940836802453048
Voltage,Cell 3,2220.0,1.25,-0.25,1.0,3.76324784606318,0.5432860520094598,646.0018694494063,-0.03833160600977058
Voltage,Cell 4,2220.0,1.25,0.25,1.5,3.7689920391293694,0.5755948372615068,2105.908254403267,-0.0259654431354751
Voltage,Cell 1,2230.0,1.25,0.25,1.5,3.7683739775569234,0.5793055555555525,2141.6651054874146,-0.02604345322861203
Voltage,Cell 2,2230.0,1.25,-0.25,1.0,3.762671094482268,0.5604535147392297,1500.780368678193,-0.030837248709360898
Voltage,Cell 3,2230.0,1.25,0.0,1.25,3.762871528472921,0.5426950354609964,644.9767781971485,-0.03855438246052194
Voltage,Cell 4,2230.0,1.25,0.0,1.25,3.7674456268043532,0.574753086419756,2148.777725410835,-0.025239841219696253
Voltage,Cell 1,2240.0,1.25,0.0,1.25,3.7668402154034255,0.5784722222222192,2182.7770439585274,-0.02531793541620959
Voltage,Cell 2,2240.0,1.25,0.0,1.25,3.763259417715773,0.5598866213151934,1452.497447307147,-0.031996479520418314
Voltage,Cell 3,2240.0,1.25,-0.25,1.0,3.7610736601664314,0.5419562647754173,706.7381278872781,-0.0374994599868775
Voltage,Cell 4,2240.0,1.25,0.25,1.5,3.7673818186891155,0.5740516273849636,2126.9951256402096,-0.025854669523352976
Voltage,Cell 1,2250.0,1.25,0.25,1.5,3.7667886239275252,0.5777777777777747,2159.3286453887076,-0.0259326987872586
Voltage,Cell 2,2250.0,1.25,0.0,1.25,3.762312768442671,0.5591780045351481,1469.619779594681,-0.03176068150762838
Voltage,Cell 3,2250.0,1.25,-0.25,1.0,3.7608093340329356,0.5413652482269539,702.791577409191,-0.03782655554708288
Voltage,Cell 4,2250.0,1.25,0.0,1.25,3.7658523495173974,0.5732098765432128,2169.1455509189627,-0.025142379003320274
Voltage,Cell 1,2260.0,1.25,0.0,1.25,3.765273705747416,0.5769444444444414,2199.9004119615297,-0.025220213063250382
Voltage,Cell 2,2260.0,1.25,0.0,1.25,3.7613971042171537,0.5584693877551028,1486.0083489737551,-0.03155423790356988
Voltage,Cell 3,2260.0,1.25,-0.25,1.0,3.7605079175646994,0.5407742316784905,699.2817137701478,-0.038112921490704305
Voltage,Cell 4,2260.0,1.25,0.25,1.5,3.765803537976575,0.5725084175084204,2146.671464790277,-0.025768864226435803
Voltage,Cell 1,2270.0,1.25,0.25,1.5,3.7652389694902584,0.5762499999999969,2175.9296012692225,-0.02584638924804994
Voltage,Cell 2,2270.0,1.25,0.0,1.25,3.76050868137402,0.5577607709750575,1501.6974021630735,-0.031373484041300914
Voltage,Cell 3,2270.0,1.25,-0.25,1.0,3.760174419073683,0.5401832151300271,696.1778695546341,-0.038363653607813006
Voltage,Cell 4,2270.0,1.25,0.0,1.25,3.764287334464896,0.5716666666666695,2188.1569952365276,-0.025066782946889
Voltage,Cell 1,2280.0,1.25,0.0,1.25,3.7637391648124923,0.5754166666666636,2215.9956593174147,-0.025143899467169772
Voltage,Cell 2,2280.0,1.25,0.0,1.25,3.7596442051369476,0.5570521541950122,1516.7198112869573,-0.031215213334406872
Voltage,Cell 3,2280.0,1.25,0.0,1.25,3.7598132025435165,0.5395921985815637,693.4514852720666,-0.038583210726435106
Voltage,Cell 4,2280.0,1.25,0.0,1.25,3.764250289681349,0.5709652076318772,2165.0427175715686,-0.025702210698726337
Voltage,Cell 1,2290.0,1.25,0.0,1.25,3.7637180153325063,0.5747222222222191,2191.5348809526727,-0.025778831828755698
Voltage,Cell 2,2290.0,1.25,0.0,1.25,3.7588007684180345,0.5563435374149669,1531.1067853150969,-0.031076620029204634
Voltage,Cell 3,2290.0,1.25,-0.25,1.0,3.7580302944521815,0.5388534278959846,753.5758158074377,-0.03752549433815814
Voltage,Cell 4,2290.0,1.25,0.25,1.5,3.764134812282427,0.5702637485970848,2143.4116678977853,-0.026257963574622917
Voltage,Cell 1,2300.0,1.25,0.25,1.5,3.7636193294776845,0.5740277777777747,2168.626020295115,-0.026334013425889646
Voltage,Cell 2,2300.0,1.25,0.0,1.25,3.7579758303327733,0.5556349206349216,1544.8878928652327,-0.030955249088576314
Voltage,Cell 3,2300.0,1.25,-0.25,1.0,3.7577808068123297,0.5382624113475212,748.0533066890663,-0.03785016823066889
Voltage,Cell 4,2300.0,1.25,0.0,1.25,3.762560450542516,0.569421997755334,2185.6757385682577,-0.02549400566336274
Voltage,Cell 1,2310.0,1.25,0.0,1.25,3.7620640106139867,0.5731944444444413,2209.677959719454,-0.025569417937504696
Voltage,Cell 2,2310.0,1.25,-0.25,1.0,3.7571671864311673,0.5549263038548763,1558.0911112279123,-0.03084895234550375
Voltage,Cell 3,2310.0,1.25,0.0,1.25,3.757494124597611,0.5376713947990578,743.0252892893911,-0.03813443822489952
Voltage,Cell 4,2310.0,1.25,0.25,1.5,3.762472677457761,0.5687205387205416,2163.2795406312785,-0.02607530552235461
Voltage,Cell 1,2320.0,1.25,0.25,1.5,3.761994674661154,0.5724999999999969,2186.1319382044326,-0.026150022342990818
Voltage,Cell 2,2320.0,1.25,0.0,1.25,3.7577646247107004,0.55435941043084,1508.2429602698064,-0.03200585015620408
Voltage,Cell 3,2320.0,1.25,-0.25,1.0,3.755777492610046,0.5369326241134786,800.9586409963221,-0.037133359413782846
Voltage,Cell 4,2320.0,1.25,0.0,1.25,3.7609226745954865,0.5678787878787908,2204.8097536478126,-0.025333710643166776
Voltage,Cell 1,2330.0,1.25,0.0,1.25,3.7604653076864833,0.5716666666666635,2226.5707344374177,-0.025407681511904107
Voltage,Cell 2,2330.0,1.25,0.0,1.25,3.756826758403289,0.5536507936507947,1523.840773896851,-0.03176804783047672
Voltage,Cell 3,2330.0,1.25,-0.25,1.0,3.755587046709194,0.5363416075650153,793.3499082461356,-0.03750760500227599
Voltage,Cell 4,2330.0,1.25,0.25,1.5,3.7608563199409444,0.5671773288439984,2181.709424208286,-0.025934587578292274
Voltage,Cell 1,2340.0,1.25,0.25,1.5,3.760418955388218,0.5709722222222191,2202.434088372722,-0.026007768444437147
Voltage,Cell 2,2340.0,1.25,0.0,1.25,3.75591957568305,0.5529421768707494,1538.743743985956,-0.03155988752134243
Voltage,Cell 3,2340.0,1.25,-0.25,1.0,3.755352958239342,0.5357505910165519,786.3364858444994,-0.03783526411929004
Voltage,Cell 4,2340.0,1.25,0.0,1.25,3.7593251527412854,0.5663355780022475,2222.5638558520022,-0.025210132058922637
Voltage,Cell 1,2350.0,1.25,0.0,1.25,3.7589099465933486,0.5701388888888858,2242.3039992615054,-0.02528248451411231
Voltage,Cell 2,2350.0,1.25,0.0,1.25,3.7550392775136756,0.5522335600907041,1552.9860248394539,-0.031377668619245194
Voltage,Cell 3,2350.0,1.25,0.0,1.25,3.7550810676640705,0.5351595744680885,779.8793653595027,-0.038122164662302276
Voltage,Cell 4,2350.0,1.25,0.0,1.25,3.759275274966841,0.5656341189674552,2198.815973539756,-0.025826015352195985
Voltage,Cell 1,2360.0,1.25,0.0,1.25,3.758881583486038,0.5694444444444413,2217.6204390740113,-0.025897505883625774
Voltage,Cell 2,2360.0,1.25,0.0,1.25,3.7541826316774882,0.5515249433106588,1566.598744782526,-0.031218153070005993
Voltage,Cell 3,2360.0,1.25,-0.25,1.0,3.7533786826223334,0.5344208037825093,836.4425053560952,-0.037123406070698584
Voltage,Cell 4,2360.0,1.25,0.25,1.5,3.759148845616742,0.5649326599326628,2176.549128396823,-0.026364699809072273
Voltage,Cell 1,2370.0,1.25,0.25,1.5,3.758777340032985,0.5687499999999969,2194.464883151506,-0.026435299213065682
Voltage,Cell 2,2370.0,1.25,0.0,1.25,3.7533467761913455,0.5508163265306135,1579.6118844065322,-0.03107850758233298
Voltage,Cell 3,2370.0,1.25,-0.25,1.0,3.753201992245183,0.533829787234046,827.5197145116712,-0.03749970035342359
Voltage,Cell 4,2370.0,1.25,0.0,1.25,3.7575651734394406,0.564090909090912,2218.1760758234586,-0.025585839986048818
Voltage,Cell 1,2380.0,1.25,0.0,1.25,3.757217902613838,0.5679166666666635,2235.247413319841,-0.02565552283366063
Voltage,Cell 2,2380.0,1.25,0.0,1.25,3.752529211429566,0.5501077097505682,1592.0538094432382,-0.030956253024192838
Voltage,Cell 3,2380.0,1.25,0.0,1.25,3.752981342185657,0.5332387706855826,819.2440744673897,-0.037829170516181766
Voltage,Cell 4,2380.0,1.25,0.0,1.25,3.75746949387156,0.5633894500561196,2195.14225254081,-0.026154133617501543
Voltage,Cell 1,2390.0,1.25,0.0,1.25,3.7571456577590903,0.5672222222222191,2211.4112844959523,-0.02622287777343025
Voltage,Cell 2,2390.0,1.25,0.0,1.25,3.751727754112172,0.5493990929705229,1603.9513799012448,-0.030849220152817682
Voltage,Cell 3,2390.0,1.25,-0.25,1.0,3.7513247883941,0.5325000000000034,874.0751953371888,-0.03686767420927508
Voltage,Cell 4,2390.0,1.25,0.25,1.5,3.7573030878724727,0.5626879910213273,2173.535061334649,-0.026651191218272263
Voltage,Cell 1,2400.0,1.25,0.25,1.5,3.757003642891827,0.5665277777777746,2188.9972506633503,-0.026718977308807606
Voltage,Cell 2,2400.0,1.25,-0.25,1.0,3.75094095260707,0.5486904761904776,1615.2846791121751,-0.030755510717731728
Voltage,Cell 3,2400.0,1.25,0.0,1.25,3.7511896427706395,0.53190898345154,863.4568691587772,-0.037276586637112266
Voltage,Cell 4,2400.0,1.25,0.0,1.25,3.755684984178562,0.5618462401795764,2215.7250194466596,-0.02583592185980272
Voltage,Cell 1,2410.0,1.25,0.0,1.25,3.7554110819330044,0.5656944444444413,2230.4922897527163,-0.02590273329134322
Voltage,Cell 2,2410.0,1.25,0.0,1.25,3.7515579916796415,0.5481235827664414,1563.652309304855,-0.0319234641719945
Voltage,Cell 3,2410.0,1.25,-0.25,1.0,3.7496082363389345,0.5311702127659609,916.0924865132116,-0.036384611755929164
Voltage,Cell 4,2410.0,1.25,0.25,1.5,3.7555589525116915,0.561144781144784,2193.2350020447684,-0.026372371277927624
Voltage,Cell 1,2420.0,1.25,0.25,1.5,3.755309892242831,0.5649999999999968,2207.3251145050153,-0.026438193439188955
Voltage,Cell 2,2420.0,1.25,0.0,1.25,3.7506378993398237,0.547414965986396,1577.5314349830398,-0.03169537722784126
Voltage,Cell 3,2420.0,1.25,-0.25,1.0,3.749538864290798,0.5305791962174975,903.4468723686653,-0.036854365040498493
Voltage,Cell 4,2420.0,1.25,0.0,1.25,3.75397559387995,0.5603030303030332,2234.637484140576,-0.0255915792751338
Voltage,Cell 1,2430.0,1.25,0.0,1.25,3.7537532573166215,0.5641666666666635,2248.0848178914316,-0.025656399525668644
Voltage,Cell 2,2430.0,1.25,0.0,1.25,3.749746884881064,0.5467063492063508,1590.7795435139446,-0.03149575956718178
Voltage,Cell 3,2430.0,1.25,0.0,1.25,3.7494135271083597,0.5299881796690341,891.6440392449898,-0.03726563513123185
Voltage,Cell 4,2430.0,1.25,0.0,1.25,3.7538801081651867,0.5596015712682408,2211.3797639985582,-0.026158205717679576
Voltage,Cell 1,2440.0,1.25,0.0,1.25,3.7536836013809216,0.563472222222219,2224.2100539586518,-0.02622201308705279
Voltage,Cell 2,2440.0,1.25,0.0,1.25,3.7488814501054115,0.5459977324263054,1603.4214855820655,-0.03132105713483062
Voltage,Cell 3,2440.0,1.25,-0.25,1.0,3.747841835942614,0.529249408983455,943.1266184155013,-0.036375737047056204
Voltage,Cell 4,2440.0,1.25,0.25,1.5,3.7537138102656664,0.5589001122334485,2189.5440436619165,-0.026653827967812554
Voltage,Cell 1,2450.0,1.25,0.25,1.5,3.7535434887065477,0.5627777777777746,2201.791544814655,-0.026716612981558162
Voltage,Cell 2,2450.0,1.25,0.0,1.25,3.7480384043111528,0.5452891156462601,1615.4912606601438,-0.0311681601765557
Voltage,Cell 3,2450.0,1.25,-0.25,1.0,3.7477818546926813,0.5286583924349916,929.3794963725406,-0.03684732150812146
Voltage,Cell 4,2450.0,1.25,0.0,1.25,3.752095193388252,0.5580583613916976,2231.551440760403,-0.025837326246054306
Voltage,Cell 1,2460.0,1.25,0.0,1.25,3.7519529282947164,0.5619444444444412,2243.238210879922,-0.025899080681963452
Voltage,Cell 2,2460.0,1.25,0.0,1.25,3.747215112570339,0.5445804988662148,1627.0103492406815,-0.031034347602555707
Voltage,Cell 3,2460.0,1.25,0.0,1.25,3.7476657248755867,0.5280673758865282,916.5160974642167,-0.037260207809137004
Voltage,Cell 4,2460.0,1.25,0.0,1.25,3.7519689217718004,0.5573569023569053,2208.8448764359264,-0.026372720704248363
Voltage,Cell 1,2470.0,1.25,0.25,1.5,3.7518536430228404,0.5612499999999968,2219.999019967443,-0.02643343748753125
Voltage,Cell 2,2470.0,1.25,0.0,1.25,3.7464091924285237,0.5438718820861695,1638.0048294769433,-0.030917238485261442
Voltage,Cell 3,2470.0,1.25,-0.25,1.0,3.7461030410792553,0.527328605200949,966.9812780187299,-0.036371737867813635
Voltage,Cell 4,2470.0,1.25,0.0,1.25,3.7517756902674266,0.5566554433221129,2187.515828784179,-0.026841028994445217
Voltage,Cell 1,2480.0,1.25,0.0,1.25,3.7502985678467478,0.5604166666666635,2260.6845136617803,-0.025650702075469198
Voltage,Cell 2,2480.0,1.25,-0.25,1.0,3.745618243837424,0.5431632653061242,1648.5233792877689,-0.03081474962566707
Voltage,Cell 3,2480.0,1.25,0.0,1.25,3.7460516321458606,0.5267375886524857,952.2789585143672,-0.03684458606946126
Voltage,Cell 4,2480.0,1.25,0.25,1.5,3.7515235844914208,0.5559539842873206,2167.505972449948,-0.027250641636046822
Voltage,Cell 1,2490.0,1.25,0.25,1.5,3.7502303071956886,0.559722222222219,2236.7197576628487,-0.02621551569847063
Voltage,Cell 2,2490.0,1.25,0.0,1.25,3.7462324517363936,0.542596371882088,1596.0678204918904,-0.0319750580254925
Voltage,Cell 3,2490.0,1.25,-0.25,1.0,3.7445461088472163,0.5259988179669065,1001.0038807137173,-0.03600859217148714
Voltage,Cell 4,2490.0,1.25,0.0,1.25,3.749829899786873,0.5551122334455697,2211.217931497924,-0.026358900191459617
Voltage,Cell 1,2500.0,1.25,0.0,1.25,3.7487026213494583,0.5588888888888857,2276.6898218540173,-0.02545943948124358
Voltage,Cell 2,2500.0,1.25,0.0,1.25,3.74531055790424,0.5418877551020427,1609.130114732424,-0.03174031863658352
Voltage,Cell 3,2500.0,1.25,-0.25,1.0,3.7445456085317583,0.5254078014184431,984.6257191579277,-0.03652736608997376
Voltage,Cell 4,2500.0,1.25,0.25,1.5,3.7496379076757362,0.5544107744107774,2190.1049998606222,-0.026828478579095347
Voltage,Cell 1,2510.0,1.25,0.0,1.25,3.7486583825426214,0.5581944444444412,2252.0361611251346,-0.02604758940277899
Voltage,Cell 2,2510.0,1.25,0.0,1.25,3.744418704962968,0.5411791383219974,1621.5637813389449,-0.03153491703989485
Voltage,Cell 3,2510.0,1.25,0.0,1.25,3.7444830540309164,0.5248167848699797,969.2547220246364,-0.036981566502718444
Voltage,Cell 4,2510.0,1.25,0.0,1.25,3.747996879064516,0.5535690235690265,2232.7619551409784,-0.025989216474078106
Voltage,Cell 1,2520.0,1.25,0.25,1.5,3.7485406267760686,0.5574999999999968,2228.845171905761,-0.026561941946029944
Voltage,Cell 2,2520.0,1.25,0.0,1.25,3.7435532611362192,0.5404705215419521,1633.3973800677495,-0.031355190618002154
Voltage,Cell 3,2520.0,1.25,-0.25,1.0,3.742968784977273,0.5240780141844006,1017.328345926105,-0.03612926975407462
Voltage,Cell 4,2520.0,1.25,0.0,1.25,3.747851004655432,0.5528675645342341,2210.6409374949285,-0.026504723593959542
Voltage,Cell 1,2530.0,1.25,0.0,1.25,3.7469692584840644,0.5566666666666634,2269.5660402513395,-0.025761726609253452
Voltage,Cell 2,2530.0,1.25,0.0,1.25,3.7427105379911905,0.5397619047619068,1644.6988574612533,-0.031197934771089095
Voltage,Cell 3,2530.0,1.25,0.0,1.25,3.7429611808712493,0.5234869976359372,1000.353876095292,-0.03663379292208578
Voltage,Cell 4,2530.0,1.25,0.0,1.25,3.7476401955425533,0.5521661054994418,2189.8732499373104,-0.026955658570556436
Voltage,Cell 1,2540.0,1.25,0.0,1.25,3.746886656215102,0.555972222222219,2245.6176258917176,-0.026311269066090857
Voltage,Cell 2,2540.0,1.25,0.0,1.25,3.741888113549282,0.5390532879818615,1655.4656903454759,-0.03106034517734178
Voltage,Cell 3,2540.0,1.25,-0.25,1.0,3.7414954249930372,0.522748226950358,1046.9180218989575,-0.035825538053086456
Voltage,Cell 4,2540.0,1.25,0.25,1.5,3.747372868408522,0.5514646464646494,2170.352424332419,-0.027350097493236615
Voltage,Cell 1,2550.0,1.25,0.25,1.5,3.7467351992580564,0.5552777777777745,2223.086813008564,-0.02679185432753856
Voltage,Cell 2,2550.0,1.25,-0.25,1.0,3.7410835679018746,0.5383446712018162,1665.7217392974126,-0.030939968165625137
Voltage,Cell 3,2550.0,1.25,0.0,1.25,3.741531170940781,0.5221572104018947,1028.4828792742474,-0.036368607062441584
Voltage,Cell 4,2550.0,1.25,0.0,1.25,3.7456658151901485,0.5506228956228986,2214.503342750216,-0.026445107017687288
Voltage,Cell 1,2560.0,1.25,0.0,1.25,3.7451346076913272,0.5544444444444412,2264.388992217887,-0.025962106773590423
Voltage,Cell 2,2560.0,1.25,0.0,1.25,3.7416865112738384,0.5377777777777799,1612.9895393063844,-0.032084656772270126
Voltage,Cell 3,2560.0,1.25,-0.25,1.0,3.7401040148606866,0.5214184397163155,1073.6536895497256,-0.035594089141961265
Voltage,Cell 4,2560.0,1.25,0.25,1.5,3.7454620706656057,0.5499214365881062,2193.7828382566813,-0.02690312046463643
Voltage,Cell 1,2570.0,1.25,0.0,1.25,3.7450264415842844,0.5537499999999967,2240.972034055081,-0.026485822732174945
Voltage,Cell 2,2570.0,1.25,0.0,1.25,3.7407554022360703,0.5370691609977346,1625.7625956400943,-0.03183628240269417
Voltage,Cell 3,2570.0,1.25,0.0,1.25,3.7401741824829484,0.5208274231678521,1053.8909584246403,-0.03616668733626489
Voltage,Cell 4,2570.0,1.25,0.0,1.25,3.7438106989463495,0.5490796857463554,2236.7890309697577,-0.026053766986777856
Voltage,Cell 1,2580.0,1.25,0.25,1.5,3.744852171181386,0.5530555555555523,2218.966753074448,-0.02694382408521813
Voltage,Cell 2,2580.0,1.25,0.0,1.25,3.7398556889122108,0.5363605442176893,1637.933039255425,-0.03161898270904129
Voltage,Cell 3,2580.0,1.25,-0.25,1.0,3.7387774190277314,0.520088652482273,1097.8295030457202,-0.03541801704473746
Voltage,Cell 4,2580.0,1.25,0.0,1.25,3.7436552725601966,0.548378226711563,2215.014859734296,-0.026560472228389018
Voltage,Cell 1,2590.0,1.25,0.0,1.25,3.7432314146022945,0.552222222222219,2260.763534965539,-0.026094329824880462
Voltage,Cell 2,2590.0,1.25,0.0,1.25,3.7389837732024045,0.535651927437644,1649.50992601534,-0.031428877890812806
Voltage,Cell 3,2590.0,1.25,0.0,1.25,3.7388745674172545,0.5194976359338096,1076.9125525179088,-0.036013241445920254
Voltage,Cell 4,2590.0,1.25,0.0,1.25,3.743436295998462,0.5476767676767706,2194.531427978047,-0.02700373342246108
Voltage,Cell 1,2600.0,1.25,0.0,1.25,3.7431053801766403,0.5515277777777745,2237.812719231066,-0.02660078162162376
Voltage,Cell 2,2600.0,1.25,0.0,1.25,3.738136329660059,0.5349433106575987,1660.5183494747437,-0.03126257319054205
Voltage,Cell 3,2600.0,1.25,-0.25,1.0,3.7375022165090015,0.5187588652482304,1119.7326012270532,-0.03528437836577386
Voltage,Cell 4,2600.0,1.25,0.25,1.5,3.743161741444259,0.5469753086419783,2175.260535405063,-0.02739148571298705
Voltage,Cell 1,2610.0,1.25,0.25,1.5,3.742915680657627,0.5508333333333301,2216.2062931792466,-0.027043690932957942
Voltage,Cell 2,2610.0,1.25,-0.25,1.0,3.737310421652384,0.5342346938775534,1670.9848019124868,-0.03111709820648436
Voltage,Cell 3,2610.0,1.25,0.0,1.25,3.7376214026277235,0.5181678486997671,1097.743628144595,-0.03589694343990598
Voltage,Cell 4,2610.0,1.25,0.0,1.25,3.741448280849686,0.5461335578002274,2219.6297234569397,-0.026480672352964477
Voltage,Cell 1,2620.0,1.25,0.25,1.5,3.7412813661400905,0.5499999999999967,2258.364467045478,-0.026181005280116985
Voltage,Cell 2,2620.0,1.25,0.0,1.25,3.7378952071797493,0.5336678004535171,1618.4343038141499,-0.03223985383621172
Voltage,Cell 3,2620.0,1.25,-0.25,1.0,3.7362689553278394,0.5174290780141879,1139.5410578546957,-0.03518326285175324
Voltage,Cell 4,2620.0,1.25,0.0,1.25,3.7412388443180977,0.5454320987654351,2199.0983368283974,-0.026933618686295267
Voltage,Cell 1,2630.0,1.25,0.0,1.25,3.7397541873818256,0.5491666666666634,2298.271312824272,-0.025425928819180085
Voltage,Cell 2,2630.0,1.25,0.0,1.25,3.7369484295221436,0.5329591836734718,1631.390474518124,-0.03197231599370693
Voltage,Cell 3,2630.0,1.25,0.0,1.25,3.7364059235485714,0.5168380614657245,1116.6001151160876,-0.03580912218021633
Voltage,Cell 4,2630.0,1.25,0.0,1.25,3.740972363137126,0.5447306397306427,2179.796575950431,-0.027329859492559807
Voltage,Cell 1,2640.0,1.25,0.0,1.25,3.739709738094966,0.5484722222222189,2273.533496761345,-0.026015015078966718
Voltage,Cell 2,2640.0,1.25,0.0,1.25,3.736035735290911,0.5322505668934265,1643.7019538041425,-0.03173827595264237
Voltage,Cell 3,2640.0,1.25,-0.25,1.0,3.7350693971488913,0.5160992907801454,1157.5114007316058,-0.03510708365131992
Voltage,Cell 4,2640.0,1.25,0.25,1.5,3.740656083628407,0.5440291806958504,2161.6408766175214,-0.027676487569478252
Voltage,Cell 1,2650.0,1.25,0.0,1.25,3.739591117482791,0.5477777777777745,2250.2372820435885,-0.02653024842304727
Voltage,Cell 2,2650.0,1.25,0.0,1.25,3.7351530174915064,0.5315419501133812,1655.396880789935,-0.031533551094009626
Voltage,Cell 3,2650.0,1.25,0.0,1.25,3.735220954387978,0.515508274231682,1133.7174022799154,-0.03574313918486111
Voltage,Cell 4,2650.0,1.25,0.0,1.25,3.7389059680763914,0.5431874298540995,2207.061174632601,-0.02672970914074174
Voltage,Cell 1,2660.0,1.25,0.25,1.5,3.739407543471276,0.54708333333333,2228.2996175302887,-0.026980865171207857
Voltage,Cell 2,2660.0,1.25,0.0,1.25,3.734296635345013,0.5308333333333359,1666.5065437434487,-0.03135448164652102
Voltage,Cell 3,2660.0,1.25,-0.25,1.0,3.733897826751352,0.5147695035461028,1173.8098904291244,-0.035050031760133785
Voltage,Cell 4,2660.0,1.25,0.0,1.25,3.7386642890454187,0.5424859708193072,2187.5225067366773,-0.0271512046617945
Voltage,Cell 1,2670.0,1.25,0.0,1.25,3.7377781915985544,0.5462499999999967,2270.1421365488486,-0.02612494710027657
Voltage,Cell 2,2670.0,1.25,0.0,1.25,3.7334634054701765,0.5301247165532906,1677.0605627016128,-0.031197865310835276
Voltage,Cell 3,2670.0,1.25,0.0,1.25,3.7340616688314943,0.5141784869976395,1149.2367180541164,-0.0356939114881213
Voltage,Cell 4,2670.0,1.25,0.0,1.25,3.73836973410333,0.5417845117845148,2169.130811226946,-0.027519944529943156
Voltage,Cell 1,2680.0,1.25,0.0,1.25,3.737644144867657,0.5455555555555522,2247.218674424288,-0.026625815762072434
Voltage,Cell 2,2680.0,1.25,-0.25,1.0,3.7326505446860425,0.5294160997732453,1687.08698214984,-0.03106090007564163
Voltage,Cell 3,2680.0,1.25,0.0,1.25,3.7327498493478286,0.5134397163120603,1188.5875934473443,-0.03500765972011731
Voltage,Cell 4,2680.0,1.25,0.25,1.5,3.7380289117894994,0.5410830527497225,2151.819544536957,-0.027842527841701322
Voltage,Cell 1,2690.0,1.25,0.25,1.5,3.7374469054209016,0.5448611111111078,2225.624590590389,-0.02706387751161076
Voltage,Cell 2,2690.0,1.25,0.0,1.25,3.7332473433188818,0.5288492063492091,1634.1123585526534,-0.032191134181733104
Voltage,Cell 3,2690.0,1.25,-0.25,1.0,3.7315263887099492,0.5127009456264812,1225.8084216844204,-0.03440754764276896
Voltage,Cell 4,2690.0,1.25,0.0,1.25,3.7362573143965734,0.5402413019079716,2198.0259302291806,-0.026874728805466118
Voltage,Cell 1,2700.0,1.25,0.0,1.25,3.735805410444292,0.5440277777777744,2267.785066280947,-0.026196987910660358
Voltage,Cell 2,2700.0,1.25,0.0,1.25,3.7323119777884757,0.5281405895691638,1646.634085959238,-0.03193017234065466
Voltage,Cell 3,2700.0,1.25,0.0,1.25,3.7317782728854305,0.5121099290780178,1198.5148492473024,-0.035132812548739935
Voltage,Cell 4,2700.0,1.25,0.0,1.25,3.7359968302149507,0.5395398428731792,2179.2193965571346,-0.027277849855343074
Voltage,Cell 1,2710.0,1.25,0.0,1.25,3.7356604583302144,0.54333333333333,2245.1657867048243,-0.02668827059304652
Voltage,Cell 2,2710.0,1.25,0.0,1.25,3.731409972015809,0.5274319727891185,1658.5238062191054,-0.03170191872853692
Voltage,Cell 3,2710.0,1.25,-0.25,1.0,3.7305442283596326,0.5113711583924386,1235.2991545376071,-0.03451778713750163
Voltage,Cell 4,2710.0,1.25,0.25,1.5,3.7356857104679864,0.5388383838383869,2161.5207391409476,-0.027630530654585685
Voltage,Cell 1,2720.0,1.25,0.0,1.25,3.73545344301103,0.5426388888888856,2223.8566610990338,-0.027117958699995396
Voltage,Cell 2,2720.0,1.25,0.0,1.25,3.730537338643013,0.5267233560090732,1669.8065251764115,-0.031502289421465574
Voltage,Cell 3,2720.0,1.25,0.0,1.25,3.7307873370575835,0.5107801418439752,1207.5950004469269,-0.03523001244381656
Voltage,Cell 4,2720.0,1.25,0.0,1.25,3.7339400553364244,0.537996632996636,2207.3588729364255,-0.026689080852123247
Voltage,Cell 1,2730.0,1.25,0.25,1.5,3.7351920519799537,0.5419444444444411,2203.78323105413,-0.027493756242696336
Voltage,Cell 2,2730.0,1.25,0.0,1.25,3.729690517529818,0.5260147392290279,1680.5142813792568,-0.031327711018346215
Voltage,Cell 3,2730.0,1.25,-0.25,1.0,3.7295461920844253,0.5100413711583961,1243.981823626622,-0.03460358689417591
Voltage,Cell 4,2730.0,1.25,0.0,1.25,3.7337022258237367,0.5372951739618437,2188.2022983700545,-0.027115271412734936
Voltage,Cell 1,2740.0,1.25,0.0,1.25,3.7334941217078157,0.5411111111111078,2247.375274841461,-0.02657240422878336
Voltage,Cell 2,2740.0,1.25,0.0,1.25,3.728866395072576,0.5253061224489826,1690.6774329508971,-0.031175056794695087
Voltage,Cell 3,2740.0,1.25,0.0,1.25,3.729783626204175,0.5094503546099327,1215.8974171523028,-0.03530584662550017
Voltage,Cell 4,2740.0,1.25,0.0,1.25,3.733410986498933,0.5365937149270513,2170.1602545368564,-0.027488151930272105
Voltage,Cell 1,2750.0,1.25,0.25,1.5,3.7332995635570656,0.5404166666666633,2226.0943498199595,-0.02701605103786605
Voltage,Cell 2,2750.0,1.25,-0.25,1.0,3.7280622483610757,0.5245975056689373,1700.324750946812,-0.031041590868148575
Voltage,Cell 3,2750.0,1.25,0.0,1.25,3.728538038174082,0.5087115839243536,1251.922017781896,-0.034670710762890446
Voltage,Cell 4,2750.0,1.25,0.0,1.25,3.7330730128826084,0.535892255892259,2153.169344829779,-0.027814390799109585
Voltage,Cell 1,2760.0,1.25,0.0,1.25,3.73165996562139,0.53958333333333,2268.543138042228,-0.02615407650011908
Voltage,Cell 2,2760.0,1.25,0.0,1.25,3.7286674196709537,0.524030612244901,1646.983507525032,-0.032174919343283856
Voltage,Cell 3,2760.0,1.25,-0.25,1.0,3.727374348840265,0.5079728132387744,1285.9926146401056,-0.03411535854619805
Voltage,Cell 4,2760.0,1.25,0.25,1.5,3.7326941472769204,0.5351907968574666,2137.1697944787047,-0.028099822864165496
Voltage,Cell 1,2770.0,1.25,0.0,1.25,3.7315162998892295,0.5388888888888855,2246.179828216089,-0.026649687965047852
Voltage,Cell 2,2770.0,1.25,0.0,1.25,3.727740130283247,0.5233219954648557,1659.1517814405277,-0.03191669756333718
Voltage,Cell 3,2770.0,1.25,0.0,1.25,3.7276803312213125,0.507381796690311,1255.716462975604,-0.03487982181577284
Voltage,Cell 4,2770.0,1.25,0.0,1.25,3.7308892111395586,0.5343490460157158,2184.6052493373863,-0.027099553614668523
Voltage,Cell 1,2780.0,1.25,0.0,1.25,3.7313099805453622,0.5381944444444411,2225.1034154238832,-0.02708319185915297
Voltage,Cell 2,2780.0,1.25,0.0,1.25,3.7268460686980736,0.5226133786848104,1670.6887401044162,-0.031690873953518654
Voltage,Cell 3,2780.0,1.25,0.0,1.25,3.7264954915311,0.5066430260047319,1289.667180487634,-0.03429912843749336
Voltage,Cell 4,2780.0,1.25,0.0,1.25,3.73059952024007,0.5336475869809234,2166.949997708439,-0.027474300351252732
Voltage,Cell 1,2790.0,1.25,0.25,1.5,3.7310487754375803,0.5374999999999966,2205.240675775271,-0.027462356302837193
Voltage,Cell 2,2790.0,1.25,0.0,1.25,3.7259812218401525,0.5219047619047651,1681.6272906203706,-0.031493403380335974
Voltage,Cell 3,2790.0,1.25,-0.25,1.0,3.7253857419968344,0.5059042553191527,1321.774135407894,-0.03379142778290794
Voltage,Cell 4,2790.0,1.25,0.0,1.25,3.730262934567103,0.532946127946131,2150.3182394679393,-0.027802190708392037
Voltage,Cell 1,2800.0,1.25,0.0,1.25,3.7293505716377697,0.5366666666666633,2249.0237367889263,-0.026543978405441267
Voltage,Cell 2,2800.0,1.25,0.0,1.25,3.725142048071379,0.5211961451247198,1692.0003861896735,-0.03132074636833856
Voltage,Cell 3,2800.0,1.25,0.0,1.25,3.7257396894920047,0.5053132387706893,1289.6395088018578,-0.034597600582483075
Voltage,Cell 4,2800.0,1.25,0.0,1.25,3.7298853119209965,0.5322446689113387,2134.6527464167934,-0.02808908637593731
Voltage,Cell 1,2810.0,1.25,0.0,1.25,3.729155335497569,0.5359722222222189,2227.9157592123634,-0.02699025563324576
Voltage,Cell 2,2810.0,1.25,-0.25,1.0,3.7243254633176806,0.5204875283446745,1701.8384652610207,-0.031169805872410382
Voltage,Cell 3,2810.0,1.25,0.0,1.25,3.724597582098213,0.5045744680851102,1321.8313187840545,-0.034053417472132745
Voltage,Cell 4,2810.0,1.25,0.25,1.5,3.7294717913171396,0.5315432098765464,2119.8988686526395,-0.028340116328407796
Voltage,Cell 1,2820.0,1.25,0.25,1.5,3.7289035927666796,0.5352777777777744,2208.0209360889758,-0.027380610767714003
Voltage,Cell 2,2820.0,1.25,0.0,1.25,3.7249204937852913,0.5199206349206382,1648.6703714965306,-0.03228787198014529
Voltage,Cell 3,2820.0,1.25,-0.25,1.0,3.7235259591440153,0.503835697399531,1352.2749796743865,-0.03357767776375074
Voltage,Cell 4,2820.0,1.25,0.0,1.25,3.727636579099579,0.5307014590347955,2168.5050888921246,-0.027309768418781213
Voltage,Cell 1,2830.0,1.25,0.0,1.25,3.7272134420803824,0.5344444444444411,2251.771102074702,-0.02647203874117833
Voltage,Cell 2,2830.0,1.25,0.0,1.25,3.723985084138109,0.5192120181405929,1660.995664593179,-0.03201632352034252
Voltage,Cell 3,2830.0,1.25,0.0,1.25,3.7239140096633103,0.5032446808510677,1318.5668117829073,-0.03441183086116315
Voltage,Cell 4,2830.0,1.25,0.0,1.25,3.727320446296895,0.5300000000000031,2151.9506262143245,-0.02765821951876976
Voltage,Cell 1,2840.0,1.25,0.0,1.25,3.7270250250929804,0.5337499999999966,2230.6297533484462,-0.02692691011806548
Voltage,Cell 2,2840.0,1.25,0.0,1.25,3.723084676534369,0.5185034013605476,1672.6751360585454,-0.031778866970440446
Voltage,Cell 3,2840.0,1.25,0.0,1.25,3.7228024787312246,0.5025059101654885,1349.270102188103,-0.033892144998728516
Voltage,Cell 4,2840.0,1.25,0.0,1.25,3.726960766641212,0.5292985409652108,2136.354839596097,-0.027963124391561643
Voltage,Cell 1,2850.0,1.25,0.25,1.5,3.726779021176325,0.5330555555555522,2210.7013997498616,-0.027324799140968744
Voltage,Cell 2,2850.0,1.25,0.0,1.25,3.7222150262400477,0.5177947845805023,1683.7440741104722,-0.031571245500521004
Voltage,Cell 3,2850.0,1.25,-0.25,1.0,3.721758339941691,0.5017671394799094,1378.3058288052837,-0.03343785488761313
Voltage,Cell 4,2850.0,1.25,0.0,1.25,3.7265629990477533,0.5285970819304184,2121.6638868067553,-0.028229930955469842
Voltage,Cell 1,2860.0,1.25,0.0,1.25,3.7250937620794087,0.5322222222222188,2254.409625228583,-0.02642283324126457
Voltage,Cell 2,2860.0,1.25,0.0,1.25,3.721372475928228,0.517086167800457,1694.2311972227558,-0.031389734359748775
Voltage,Cell 3,2860.0,1.25,0.0,1.25,3.722171174284953,0.501176122931446,1343.264949754432,-0.03429079089672467
Voltage,Cell 4,2860.0,1.25,0.0,1.25,3.7261320001665625,0.5278956228956261,2107.8204175386513,-0.028463406109281022
Voltage,Cell 1,2870.0,1.25,0.0,1.25,3.7249095049678647,0.5315277777777744,2233.2184725263232,-0.026883498946220167
Voltage,Cell 2,2870.0,1.25,-0.25,1.0,3.7205538481717335,0.5163775510204117,1704.1622089772457,-0.031231074382234002
Voltage,Cell 3,2870.0,1.25,0.0,1.25,3.7210821778798158,0.5004373522458668,1372.6952290604054,-0.03378755451856672
Voltage,Cell 4,2870.0,1.25,0.25,1.5,3.7256719872631026,0.5271941638608337,2094.773680265185,-0.02866772090238375
Voltage,Cell 1,2880.0,1.25,0.0,1.25,3.724666984695436,0.5308333333333299,2213.2369152896454,-0.027286471980161757
Voltage,Cell 2,2880.0,1.25,0.0,1.25,3.721147946377073,0.5158106575963755,1651.0738311560215,-0.03234241386901369
Voltage,Cell 3,2880.0,1.25,0.0,1.25,3.7200585219933933,0.4996985815602876,1400.5228533405523,-0.033347672220603794
Voltage,Cell 4,2880.0,1.25,0.0,1.25,3.723796264498641,0.5263524130190829,2144.9840824973985,-0.02759652504084806
Voltage,Cell 1,2890.0,1.25,0.25,1.5,3.724373416837324,0.5301388888888855,2194.397131432548,-0.027638968587510648
Voltage,Cell 2,2890.0,1.25,0.0,1.25,3.7202125919967544,0.5151020408163302,1663.4665032976795,-0.03206500755125684
Voltage,Cell 3,2890.0,1.25,-0.25,1.0,3.719092277415079,0.4989598108747084,1426.8362055001176,-0.03296322960298734
Voltage,Cell 4,2890.0,1.25,0.0,1.25,3.723444873251083,0.5256509539842905,2129.9367087966293,-0.027909261995372595
Voltage,Cell 1,2900.0,1.25,0.0,1.25,3.722646226692053,0.5293055555555521,2239.135151989485,-0.026697302981090014
Voltage,Cell 2,2900.0,1.25,0.0,1.25,3.7193131194290316,0.5143934240362849,1675.2018360526167,-0.03182245332123303
Voltage,Cell 3,2900.0,1.25,0.0,1.25,3.7195742580192395,0.4983687943262451,1389.218841859046,-0.033877301572090956
Voltage,Cell 4,2900.0,1.25,0.0,1.25,3.7230545491967475,0.5249494949494982,2115.7564460774356,-0.028182944803542727
Voltage,Cell 1,2910.0,1.25,0.0,1.25,3.722424967577168,0.5286111111111077,2218.9184248309216,-0.02712325009615437
Voltage,Cell 2,2910.0,1.25,0.0,1.25,3.7184451896927184,0.5136848072562396,1686.315879454548,-0.03161039933725535
Voltage,Cell 3,2910.0,1.25,0.0,1.25,3.718546630561666,0.4976300236406659,1416.2219825175512,-0.03342757867732119
Voltage,Cell 4,2910.0,1.25,0.0,1.25,3.7226301933302044,0.5242480359147058,2102.394661254699,-0.02842245987404892
Voltage,Cell 1,2920.0,1.25,0.0,1.25,3.722149804891957,0.5279166666666633,2199.8551803946357,-0.02749586300016512
Voltage,Cell 2,2920.0,1.25,0.0,1.25,3.7176050074942157,0.5129761904761942,1696.8427651770958,-0.03142503774050559
Voltage,Cell 3,2920.0,1.25,0.0,1.25,3.717577612555043,0.4968912529550867,1441.755196701809,-0.03303454015582694
Voltage,Cell 4,2920.0,1.25,0.0,1.25,3.7221760959739805,0.5235465768799135,2089.8055079101227,-0.028632082815377914
Voltage,Cell 1,2930.0,1.25,0.25,1.5,3.7218274118930967,0.5272222222222188,2181.881054876462,-0.027821813126344335
Voltage,Cell 2,2930.0,1.25,0.0,1.25,3.7167892532241362,0.512267573696149,1706.8148131090875,-0.031263036657256396
Voltage,Cell 3,2930.0,1.25,-0.25,1.0,3.7166601071425296,0.4961524822695075,1465.8998278124811,-0.032691105346620584
Voltage,Cell 4,2930.0,1.25,0.0,1.25,3.7216960131167593,0.5228451178451211,2077.945771477571,-0.02881555478591747
Voltage,Cell 1,2940.0,1.25,0.0,1.25,3.7200747396078784,0.5263888888888855,2227.435345465945,-0.026856937978034234
Voltage,Cell 2,2940.0,1.25,-0.25,1.0,3.715995023453989,0.5115589569161036,1716.2626320096706,-0.031121480700815735
Voltage,Cell 3,2940.0,1.25,0.0,1.25,3.71718565636717,0.49556146572104415,1426.2327837484056,-0.03364107867793416
Voltage,Cell 4,2940.0,1.25,0.25,1.5,3.7211932332080178,0.5221436588103288,2066.7747230289915,-0.02897614930029815
Voltage,Cell 1,2950.0,1.25,0.0,1.25,3.719830926617964,0.525694444444441,2207.9885847355695,-0.0272625953700116
Voltage,Cell 2,2950.0,1.25,0.0,1.25,3.7166115022263018,0.5109920634920674,1662.7152145706625,-0.03224781891072841
Voltage,Cell 3,2950.0,1.25,0.0,1.25,3.7161970639951356,0.49482269503546494,1451.2990055454516,-0.033222789031156275
Voltage,Cell 4,2950.0,1.25,0.0,1.25,3.7192803437950595,0.5213019079685779,2118.7539811833735,-0.02786673068494229
Voltage,Cell 1,2960.0,1.25,0.0,1.25,3.7195357756741805,0.5249999999999966,2189.6519164528186,-0.02761747338963803
Voltage,Cell 2,2960.0,1.25,0.0,1.25,3.715696772072581,0.5102834467120221,1674.6722494206028,-0.031983569199577504
Voltage,Cell 3,2960.0,1.25,0.0,1.25,3.715263104789435,0.49408392434988574,1475.0021322023736,-0.03285727418427713
Voltage,Cell 4,2960.0,1.25,0.0,1.25,3.7188966998880324,0.5206004489337855,2105.375159465325,-0.028146055226669506
Voltage,Cell 1,2970.0,1.25,0.0,1.25,3.719195642955317,0.5243055555555521,2172.3637282915647,-0.027927924112866265
Voltage,Cell 2,2970.0,1.25,0.0,1.25,3.7148163955357605,0.5095748299319768,1685.994638016908,-0.03175255974393571
Voltage,Cell 3,2970.0,1.25,0.0,1.25,3.7143771693570065,0.49334515366430653,1497.417906349469,-0.03253794219990321
Voltage,Cell 4,2970.0,1.25,0.0,1.25,3.718478436611962,0.5198989898989932,2092.7693110324294,-0.0283905346777265
Voltage,Cell 1,2980.0,1.25,0.25,1.5,3.7188160911680312,0.5236111111111077,2156.0659160594805,-0.028199505605745773
Voltage,Cell 2,2980.0,1.25,0.0,1.25,3.7139662329588923,0.5088662131519315,1696.717760600029,-0.03155064020144793
Voltage,Cell 3,2980.0,1.25,-0.25,1.0,3.713533472007688,0.49260638297872733,1518.6179462691064,-0.03225902513977038
Voltage,Cell 4,2980.0,1.25,0.0,1.25,3.7180299294904335,0.5191975308642008,2080.893626473558,-0.028604529322688182
Voltage,Cell 1,2990.0,1.25,0.0,1.25,3.7170132199998336,0.5227777777777743,2203.191859375321,-0.027187081135111476
Voltage,Cell 2,2990.0,1.25,0.0,1.25,3.71314278058669,0.5081575963718862,1706.8633841275355,-0.03137417896222201
Voltage,Cell 3,2990.0,1.25,0.0,1.25,3.714124800848986,0.492015366430264,1476.1583425508566,-0.033265475977606845
Voltage,Cell 4,2990.0,1.25,0.0,1.25,3.717555130442588,0.5184960718294085,2069.695978282801,-0.028791854359979226
Voltage,Cell 1,3000.0,1.25,0.0,1.25,3.7167252197250775,0.5220833333333299,2185.2285155020477,-0.027551156127338355
Voltage,Cell 2,3000.0,1.25,0.0,1.25,3.7123427715930113,0.5074489795918409,1716.4741710936628,-0.031219998479123337
Voltage,Cell 3,3000.0,1.25,0.0,1.25,3.7131948773846806,0.4912765957446848,1498.5864032702668,-0.03289662872317704
Voltage,Cell 4,3000.0,1.25,0.0,1.25,3.717057292041906,0.5177946127946161,2059.1492366045477,-0.028955848177685657
Voltage,Cell 1,3000.0000000000005,0.0,0.0,0.0,3.746829728136284,0.5220833333333299,2185.228515502047,0.0025533522838683395
Voltage,Cell 2,3000.0000000000005,0.0,0.0,0.0,3.7424728458417222,0.5074489795918409,1716.474171093663,-0.0010899242304127238
Voltage,Cell 3,3000.0000000000005,0.0,0.0,0.0,3.743483028135353,0.49127659574468474,1498.5864032702677,-0.002608477972504952
Voltage,Cell 4,3000.0000000000005,0.0,0.0,0.0,3.7471581901386406,0.5177946127946161,2059.1492366045472,0.001145049919049337
Voltage,Cell 1,3010.0,0.0,0.0,0.0,3.751464116656348,0.5220833333333299,1982.5831274393513,0.0022341832483848117
Voltage,Cell 2,3010.0,0.0,-0.25,-0.25,3.7466214118366277,0.5074489795918409,1539.8697030344133,-0.0009536837016111395
Voltage,Cell 3,3010.0,0.0,0.0,0.0,3.7468397783060077,0.49127659574468474,1334.08672083028,-0.002282418225941848
Voltage,Cell 4,3010.0,0.0,0.25,0.25,3.7516914589031485,0.5177946127946161,1863.5077792277054,0.0010019186791681764
Voltage,Cell 1,3020.0,0.0,0.25,0.25,3.754238254199252,0.5220833333333299,1851.8140670776627,0.00195491034233671
Voltage,Cell 2,3020.0,0.0,0.0,0.0,3.750410093757249,0.5075907029478499,1371.1954685613277,-0.002084473238909747
Voltage,Cell 3,3020.0,0.0,-0.25,-0.25,3.748733774454966,0.49127659574468474,1239.3434996090543,-0.001997115947699117
Voltage,Cell 4,3020.0,0.0,0.0,0.0,3.7529847220548795,0.5176543209876576,1801.8538354114753,0.0021266788442721547
Voltage,Cell 1,3030.0,0.0,0.0,0.0,3.754859289706902,0.521944444444441,1813.2549158583897,0.0029605465495446213
Voltage,Cell 2,3030.0,0.0,0.0,0.0,3.751947049972878,0.5075907029478499,1296.8423981150193,-0.0018239140840460286
Voltage,Cell 3,3030.0,0.0,0.0,0.0,3.751449052079358,0.49142434988180056,1109.8086355499966,-0.0029974764542367274
Voltage,Cell 4,3030.0,0.0,0.0,0.0,3.755069199475513,0.5176543209876576,1703.5724039680442,0.0018608439887381352
Voltage,Cell 1,3040.0,0.0,0.0,0.0,3.756612027865741,0.521944444444441,1724.857101412144,0.002590478230851544
Voltage,Cell 2,3040.0,0.0,0.0,0.0,3.7531366107914925,0.5075907029478499,1237.1393927018328,-0.0015959248235402751
Voltage,Cell 3,3040.0,0.0,0.0,0.0,3.752315980242771,0.49142434988180056,1060.5163223259515,-0.0026227918974571366
Voltage,Cell 4,3040.0,0.0,0.0,0.0,3.756730723012411,0.5176543209876576,1621.2706433529495,0.0016282384901458683
Voltage,Cell 1,3050.0,0.0,0.0,0.0,3.7580753538452245,0.521944444444441,1647.2653181276828,0.002266668451995101
Voltage,Cell 2,3050.0,0.0,0.0,0.0,3.754112056658413,0.5075907029478499,1186.6426612304947,-0.0013964342205977408
Voltage,Cell 3,3050.0,0.0,-0.25,-0.25,3.7530220649933512,0.49142434988180056,1019.8281895243123,-0.0022949429102749946
Voltage,Cell 4,3050.0,0.0,0.25,0.25,3.7581150153213736,0.5176543209876576,1549.433860903791,0.0014247086788776347
Voltage,Cell 1,3060.0,0.0,0.0,0.0,3.759336187398523,0.521944444444441,1577.2291310646333,0.0019833348954957134
Voltage,Cell 2,3060.0,0.0,0.0,0.0,3.75495027964292,0.5075907029478499,1142.1892606941824,-0.0012218799430230233
Voltage,Cell 3,3060.0,0.0,0.0,0.0,3.7550275293644573,0.4915721040189164,922.135008359617,-0.0032580750464906204
Voltage,Cell 4,3060.0,0.0,0.0,0.0,3.757917982424658,0.5175140291806991,1547.3290775324444,0.0024966200940179303
Voltage,Cell 1,3070.0,0.0,0.25,0.25,3.7604427915492407,0.521944444444441,1512.9918981166013,0.0017354180335587492
Voltage,Cell 2,3070.0,0.0,0.0,0.0,3.7556906546758735,0.5075907029478499,1102.1202000340272,-0.0010691449501451455
Voltage,Cell 3,3070.0,0.0,-0.25,-0.25,3.75541152469189,0.4915721040189164,894.2919883285178,-0.002850815665679293
Voltage,Cell 4,3070.0,0.0,0.0,0.0,3.759123418264769,0.5175140291806991,1484.7524379156127,0.002184542582265689
Voltage,Cell 1,3080.0,0.0,0.0,0.0,3.7600355793664333,0.5218055555555521,1516.0233417481295,0.0027684907793639056
Voltage,Cell 2,3080.0,0.0,0.0,0.0,3.756355090191667,0.5075907029478499,1065.483243681203,-0.0009355018313770022
Voltage,Cell 3,3080.0,0.0,0.0,0.0,3.757161929882233,0.4917198581560322,806.706763153069,-0.0037444637074693816
Voltage,Cell 4,3080.0,0.0,0.0,0.0,3.76019332681959,0.5175140291806991,1426.8553921654166,0.001911474759482478
Voltage,Cell 1,3090.0,0.0,0.0,0.0,3.761070756038065,0.5218055555555521,1457.08063594995,0.0024224294319434175
Voltage,Cell 2,3090.0,0.0,0.0,0.0,3.75695968687899,0.5075907029478499,1031.5715460727881,-0.000818564102454877
Voltage,Cell 3,3090.0,0.0,0.0,0.0,3.7573367155321584,0.4917198581560322,787.1708074292928,-0.003276405744035709
Voltage,Cell 4,3090.0,0.0,0.0,0.0,3.7611513769410787,0.5175140291806991,1372.867122673334,0.0016725404145471682
Voltage,Cell 1,3100.0,0.0,0.0,0.0,3.7620011996677,0.5218055555555521,1401.7227173325782,0.00211962575295049
Voltage,Cell 2,3100.0,0.0,0.0,0.0,3.7575164817545637,0.5075907029478499,999.8511640964771,-0.0007162435896480173
Voltage,Cell 3,3100.0,0.0,0.0,0.0,3.7575158585894948,0.4917198581560322,769.0263051829317,-0.0028668550260312455
Voltage,Cell 4,3100.0,0.0,0.0,0.0,3.7620162926975858,0.5175140291806991,1322.186845498568,0.0014634728627287723
Voltage,Cell 1,3110.0,0.0,0.25,0.25,3.7628424301072854,0.5218055555555521,1349.4953868650298,0.0018546725338316789
Voltage,Cell 2,3110.0,0.0,0.0,0.0,3.7580336516486272,0.5075907029478499,969.9500636386731,-0.0006267131409420152
Voltage,Cell 3,3110.0,0.0,-0.25,-0.25,3.7577005913176236,0.4917198581560322,751.9475962624958,-0.00250849814777734
Voltage,Cell 4,3110.0,0.0,0.0,0.0,3.7628020869818575,0.5175140291806991,1274.3780758274595,0.0012805387548876757
Voltage,Cell 1,3120.0,0.0,0.0,0.0,3.76221768032752,0.5216666666666632,1362.5556510907254,0.0028728384671027193
Voltage,Cell 2,3120.0,0.0,-0.25,-0.25,3.758517082821464,0.5075907029478499,941.595003233629,-0.0005483739983242633
Voltage,Cell 3,3120.0,0.0,0.0,0.0,3.7592886559537995,0.491867612293148,673.205171991999,-0.0034449358793051726
Voltage,Cell 4,3120.0,0.0,0.25,0.25,3.7635196194917238,0.5175140291806991,1229.1109026579804,0.0011204714105267162
Voltage,Cell 1,3130.0,0.0,0.0,0.0,3.7630706685355397,0.5216666666666632,1312.1644768202264,0.0025137336587148793
Voltage,Cell 2,3130.0,0.0,0.0,0.0,3.760362591282462,0.507732426303859,852.0905841478987,-0.0017298272485337305
Voltage,Cell 3,3130.0,0.0,0.0,0.0,3.759327503978966,0.491867612293148,661.1109678042424,-0.003014318894392026
Voltage,Cell 4,3130.0,0.0,0.0,0.0,3.7627871007162224,0.5173737373737406,1248.633390348748,0.0022304124842108764
Voltage,Cell 1,3140.0,0.0,0.0,0.0,3.763845050718574,0.5216666666666632,1264.2561947749523,0.0021995169513755195
Voltage,Cell 2,3140.0,0.0,0.0,0.0,3.760633985884463,0.507732426303859,829.743321573546,-0.0015135988424670142
Voltage,Cell 3,3140.0,0.0,0.0,0.0,3.7593897681978796,0.491867612293148,649.3746765014685,-0.0026375290325930225
Voltage,Cell 4,3140.0,0.0,0.0,0.0,3.763548686999152,0.5173737373737406,1204.2553264552907,0.0019516109236845168
Voltage,Cell 1,3150.0,0.0,0.25,0.25,3.7645503748982154,0.5216666666666632,1218.6222360376853,0.0019245773324535797
Voltage,Cell 2,3150.0,0.0,0.0,0.0,3.760901715730832,0.507732426303859,808.2500040431031,-0.0013243989871586375
Voltage,Cell 3,3150.0,0.0,-0.25,-0.25,3.7594722210375155,0.491867612293148,637.9026910543366,-0.0023078379035188948
Voltage,Cell 4,3150.0,0.0,0.0,0.0,3.7642445559134416,0.5173737373737406,1161.9552865705011,0.0017076595582239521
Voltage,Cell 1,3160.0,0.0,0.0,0.0,3.7638059460989206,0.5215277777777743,1237.5830577013098,0.002934005165896882
Voltage,Cell 2,3160.0,0.0,0.0,0.0,3.7611657298621632,0.507732426303859,787.5097304746712,-0.0011588491137638078
Voltage,Cell 3,3160.0,0.0,0.0,0.0,3.7609696309551595,0.49201536643026383,564.1257012887625,-0.003269358165579033
Voltage,Cell 4,3160.0,0.0,0.0,0.0,3.7648824407290866,0.5173737373737406,1121.564515028207,0.0014942021134459582
Voltage,Cell 1,3170.0,0.0,0.0,0.0,3.764552904657125,0.5215277777777743,1192.5083141590699,0.0025672545201597717
Voltage,Cell 2,3170.0,0.0,0.0,0.0,3.761425962437342,0.507732426303859,767.4375651993897,-0.001013992974543332
Voltage,Cell 3,3170.0,0.0,0.0,0.0,3.760927569832166,0.49201536643026383,556.4629205261894,-0.002860688394881654
Voltage,Cell 4,3170.0,0.0,0.0,0.0,3.7654690676350366,0.5173737373737406,1082.93451280317,0.0013074268492652135
Voltage,Cell 1,3180.0,0.0,0.0,0.0,3.7652326090522075,0.5215277777777743,1149.4298144933377,0.0022463477051398004
Voltage,Cell 2,3180.0,0.0,0.0,0.0,3.761682013820802,0.507732426303859,747.9750585336483,-0.0008872438527254155
Voltage,Cell 3,3180.0,0.0,-0.25,-0.25,3.76091693676603,0.49201536643026383,548.7206255223309,-0.002503102345521447
Voltage,Cell 4,3180.0,0.0,0.25,0.25,3.7660100535144068,0.5173737373737406,1045.9438176150225,0.0011439984931070617
Voltage,Cell 1,3190.0,0.0,0.0,0.0,3.76585278801026,0.5215277777777743,1108.216792878841,0.0019655542419973254
Voltage,Cell 2,3190.0,0.0,0.0,0.0,3.761933822292196,0.507732426303859,729.0619496812674,-0.0007763383711347385
Voltage,Cell 3,3190.0,0.0,0.0,0.0,3.762331043958498,0.49216312056737965,478.37568837091163,-0.0034402145523312663
Voltage,Cell 4,3190.0,0.0,0.0,0.0,3.765120158959871,0.5172334455667821,1072.9785468899054,0.002250998681468679
Voltage,Cell 1,3200.0,0.0,0.0,0.0,3.7664200821414737,0.5215277777777743,1068.7565499505326,0.0017198599617476596
Voltage,Cell 2,3200.0,0.0,0.0,0.0,3.762180807760244,0.507732426303859,710.66836692229,-0.0006792960747428961
Voltage,Cell 3,3200.0,0.0,0.0,0.0,3.762213630808492,0.49216312056737965,473.9115874092886,-0.0030101877332898578
Voltage,Cell 4,3200.0,0.0,0.0,0.0,3.7657403342866616,0.5172334455667821,1035.477054041525,0.0019696238462850943
Voltage,Cell 1,3210.0,0.0,0.0,0.0,3.7669402277588038,0.5215277777777743,1030.9503989195405,0.0015048774665292022
Voltage,Cell 2,3210.0,0.0,0.0,0.0,3.7624228808019473,0.507732426303859,692.7536389072053,-0.0005943840654000341
Voltage,Cell 3,3210.0,0.0,0.0,0.0,3.7621349792646153,0.49216312056737965,469.1479322988557,-0.0026339142666286256
Voltage,Cell 4,3210.0,0.0,0.0,0.0,3.7663082494250166,0.5172334455667821,999.5187252415628,0.0017234208654994575
Voltage,Cell 1,3220.0,0.0,0.25,0.25,3.767418461381654,0.5215277777777743,994.6998171425058,0.0013167677832130519
Voltage,Cell 2,3220.0,0.0,0.0,0.0,3.7626597013643863,0.507732426303859,675.2943989824022,-0.0005200860572250298
Voltage,Cell 3,3220.0,0.0,-0.25,-0.25,3.762089137733116,0.49216312056737965,464.1150541202755,-0.0023046749833000473
Voltage,Cell 4,3220.0,0.0,0.0,0.0,3.7668296355658963,0.5172334455667821,965.0155218175559,0.0015079932573120254
Voltage,Cell 1,3230.0,0.0,0.0,0.0,3.766470205785728,0.5213888888888853,1022.4271485145596,0.00240217181031142
Voltage,Cell 2,3230.0,0.0,0.0,0.0,3.7628911228868183,0.507732426303859,658.2658668352483,-0.0004550753000719011
Voltage,Cell 3,3230.0,0.0,0.0,0.0,3.76346927716065,0.49231087470449547,396.3170919029533,-0.0032665906103875415
Voltage,Cell 4,3230.0,0.0,0.0,0.0,3.767309411867183,0.5172334455667821,931.8917919284142,0.0013194941001480223
Voltage,Cell 1,3240.0,0.0,0.0,0.0,3.767033624995262,0.5213888888888853,985.5740250695806,0.0021019003340224927
Voltage,Cell 2,3240.0,0.0,0.0,0.0,3.7631170785425856,0.507732426303859,641.6455539404933,-0.0003981908875629135
Voltage,Cell 3,3240.0,0.0,0.0,0.0,3.7633192312301333,0.49231087470449547,394.25165333139125,-0.0028582667840890987
Voltage,Cell 4,3240.0,0.0,0.0,0.0,3.767752127434539,0.5172334455667821,900.0691673637838,0.0011545573376295195
Voltage,Cell 1,3250.0,0.0,0.0,0.0,3.7675474116411434,0.5213888888888853,950.2385313638206,0.0018391627922696812
Voltage,Cell 2,3250.0,0.0,0.0,0.0,3.7633374535132127,0.507732426303859,625.417378583987,-0.0003484170266175493
Voltage,Cell 3,3250.0,0.0,0.0,0.0,3.7632089670052933,0.49231087470449547,391.7671887690722,-0.0025009834360779615
Voltage,Cell 4,3250.0,0.0,0.0,0.0,3.7681615831072843,0.5172334455667821,869.4840923772805,0.0010102376704258296
Voltage,Cell 1,3260.0,0.0,0.0,0.0,3.7680171887723897,0.5213888888888853,916.3383797784473,0.001609267443235971
Voltage,Cell 2,3260.0,0.0,0.0,0.0,3.7635522750131796,0.507732426303859,609.5634610141183,-0.00030486489829035563
Voltage,Cell 3,3260.0,0.0,-0.25,-0.25,3.763132822776079,0.49231087470449547,388.8945407859674,-0.0021883605065682165
Voltage,Cell 4,3260.0,0.0,0.25,0.25,3.7685413043094433,0.5172334455667821,840.070597304006,0.0008839579616226009
Voltage,Cell 1,3270.0,0.0,0.0,0.0,3.7684477594378993,0.5213888888888853,883.803571596613,0.0014081090128314747
Voltage,Cell 2,3270.0,0.0,0.0,0.0,3.763761506849399,0.507732426303859,594.071741963286,-0.0002667567860040612
Voltage,Cell 3,3270.0,0.0,0.0,0.0,3.764483661697065,0.4924586288416113,323.1620246167414,-0.0031648154432471895
Voltage,Cell 4,3270.0,0.0,0.0,0.0,3.7675039865345314,0.5170931537598236,874.2729311411531,0.002023463216419776
Voltage,Cell 1,3280.0,0.0,0.0,0.0,3.7688434209107324,0.5213888888888853,852.5654761022377,0.0012320953862275403
Voltage,Cell 2,3280.0,0.0,0.0,0.0,3.7639651819939624,0.507732426303859,578.9299913545542,-0.00023341218775355354
Voltage,Cell 3,3280.0,0.0,0.0,0.0,3.764305438777506,0.4924586288416113,323.0710119136682,-0.0027692135128412907
Voltage,Cell 4,3280.0,0.0,0.0,0.0,3.767989162401882,0.5170931537598236,843.5643768220107,0.0017705303143673039
Voltage,Cell 1,3290.0,0.0,0.25,0.25,3.769207897570134,0.5213888888888853,822.5628295566842,0.0010780834629490978
Voltage,Cell 2,3290.0,0.0,-0.25,-0.25,3.764163314171021,0.507732426303859,564.1291479289619,-0.00020423566428435936
Voltage,Cell 3,3290.0,0.0,0.0,0.0,3.7641679672940915,0.4924586288416113,322.4842511903311,-0.0024230618237361294
Voltage,Cell 4,3290.0,0.0,0.0,0.0,3.768433091957033,0.5170931537598236,814.0617226253084,0.0015492140250713909
Voltage,Cell 1,3300.0,0.0,0.0,0.0,3.7681556192548427,0.5212499999999964,856.2364286557455,0.0021933230300804603
Voltage,Cell 2,3300.0,0.0,0.0,0.0,3.7657476814005797,0.507874149659868,487.1602564470046,-0.0014287062062488145
Voltage,Cell 3,3300.0,0.0,0.0,0.0,3.7640655475507367,0.4924586288416113,321.44032029326365,-0.0021201790957691134
Voltage,Cell 4,3300.0,0.0,0.0,0.0,3.768840312808357,0.5170931537598236,785.7076319043113,0.001355562271937467
Voltage,Cell 1,3310.0,0.0,0.0,0.0,3.768623484999743,0.5212499999999964,825.0610220126712,0.0019191576513204029
Voltage,Cell 2,3310.0,0.0,0.0,0.0,3.765778639626615,0.507874149659868,476.4883209633168,-0.0012501179304677127
Voltage,Cell 3,3310.0,0.0,-0.25,-0.25,3.763993262509587,0.4924586288416113,319.9738960609595,-0.0018551567087979743
Voltage,Cell 4,3310.0,0.0,0.25,0.25,3.7692147773702764,0.5170931537598236,758.4501547289926,0.0011861169879452836
Voltage,Cell 1,3320.0,0.0,0.0,0.0,3.769049475621295,0.5212499999999964,795.146748170504,0.0016792629449053525
Voltage,Cell 2,3320.0,0.0,0.0,0.0,3.765823833954151,0.507874149659868,465.93874296702984,-0.0010938531891592487
Voltage,Cell 3,3320.0,0.0,0.0,0.0,3.76534455602002,0.4926063829787271,255.61929568619684,-0.0028732621201982274
Voltage,Cell 4,3320.0,0.0,0.0,0.0,3.7681697765224267,0.516952861952865,794.736241149051,0.002287852364452123
Voltage,Cell 1,3330.0,0.0,0.0,0.0,3.7694382292827777,0.5212499999999964,766.4374877546959,0.0014693550767921834
Voltage,Cell 2,3330.0,0.0,0.0,0.0,3.7658808282994833,0.507874149659868,455.51915228109414,-0.0009571215405143426
Voltage,Cell 3,3330.0,0.0,0.0,0.0,3.7651638334426463,0.4926063829787271,256.8849526635448,-0.002514104355173449
Voltage,Cell 4,3330.0,0.0,0.0,0.0,3.768645153085935,0.516952861952865,766.0499041858692,0.002001870818895608
Voltage,Cell 1,3340.0,0.0,0.0,0.0,3.7697938126876886,0.5212499999999964,738.8805921435361,0.0012856856921931604
Voltage,Cell 2,3340.0,0.0,0.0,0.0,3.765947503435719,0.507874149659868,445.2369293623621,-0.0008374813479500498
Voltage,Cell 3,3340.0,0.0,0.0,0.0,3.76502136913252,0.4926063829787271,257.63650034153096,-0.0021998413107767677
Voltage,Cell 4,3340.0,0.0,0.0,0.0,3.7690774734023558,0.516952861952865,738.5153621624363,0.001751636966533657
Voltage,Cell 1,3350.0,0.0,0.25,0.25,3.7701199515812607,0.5212499999999964,712.4198920934139,0.0011249749806690153
Voltage,Cell 2,3350.0,0.0,0.0,0.0,3.7660223169655604,0.507874149659868,435.08742379169666,-0.0007327961794562935
Voltage,Cell 3,3350.0,0.0,-0.25,-0.25,3.7649119903457393,0.4926063829787271,257.9093199919953,-0.0019248611469296717
Voltage,Cell 4,3350.0,0.0,0.0,0.0,3.769471742045801,0.516952861952865,712.0737157393718,0.00153268234571695
Voltage,Cell 1,3360.0,0.0,0.0,0.0,3.769030971285276,0.5211111111111075,749.5052249657272,0.0022343531080853884
Voltage,Cell 2,3360.0,0.0,0.0,0.0,3.766103580859347,0.507874149659868,425.0807669491336,-0.0006411966570242569
Voltage,Cell 3,3360.0,0.0,0.0,0.0,3.7662287066041977,0.4927541371158429,195.2470914930115,-0.002934253503563463
Voltage,Cell 4,3360.0,0.0,0.0,0.0,3.7698321361101015,0.516952861952865,686.6785488334582,0.0013410970525023311
Voltage,Cell 1,3370.0,0.0,0.0,0.0,3.76946360320515,0.5211111111111075,721.6222365314703,0.0019550589695747148
Voltage,Cell 2,3370.0,0.0,0.0,0.0,3.7661899021902894,0.507874149659868,415.2233966207968,-0.0005610470748962247
Voltage,Cell 3,3370.0,0.0,0.0,0.0,3.766015690701232,0.4927541371158429,198.15997114920685,-0.00256747181561803
Voltage,Cell 4,3370.0,0.0,0.0,0.0,3.770162299784632,0.516952861952865,662.2868533562175,0.0011734599209395396
Voltage,Cell 1,3380.0,0.0,0.0,0.0,3.7698556413385966,0.5211111111111075,694.892374163497,0.0017106765983778754
Voltage,Cell 2,3380.0,0.0,0.0,0.0,3.7662802572187903,0.507874149659868,405.5142522258095,-0.0004909161905341966
Voltage,Cell 3,3380.0,0.0,0.0,0.0,3.7658431728964783,0.4927541371158429,200.50841912917167,-0.0022465378386657764
Voltage,Cell 4,3380.0,0.0,0.0,0.0,3.7704655614454734,0.516952861952865,638.8528056629882,0.0010267774308220972
Voltage,Cell 1,3390.0,0.0,0.0,0.0,3.7702118721183653,0.5211111111111075,669.2562908797389,0.0014968420235806409
Voltage,Cell 2,3390.0,0.0,0.0,0.0,3.7663736900591767,0.507874149659868,395.9553814593558,-0.000429551666717422
Voltage,Cell 3,3390.0,0.0,-0.25,-0.25,3.7657055453974326,0.4927541371158429,202.33969678482532,-0.0019657206088325545
Voltage,Cell 4,3390.0,0.0,0.25,0.25,3.7707449194791103,0.516952861952865,616.3303269703003,0.000898430251969335
Voltage,Cell 1,3400.0,0.0,0.0,0.0,3.770536244356294,0.5211111111111075,644.6686661199591,0.0013097367706330608
Voltage,Cell 2,3400.0,0.0,0.0,0.0,3.7664692795114143,0.507874149659868,386.5524037957997,-0.00037585770837774427
Voltage,Cell 3,3400.0,0.0,0.0,0.0,3.7669957421257037,0.49290189125295875,141.1948540547521,-0.002970005532728485
Voltage,Cell 4,3400.0,0.0,0.0,0.0,3.7696125255760893,0.5168125701459065,657.1836178963863,0.0020361264704731683
Voltage,Cell 1,3410.0,0.0,0.0,0.0,3.770832294655672,0.5211111111111075,621.0833476726742,0.001146019674303928
Voltage,Cell 2,3410.0,0.0,0.0,0.0,3.766566316146681,0.507874149659868,377.3071762923902,-0.00032887549483052623
Voltage,Cell 3,3410.0,0.0,0.0,0.0,3.7667579220578835,0.49290189125295875,145.57989163307195,-0.0025987548411374245
Voltage,Cell 4,3410.0,0.0,0.0,0.0,3.77000743652134,0.5168125701459065,632.9034141485406,0.0017816106616640223
Voltage,Cell 1,3420.0,0.0,0.0,0.0,3.771103267553245,0.5211111111111075,598.4512128318595,0.001002767215015937
Voltage,Cell 2,3420.0,0.0,0.0,0.0,3.7666642774394554,0.507874149659868,368.21826022935414,-0.00028776605797671046
Voltage,Cell 3,3420.0,0.0,0.0,0.0,3.7665619682210942,0.49290189125295875,149.36517330480063,-0.0022739104859952463
Voltage,Cell 4,3420.0,0.0,0.0,0.0,3.770365678793816,0.5168125701459065,609.6144906545842,0.0015589093289560196
Voltage,Cell 1,3430.0,0.0,0.0,0.0,3.771351890840039,0.5211111111111075,576.7306228412734,0.0008774213131389449
Voltage,Cell 2,3430.0,0.0,0.0,0.0,3.766762590022574,0.507874149659868,359.2888634273484,-0.0002517953007296217
Voltage,Cell 3,3430.0,0.0,0.0,0.0,3.7664022506281754,0.49290189125295875,152.59482219503928,-0.0019896716752458403
Voltage,Cell 4,3430.0,0.0,0.0,0.0,3.7706913818841548,0.5168125701459065,587.2739491424029,0.0013640456628365172
Voltage,Cell 1,3440.0,0.0,0.25,0.25,3.771580579213619,0.5211111111111075,555.8812966877101,0.0007677436489965767
Voltage,Cell 2,3440.0,0.0,0.0,0.0,3.7668608058405195,0.507874149659868,350.52018234486917,-0.00022032088813841896
Voltage,Cell 3,3440.0,0.0,-0.25,-0.25,3.7662738889523513,0.49290189125295875,155.30916287490618,-0.0017409627158401103
Voltage,Cell 4,3440.0,0.0,0.0,0.0,3.770988218645804,0.5168125701459065,565.8391606562789,0.0011935399549819524
Voltage,Cell 1,3450.0,0.0,0.0,0.0,3.770402596196926,0.5209722222222186,598.3641005315685,0.0019217756928720047
Voltage,Cell 2,3450.0,0.0,0.0,0.0,3.7669586000320243,0.507874149659868,341.91176358692906,-0.0001927807771211166
Voltage,Cell 3,3450.0,0.0,0.0,0.0,3.767570384785933,0.49304964539007456,95.04589666894367,-0.0027733423763600966
Voltage,Cell 4,3450.0,0.0,0.0,0.0,3.771259452852548,0.5168125701459065,545.2686835915064,0.0010443474606092085
Voltage,Cell 1,3460.0,0.0,0.0,0.0,3.770753874218589,0.5209722222222186,575.6693728020693,0.001681553731263004
Voltage,Cell 2,3460.0,0.0,0.0,0.0,3.76705564127669,0.507874149659868,333.46445296940345,-0.00016868317998097702
Voltage,Cell 3,3460.0,0.0,0.0,0.0,3.7673362418023064,0.49304964539007456,100.31339620084691,-0.0024266745793150844
Voltage,Cell 4,3460.0,0.0,0.0,0.0,3.7715079297493976,0.5168125701459065,525.5237379804653,0.0009138040280330575
Voltage,Cell 1,3470.0,0.0,0.0,0.0,3.771071389764921,0.5209722222222186,553.927460240947,0.0014713595148551286
Voltage,Cell 2,3470.0,0.0,0.0,0.0,3.7671516665136027,0.507874149659868,325.17839494717197,-0.0001475977824833549
Voltage,Cell 3,3470.0,0.0,0.0,0.0,3.767141752360988,0.49304964539007456,104.98009494915561,-0.0021233402569006987
Voltage,Cell 4,3470.0,0.0,0.0,0.0,3.771736140036931,0.5168125701459065,506.567707836906,0.0007995785245289253
Voltage,Cell 1,3480.0,0.0,0.0,0.0,3.7713590486379687,0.5209722222222186,533.0942622030277,0.0012874395754982374
Voltage,Cell 2,3480.0,0.0,0.0,0.0,3.7672464848795566,0.507874149659868,317.05326027724334,-0.00012914805967293553
Voltage,Cell 3,3480.0,0.0,0.0,0.0,3.76698167278337,0.49304964539007456,109.08792588176641,-0.0018579227247881114
Voltage,Cell 4,3480.0,0.0,0.0,0.0,3.771946293706308,0.5168125701459065,488.3655153724239,0.0006996312089628097
Voltage,Cell 1,3490.0,0.0,0.0,0.0,3.7716203122760175,0.5209722222222186,513.1276286205505,0.0011265096285609578
Voltage,Cell 2,3490.0,0.0,0.0,0.0,3.767339922626524,0.507874149659868,309.0887252530763,-0.00011300455221381858
Voltage,Cell 3,3490.0,0.0,-0.25,-0.25,3.7668513795321816,0.49304964539007456,112.67683772787387,-0.0016256823841895975
Voltage,Cell 4,3490.0,0.0,0.25,0.25,3.7721403483403457,0.5168125701459065,470.8837249174304,0.0006121773078424584
Voltage,Cell 1,3500.0,0.0,0.0,0.0,3.7718581697673534,0.5209722222222186,493.9880267948514,0.000985695924990838
Voltage,Cell 2,3500.0,0.0,0.0,0.0,3.7674318199237264,0.507874149659868,301.28447494315935,-9.887898318709125e-05
Voltage,Cell 3,3500.0,0.0,0.0,0.0,3.7681445992135068,0.4931973995271904,53.28427077456013,-0.0026724720861658977
Voltage,Cell 4,3500.0,0.0,0.0,0.0,3.7709296970439308,0.516672278338948,516.590931476758,0.0017856551443621513
Voltage,Cell 1,3510.0,0.0,0.0,0.0,3.772075256285475,0.5209722222222186,475.63784072081984,0.0008624839343669832
Voltage,Cell 2,3510.0,0.0,0.0,0.0,3.7675220487975976,0.507874149659868,293.6400152176765,-8.651911028870485e-05
Voltage,Cell 3,3510.0,0.0,0.0,0.0,3.767906052013096,0.4931973995271904,59.41770860422781,-0.0023384130753951607
Voltage,Cell 4,3510.0,0.0,0.0,0.0,3.7712526648949516,0.516672278338948,496.98500323293234,0.0015624482513168824
Voltage,Cell 1,3520.0,0.0,0.0,0.0,3.772273880934759,0.5209722222222186,458.0414278051928,0.0007546734425711104
Voltage,Cell 2,3520.0,0.0,0.0,0.0,3.7676104997145647,0.507874149659868,286.15478071500564,-7.570422150261674e-05
Voltage,Cell 3,3520.0,0.0,0.0,0.0,3.7677062137408983,0.4931973995271904,64.94485065656909,-0.0020461114409707657
Voltage,Cell 4,3520.0,0.0,0.0,0.0,3.771544486862361,0.516672278338948,478.2027078624774,0.0013671422199022722
Voltage,Cell 1,3530.0,0.0,0.0,0.0,3.7724560660743327,0.5209722222222186,441.165028265339,0.0006603392622497215
Voltage,Cell 2,3530.0,0.0,0.0,0.0,3.7676971483224087,0.507874149659868,278.8269337793978,-6.624119381478965e-05
Voltage,Cell 3,3530.0,0.0,0.0,0.0,3.7675400602051567,0.4931973995271904,69.90555365036084,-0.00179034751084942
Voltage,Cell 4,3530.0,0.0,0.0,0.0,3.7718087783867147,0.516672278338948,460.20596788753085,0.0011962494424144882
Voltage,Cell 1,3540.0,0.0,0.25,0.25,3.7726237042647957,0.5209722222222186,424.9744355750899,0.0005777968544685064
Voltage,Cell 2,3540.0,0.0,0.0,0.0,3.767781967311536,0.507874149659868,271.6548542394765,-5.796104458794094e-05
Voltage,Cell 3,3540.0,0.0,-0.25,-0.25,3.767403062064662,0.4931973995271904,74.34009944431813,-0.0015665540719932425
Voltage,Cell 4,3540.0,0.0,0.0,0.0,3.772048783565812,0.516672278338948,442.9573716517691,0.0010467182621126771
Voltage,Cell 1,3550.0,0.0,0.0,0.0,3.7713894235172942,0.5208333333333297,471.93996740574755,0.001755572247659943
Voltage,Cell 2,3550.0,0.0,0.0,0.0,3.7678648695642507,0.507874149659868,264.6380935536945,-5.071591401444832e-05
Voltage,Cell 3,3550.0,0.0,0.0,0.0,3.7686890625142366,0.4933451536643062,15.785392477656217,-0.0026207348129940874
Voltage,Cell 4,3550.0,0.0,0.0,0.0,3.772267216694534,0.516672278338948,426.4238120779148,0.0009158784793485925
Voltage,Cell 1,3560.0,0.0,0.0,0.0,3.771688624594141,0.5208333333333297,453.56040801891197,0.0015361257167024502
Voltage,Cell 2,3560.0,0.0,0.0,0.0,3.7679458144491,0.507874149659868,257.7755071867909,-4.437642476264228e-05
Voltage,Cell 3,3560.0,0.0,0.0,0.0,3.7684428821355818,0.4933451536643062,22.74842907759637,-0.0022931429613698264
Voltage,Cell 4,3560.0,0.0,0.0,0.0,3.772466503855017,0.516672278338948,410.5730024901277,0.0008013936694300184
Voltage,Cell 1,3570.0,0.0,0.0,0.0,3.7719578436195302,0.5208333333333297,435.973343204624,0.0013441100021146439
Voltage,Cell 2,3570.0,0.0,0.0,0.0,3.768024767291897,0.507874149659868,251.0659357449102,-3.8829371667311996e-05
Voltage,Cell 3,3570.0,0.0,0.0,0.0,3.7682350698353537,0.4933451536643062,29.096703804765696,-0.002006500091198598
Voltage,Cell 4,3570.0,0.0,0.0,0.0,3.7726487692518886,0.516672278338948,395.3743642839674,0.0007012194607512661
Voltage,Cell 1,3580.0,0.0,0.0,0.0,3.7722005780983796,0.5208333333333297,419.1419725456925,0.0011760962518503133
Voltage,Cell 2,3580.0,0.0,0.0,0.0,3.7681017208106447,0.507874149659868,244.5077478945134,-3.3975700208898e-05
Voltage,Cell 3,3580.0,0.0,0.0,0.0,3.768060655441458,0.4933451536643062,34.869811231296666,-0.0017556875797987734
Voltage,Cell 4,3580.0,0.0,0.0,0.0,3.7728158749651484,0.516672278338948,380.7988819424072,0.0006135670281573579
Voltage,Cell 1,3590.0,0.0,0.0,0.0,3.772419924904613,0.5208333333333297,403.0306723497623,0.0010290842203690242
Voltage,Cell 2,3590.0,0.0,0.0,0.0,3.768176721432986,0.507874149659868,238.09828843966008,-2.9728737682785747e-05
Voltage,Cell 3,3590.0,0.0,-0.25,-0.25,3.7679152178067965,0.4933451536643062,40.10679263600642,-0.0015362266323239266
Voltage,Cell 4,3590.0,0.0,0.25,0.25,3.772969516931003,0.516672278338948,366.8177049396153,0.0005368711496376882
Voltage,Cell 1,3600.0,0.0,0.0,0.0,3.7726186227193645,0.5208333333333297,387.60514412721454,0.0009004486928228961
Voltage,Cell 2,3600.0,0.0,0.0,0.0,3.768249779422809,0.507874149659868,231.83568257436278,-2.6012645472437528e-05
Voltage,Cell 3,3600.0,0.0,0.0,0.0,3.769192676123888,0.493492907801422,-17.65630017385695,-0.0025941983032834355
Voltage,Cell 4,3600.0,0.0,0.0,0.0,3.7717208672614,0.5165319865319895,415.9040179063528,0.0017197622559329772
SOC,Cell 1,0.0,2.5,0.25,2.75,3.982064065887455,0.8,0.0,-0.060014630586120374
SOC,Cell 2,0.0,2.5,0.0,2.5,3.945280337275225,0.76,-3.637978807091713e-12,-0.05845160113107496
SOC,Cell 3,0.0,2.5,-0.25,2.25,3.9095096089426438,0.72,0.0,-0.05724692476410312
SOC,Cell 4,0.0,2.5,0.0,2.5,3.9637701239323655,0.78,0.0,-0.05918350596294818
SOC,Cell 1,10.0,2.5,0.25,2.75,3.971002057090456,0.7984722222222222,433.93896996434705,-0.058518570668630004
SOC,Cell 2,10.0,2.5,0.0,2.5,3.9356908875930343,0.7585827664399093,371.4393414412225,-0.05826100588793959
SOC,Cell 3,10.0,2.5,-0.25,2.25,3.9019827716371025,0.7186702127659574,308.93978981868713,-0.058351883654737494
SOC,Cell 4,10.0,2.5,0.0,2.5,3.953919825791109,0.7785970819304153,371.43914657641653,-0.05896668053497248
SOC,Cell 1,20.0,2.5,0.25,2.75,3.9634756774178768,0.7969444444444445,722.7337615328947,-0.05730212556656797
SOC,Cell 2,20.0,2.5,0.0,2.5,3.9296861424720286,0.7571655328798186,601.2054827769316,-0.058166137021343024
SOC,Cell 3,20.0,2.5,-0.25,2.25,3.8976780780929094,0.7173404255319149,479.67628109612593,-0.05937377942452575
SOC,Cell 4,20.0,2.5,0.0,2.5,3.947665187341252,0.7771941638608306,601.2058406533906,-0.05885862705011546
SOC,Cell 1,30.0,2.5,0.25,2.75,3.9575301865576957,0.7954166666666667,950.2194638907067,-0.05624804753667804
SOC,Cell 2,30.0,2.5,0.0,2.5,3.9251471433766647,0.7557482993197279,772.9422599004065,-0.058091178734828997
SOC,Cell 3,30.0,2.5,-0.25,2.25,3.894552730459464,0.7160106382978724,595.6654775956004,-0.06027415650562742
SOC,Cell 4,30.0,2.5,0.0,2.5,3.9429082473886896,0.7757912457912459,772.9426897282065,-0.05877319736066864
SOC,Cell 1,40.0,2.5,0.25,2.75,3.9524737354632875,0.7938888888888889,1144.083319594751,-0.05532615061795408
SOC,Cell 2,40.0,2.5,0.0,2.5,3.9213751185554684,0.7543310657596372,914.1582888839657,-0.05802597430612376
SOC,Cell 3,40.0,2.5,-0.25,2.25,3.89198358097121,0.7146808510638298,684.2327059762262,-0.061062365850016176
SOC,Cell 4,40.0,2.5,0.0,2.5,3.9389412599522937,0.7743883277216612,914.157082019763,-0.05869884400647207
SOC,Cell 1,50.0,2.5,0.25,2.75,3.9480100506524334,0.7923611111111111,1315.8160454854878,-0.05451684374840035
SOC,Cell 2,50.0,2.5,0.0,2.5,3.9180832758563158,0.7529138321995464,1036.1593776084374,-0.0579669280893547
SOC,Cell 3,50.0,2.5,-0.25,2.25,3.8897256178154413,0.7133510638297873,756.502572669724,-0.06175062019138848
SOC,Cell 4,50.0,2.5,0.0,2.5,3.9354718864376146,0.7729854096520765,1036.1608266481708,-0.058631478817836424
SOC,Cell 1,60.0,2.5,0.25,2.75,3.9439789109206647,0.7908333333333333,1471.4598363501568,-0.05380458280330904
SOC,Cell 2,60.0,2.5,0.0,2.5,3.9151223470821352,0.7514965986394557,1144.844529033664,-0.05791212644957313
SOC,Cell 3,60.0,2.5,-0.25,2.25,3.887656074169215,0.7120212765957448,818.2295239223608,-0.06235054236547275
SOC,Cell 4,60.0,2.5,0.0,2.5,3.9323477608042383,0.7715824915824918,1144.8434001069036,-0.058568929393886984
SOC,Cell 1,70.0,2.5,0.25,2.75,3.940282714950509,0.7893055555555555,1614.5914238812306,-0.053176505458601475
SOC,Cell 2,70.0,2.5,0.0,2.5,3.912405993758442,0.750079365079365,1243.6206848516704,-0.05786047837723128
SOC,Cell 3,70.0,2.5,-0.25,2.25,3.8857084972140905,0.7106914893617022,872.6490984072431,-0.06287275413943812
SOC,Cell 4,70.0,2.5,0.0,2.5,3.9294802731981315,0.7701795735129071,1243.6201100613725,-0.058509952334950405
SOC,Cell 1,80.0,2.5,0.25,2.75,3.936859241270546,0.7877777777777777,1747.4178112197155,-0.05262172254580296
SOC,Cell 2,80.0,2.5,0.0,2.5,3.9098814452385424,0.7486621315192743,1334.552331380779,-0.0578113069889602
SOC,Cell 3,80.0,2.5,-0.25,2.25,3.8838449014041405,0.7093617021276597,921.6878448410313,-0.0633267557578428
SOC,Cell 4,80.0,2.5,0.0,2.5,3.9268154722321755,0.7687766554433224,1334.5536432984663,-0.058453778863953115
SOC,Cell 1,90.0,2.5,0.25,2.75,3.933661946182952,0.7862499999999999,1871.5597220947518,-0.052130840225175626
SOC,Cell 2,90.0,2.5,0.0,2.5,3.9075106374271464,0.7472448979591836,1419.1322294477213,-0.05776412297151871
SOC,Cell 3,90.0,2.5,-0.25,2.25,3.8820393285449675,0.7080319148936172,966.704765901731,-0.06372093964737667
SOC,Cell 4,90.0,2.5,0.0,2.5,3.924314408047796,0.7673737373737377,1419.1331220595275,-0.05839985356595802
SOC,Cell 1,100.0,2.5,0.25,2.75,3.9306554913757776,0.7847222222222221,1988.2271574279366,-0.05169573065782274
SOC,Cell 2,100.0,2.5,0.0,2.5,3.905266017543116,0.7458276643990929,1498.4369312608105,-0.0577185725042527
SOC,Cell 3,100.0,2.5,-0.25,2.25,3.880274274817989,0.7067021276595746,1008.6466180786811,-0.06406270654736793
SOC,Cell 4,100.0,2.5,0.0,2.5,3.921948784312298,0.765970819304153,1498.4365764668073,-0.05834777354678306
SOC,Cell 1,110.0,2.5,0.25,2.75,3.9278130379094844,0.7831944444444443,2098.3222012973038,-0.05130934937437261
SOC,Cell 2,110.0,2.5,0.0,2.5,3.9031274643774085,0.7444104308390022,1573.2443671091423,-0.05767439792745514
SOC,Cell 3,110.0,2.5,-0.25,2.25,3.8785380708262727,0.7053723404255321,1048.1662093351786,-0.06435857217307202
SOC,Cell 4,110.0,2.5,0.0,2.5,3.919697966353624,0.7645679012345683,1573.2431444464091,-0.058297245307236054
SOC,Cell 1,120.0,2.5,0.25,2.75,3.92511357191798,0.7816666666666665,2202.540948733863,-0.05096557464732044
SOC,Cell 2,120.0,2.5,0.0,2.5,3.9010797981765,0.7429931972789114,1644.1332024011172,-0.05763140654769542
SOC,Cell 3,120.0,2.5,-0.25,2.25,3.8768226869821762,0.7040425531914896,1085.7250919570317,-0.06461426251433622
SOC,Cell 4,120.0,2.5,0.0,2.5,3.9175464187031572,0.7631649831649836,1644.1325102546434,-0.058248049317109765
SOC,Cell 1,130.0,2.5,0.25,2.75,3.9225398279321237,0.7801388888888887,2301.453058872069,-0.050659071523783274
SOC,Cell 2,130.0,2.5,0.0,2.5,3.899110747523546,0.7415759637188207,1711.5676114942216,-0.05758944516185357
SOC,Cell 3,130.0,2.5,-0.25,2.25,3.87512187493033,0.702712765957447,1121.6824227653933,-0.06483479860761315
SOC,Cell 4,130.0,2.5,0.0,2.5,3.915481656494646,0.7617620650953989,1711.5670691510059,-0.058200011746445394
SOC,Cell 1,140.0,2.5,0.25,2.75,3.9200768454780315,0.7786111111111109,2395.557280671727,-0.05038517884289141
SOC,Cell 2,140.0,2.5,0.0,2.5,3.897209860440906,0.74015873015873,1775.9424987289785,-0.057548386312034086
SOC,Cell 3,140.0,2.5,-0.25,2.25,3.8734305320785616,0.7013829787234045,1156.32674686597,-0.0650245804351428
SOC,Cell 4,140.0,2.5,0.0,2.5,3.9134930019792944,0.7603591470258142,1775.9424859661558,-0.05815298718799888
SOC,Cell 1,150.0,2.5,0.25,2.75,3.917712821326159,0.7770833333333331,2485.2418478204772,-0.05013984056872668
SOC,Cell 2,150.0,2.5,0.0,2.5,3.8953690580582676,0.7387414965986393,1837.5532835642625,-0.05750813447971293
SOC,Cell 3,150.0,2.5,-0.25,2.25,3.8717449872774856,0.700053191489362,1189.8647604509322,-0.06518746788398783
SOC,Cell 4,150.0,2.5,0.0,2.5,3.9115723237783673,0.7589562289562295,1837.5515768251535,-0.058106867624282896
SOC,Cell 1,160.0,2.5,0.25,2.75,3.9154370485576306,0.7755555555555553,2570.867249354352,-0.0499195060963506
SOC,Cell 2,160.0,2.5,0.0,2.5,3.8935813012560807,0.7373242630385486,1896.6552644335607,-0.05746860943815398
SOC,Cell 3,160.0,2.5,-0.25,2.25,3.8700625846217616,0.6987234042553194,1222.4435277706657,-0.06532684551576089
SOC,Cell 4,160.0,2.5,0.0,2.5,3.9097123412012604,0.7575533108866448,1896.6570484177391,-0.05806155944875451
SOC,Cell 1,170.0,2.5,0.25,2.75,3.913241220151077,0.7740277777777775,2652.7081183273594,-0.04972108709173245
SOC,Cell 2,170.0,2.5,0.0,2.5,3.891840729548939,0.7359070294784579,1953.4548854109198,-0.057429747476020865
SOC,Cell 3,170.0,2.5,-0.25,2.25,3.8683806576226334,0.6973936170212769,1254.2009204037558,-0.06544567368613044
SOC,Cell 4,170.0,2.5,0.0,2.5,3.9079073942648614,0.7561503928170601,1953.455080818494,-0.05801699302054322
SOC,Cell 1,180.0,2.5,0.25,2.75,3.9111176008163318,0.7724999999999997,2731.02808840902,-0.04954187784261985
SOC,Cell 2,180.0,2.5,0.0,2.5,3.8901424368414252,0.7344897959183672,2008.1184979724603,-0.05739149834262744
SOC,Cell 3,180.0,2.5,-0.25,2.25,3.8666978010520596,0.6960638297872344,1285.2085437732248,-0.06554655220061492
SOC,Cell 4,180.0,2.5,0.0,2.5,3.9061524062257993,0.7547474747474754,2008.120490583413,-0.057973108581986114
SOC,Cell 1,190.0,2.5,0.25,2.75,3.909059484572439,0.770972222222222,2806.0585450332137,-0.049379514569144925
SOC,Cell 2,190.0,2.5,0.0,2.5,3.8884816872006356,0.7330725623582764,2060.8089041956882,-0.05735381540250504
SOC,Cell 3,190.0,2.5,-0.25,2.25,3.8650120325937314,0.6947340425531918,1315.5595403267662,-0.06563175058423143
SOC,Cell 4,190.0,2.5,0.0,2.5,3.9044427620146616,0.7533445566778907,2060.8116152336406,-0.05792985415079027
SOC,Cell 1,200.0,2.5,0.25,2.75,3.9070608105682596,0.7694444444444442,2878.013311115785,-0.04923192901112963
SOC,Cell 2,200.0,2.5,0.0,2.5,3.886854312322866,0.7316553287981857,2111.665405288066,-0.05731666025827392
SOC,Cell 3,200.0,2.5,-0.25,2.25,3.8633219240939685,0.6934042553191493,1345.317727311372,-0.06570325819689893
SOC,Cell 4,200.0,2.5,0.0,2.5,3.9027743320612958,0.751941638608306,2111.668476061084,-0.057887185629615034
SOC,Cell 1,210.0,2.5,0.25,2.75,3.9051163933860114,0.7679166666666664,2947.0772560364367,-0.049097315356106244
SOC,Cell 2,210.0,2.5,0.0,2.5,3.8852566293392368,0.730238095238095,2160.8070611870644,-0.05728000127468481
SOC,Cell 3,210.0,2.5,-0.25,2.25,3.861626190171705,0.6920744680851068,1374.5384654804493,-0.06576281595919527
SOC,Cell 4,210.0,2.5,0.0,2.5,3.9011435553550946,0.7505387205387213,2160.8083887343637,-0.05784506730485882
SOC,Cell 1,220.0,2.5,0.25,2.75,3.9032213683016495,0.7663888888888886,3013.429060718562,-0.04897409118543651
SOC,Cell 2,220.0,2.5,0.0,2.5,3.8836852396411077,0.7288208616780043,2208.341757725899,-0.05724381110073148
SOC,Cell 3,220.0,2.5,-0.25,2.25,3.8599240232318457,0.6907446808510642,1403.254983816815,-0.06581194995236962
SOC,Cell 4,220.0,2.5,0.0,2.5,3.8995470694293095,0.7491358024691366,2208.342502134401,-0.05780346693700449
SOC,Cell 1,230.0,2.5,0.25,2.75,3.901371855320093,0.7648611111111108,3077.2108532229176,-0.04886087902421558
SOC,Cell 2,230.0,2.5,0.0,2.5,3.882137302841894,0.7274036281179136,2254.352372654197,-0.05720806950336492
SOC,Cell 3,230.0,2.5,-0.25,2.25,3.8582147745177537,0.6894148936170217,1431.494472625407,-0.06585199577775375
SOC,Cell 4,230.0,2.5,0.0,2.5,3.8979822059410636,0.7477328843995519,2254.3521863095084,-0.0577623617701549
SOC,Cell 1,240.0,2.5,0.25,2.75,3.8995642437837486,0.763333333333333,3138.55849474496,-0.048756472420548744
SOC,Cell 2,240.0,2.5,0.0,2.5,3.8806101500291383,0.7259863945578229,2298.9151778574706,-0.05717275883441724
SOC,Cell 3,240.0,2.5,-0.25,2.25,3.8564981288196134,0.6880851063829792,1459.2715512559812,-0.06588412366208575
SOC,Cell 4,240.0,2.5,0.0,2.5,3.8964464308326656,0.7463299663299672,2298.914696357271,-0.05772173127086393
SOC,Cell 1,250.0,2.5,0.25,2.75,3.8977954638393193,0.7618055555555552,3197.5886746455626,-0.04865981859163157
SOC,Cell 2,250.0,2.5,0.0,2.5,3.879101451175032,0.7245691609977322,2342.091387558801,-0.05713786560934282
SOC,Cell 3,250.0,2.5,-0.25,2.25,3.8547739986269933,0.6867553191489366,1486.5941590954963,-0.06590935822408886
SOC,Cell 4,250.0,2.5,0.0,2.5,3.894937575908113,0.7449270482603825,2342.0919943807894,-0.057681559789050235
SOC,Cell 1,260.0,2.5,0.25,2.75,3.8960624954755074,0.7602777777777774,3254.4200176768413,-0.048569993539491756
SOC,Cell 2,260.0,2.5,0.0,2.5,3.8776088642636406,0.7231519274376415,2383.9441199296634,-0.05710337662150583
SOC,Cell 3,260.0,2.5,-0.25,2.25,3.8530423196976846,0.6854255319148941,1513.4736582004602,-0.0659285952299252
SOC,Cell 4,260.0,2.5,0.0,2.5,3.8934534073882756,0.7435241301907978,2383.950882656369,-0.057641831252021006
SOC,Cell 1,270.0,2.5,0.25,2.75,3.8943628437884774,0.7587499999999996,3309.1513611338764,-0.04848619192679715
SOC,Cell 2,270.0,2.5,0.0,2.5,3.8761302849250034,0.7217346938775507,2424.5259751902013,-0.05706928151492824
SOC,Cell 3,270.0,2.5,-0.25,2.25,3.8513033376183623,0.6840957446808515,1539.912565659049,-0.06594261958740795
SOC,Cell 4,270.0,2.5,0.0,2.5,3.8919920953801395,0.7421212121212131,2424.5406956537227,-0.057602534490797344
SOC,Cell 1,280.0,2.5,0.25,2.75,3.8926941475889683,0.7572222222222218,3361.878513785181,-0.04840770809145456
SOC,Cell 2,280.0,2.5,0.0,2.5,3.874663643836644,0.72031746031746,2463.8888692637483,-0.05703557049727208
SOC,Cell 3,280.0,2.5,-0.25,2.25,3.8495572502366966,0.682765957446809,1565.9210740273666,-0.0659521166795177
SOC,Cell 4,280.0,2.5,0.0,2.5,3.890551789612225,0.7407182940516284,2463.9130204114335,-0.05756365832700387
SOC,Cell 1,290.0,2.5,0.25,2.75,3.8910541156030343,0.755694444444444,3412.6967495083604,-0.04833392298092253
SOC,Cell 2,290.0,2.5,0.0,2.5,3.8732067782530804,0.7189002267573693,2502.090452074248,-0.05700223280097254
SOC,Cell 3,290.0,2.5,-0.25,2.25,3.8478045513196335,0.6814361702127665,1591.5019759981428,-0.06595768713573558
SOC,Cell 4,290.0,2.5,0.0,2.5,3.8891307028085214,0.7393153759820437,2502.1177841089193,-0.057525192354199804
SOC,Cell 1,300.0,2.5,0.25,2.75,3.8894408173042985,0.7541666666666662,3461.6876383704202,-0.04826429646561704
SOC,Cell 2,300.0,2.5,0.0,2.5,3.8717586204348207,0.7174829931972786,2539.1343233205844,-0.05696926999306466
SOC,Cell 3,300.0,2.5,-0.25,2.25,3.8460465612234582,0.680106382978724,1616.6277052159621,-0.06595986112058987
SOC,Cell 4,300.0,2.5,0.0,2.5,3.887727263824189,0.737912457912459,2539.195964392464,-0.05748712836980231
SOC,Cell 1,310.0,2.5,0.25,2.75,3.887852378211629,0.7526388888888884,3508.931480233479,-0.04819835532224943
SOC,Cell 2,310.0,2.5,0.0,2.5,3.8703169993983453,0.7160657596371879,2575.0803861760614,-0.05693667103627926
SOC,Cell 3,310.0,2.5,-0.25,2.25,3.8442835462045344,0.6787765957446814,1641.3231186733087,-0.06595909452640461
SOC,Cell 4,310.0,2.5,0.0,2.5,3.8863398945944096,0.7365095398428743,2575.1892275661558,-0.057449458819698554
SOC,Cell 1,320.0,2.5,0.25,2.75,3.8862870752053826,0.7511111111111106,3554.503754977306,-0.048135684829563666
SOC,Cell 2,320.0,2.5,0.0,2.5,3.8688797509294517,0.7146485260770972,2609.9890684748643,-0.05690442504904049
SOC,Cell 3,320.0,2.5,-0.25,2.25,3.842515732973127,0.6774468085106389,1665.6199980643341,-0.06595578473706254
SOC,Cell 4,320.0,2.5,0.0,2.5,3.8849671102987573,0.7351066217732896,2610.1362797726433,-0.057412176408815366
SOC,Cell 1,330.0,2.5,0.25,2.75,3.8847433085252976,0.7495833333333328,3598.4755658325957,-0.0480759218714568
SOC,Cell 2,330.0,2.5,0.0,2.5,3.8674445673138274,0.7132312925170065,2643.9287156595565,-0.05687251972412644
SOC,Cell 3,330.0,2.5,-0.25,2.25,3.8407446771337788,0.6761170212765963,1689.497401448625,-0.0659502870948605
SOC,Cell 4,330.0,2.5,0.0,2.5,3.8836074946938792,0.7337037037037049,2644.072926173558,-0.05737527492516056
SOC,Cell 1,340.0,2.5,0.25,2.75,3.8832196428710533,0.748055555555555,3640.910873053881,-0.04801874977101589
SOC,Cell 2,340.0,2.5,0.0,2.5,3.866012496959875,0.7118140589569157,2676.7999912275372,-0.05684097926622973
SOC,Cell 3,340.0,2.5,-0.25,2.25,3.838973129002015,0.6747872340425538,1712.8881144222596,-0.06594291965664223
SOC,Cell 4,340.0,2.5,0.0,2.5,3.882259721346703,0.7323007856341202,2677.030893410163,-0.05733874943627207
SOC,Cell 1,350.0,2.5,0.25,2.75,3.8817146734398036,0.7465277777777772,3681.873643368878,-0.04796388981335165
SOC,Cell 2,350.0,2.5,0.0,2.5,3.8645802325310314,0.710396825396825,2708.723423276202,-0.05680977973622756
SOC,Cell 3,350.0,2.5,-0.25,2.25,3.8372005587149047,0.6734574468085113,1735.871188368529,-0.06593393945173502
SOC,Cell 4,350.0,2.5,0.0,2.5,3.8809224579714017,0.7308978675645355,2709.0430963892177,-0.0573025944364955
SOC,Cell 1,360.0,2.5,0.25,2.75,3.8802271246338687,0.7449999999999994,3721.4219955370354,-0.04791109874897339
SOC,Cell 2,360.0,2.5,0.0,2.5,3.863145482154453,0.7089795918367343,2739.769142457073,-0.05677890864898386
SOC,Cell 3,360.0,2.5,-0.25,2.25,3.835427146150983,0.6721276595744687,1758.49783790937,-0.06592357449031734
SOC,Cell 4,360.0,2.5,0.0,2.5,3.879594467427282,0.7294949494949508,2740.1376380390248,-0.05726680588097585
SOC,Cell 1,370.0,2.5,0.25,2.75,3.878755800341715,0.7434722222222216,3759.610676665245,-0.047860163594563424
SOC,Cell 2,370.0,2.5,0.0,2.5,3.8617060359742412,0.7075623582766436,2770.0037324868026,-0.05674835464101165
SOC,Cell 3,370.0,2.5,-0.25,2.25,3.8336555119794347,0.6707978723404262,1780.7172151540249,-0.06591203865072848
SOC,Cell 4,370.0,2.5,0.0,2.5,3.878274528006553,0.728092031425366,2770.3422760792164,-0.05723137969765589
SOC,Cell 1,380.0,2.5,0.25,2.75,3.877299558625662,0.7419444444444439,3796.4922115376285,-0.04781089752663583
SOC,Cell 2,380.0,2.5,0.0,2.5,3.860263780778967,0.7061451247165529,2799.2906450049995,-0.056718148976528646
SOC,Cell 3,380.0,2.5,-0.25,2.25,3.8318885401323266,0.6694680851063837,1802.469961234521,-0.06589952076208969
SOC,Cell 4,380.0,2.5,0.0,2.5,3.876961449443968,0.7266891133557813,2799.6832550393156,-0.05719631218420473
SOC,Cell 1,390.0,2.5,0.25,2.75,3.875857306610278,0.7404166666666661,3832.1166293964484,-0.04776313684092343
SOC,Cell 2,390.0,2.5,0.0,2.5,3.8588153300547052,0.7047278911564622,2827.75826853935,-0.056688266797114514
SOC,Cell 3,390.0,2.5,-0.25,2.25,3.8301259971381554,0.6681382978723411,1823.8313748860387,-0.06588616734533387
SOC,Cell 4,390.0,2.5,0.0,2.5,3.8756540566567708,0.7252861952861966,2828.185922150693,-0.057161599860651585
SOC,Cell 1,400.0,2.5,0.25,2.75,3.874428010065318,0.7388888888888883,3866.5311662228796,-0.04771673811334907
SOC,Cell 2,400.0,2.5,0.0,2.5,3.8573589598113776,0.7033106575963715,2855.453045655093,-0.05665870083419673
SOC,Cell 3,400.0,2.5,-0.25,2.25,3.8283687649954827,0.6668085106382986,1844.829184940243,-0.06587211243463917
SOC,Cell 4,400.0,2.5,0.0,2.5,3.8743512017682256,0.7238832772166119,2855.8742778865926,-0.057127239515526784
SOC,Cell 1,410.0,2.5,0.25,2.75,3.8730106744104713,0.7373611111111105,3899.780816970379,-0.04767157560204051
SOC,Cell 2,410.0,2.5,0.0,2.5,3.8558931770589493,0.7018934240362807,2882.4113361456402,-0.056629446057590634
SOC,Cell 3,410.0,2.5,-0.25,2.25,3.8266193345544064,0.6654787234042561,1865.4218761961342,-0.0658574827830326
SOC,Cell 4,410.0,2.5,0.0,2.5,3.8730517542351377,0.7224803591470272,2882.771157669751,-0.05709322819336764
SOC,Cell 1,420.0,2.5,0.25,2.75,3.8716043385977317,0.7358333333333327,3931.908548780054,-0.04762753900819512
SOC,Cell 2,420.0,2.5,0.0,2.5,3.8544184745182837,0.70047619047619,2908.5734595781432,-0.05660051699848855
SOC,Cell 3,420.0,2.5,-0.25,2.25,3.8248796531879226,0.6641489361702135,1885.5900875225643,-0.06584238656742139
SOC,Cell 4,420.0,2.5,0.0,2.5,3.8717545858159057,0.7210774410774425,2908.899073649085,-0.05705956296043684
SOC,Cell 1,430.0,2.5,0.25,2.75,3.8702080548881113,0.7343055555555549,3962.956283189256,-0.04758453129682144
SOC,Cell 2,430.0,2.5,0.0,2.5,3.852932957499298,0.6990589569160993,2934.0007467861433,-0.05657190310039873
SOC,Cell 3,430.0,2.5,-0.25,2.25,3.823150686014556,0.662819148936171,1905.3543698751914,-0.06582691307995789
SOC,Cell 4,430.0,2.5,0.0,2.5,3.870458565098496,0.7196745230078578,2934.2804435508297,-0.05702624085102939
SOC,Cell 1,440.0,2.5,0.25,2.75,3.868820890738468,0.7327777777777771,3992.964613762898,-0.047542467137294736
SOC,Cell 2,440.0,2.5,0.0,2.5,3.8514357067148746,0.6976417233560086,2958.708919524488,-0.05654360316814759
SOC,Cell 3,440.0,2.5,-0.25,2.25,3.8214339066451073,0.6614893617021285,1924.7107407514711,-0.0658111435037917
SOC,Cell 4,440.0,2.5,0.0,2.5,3.8691625563558874,0.7182716049382731,2958.9375804866904,-0.05699325887778328
SOC,Cell 1,450.0,2.5,0.25,2.75,3.8674419180841197,0.7312499999999993,4021.9732651191234,-0.047501271332700476
SOC,Cell 2,450.0,2.5,0.0,2.5,3.849925871210474,0.6962244897959179,2982.7134315339754,-0.056515616029889734
SOC,Cell 3,450.0,2.5,-0.25,2.25,3.819730496657235,0.6601595744680859,1943.6637218103233,-0.06579514793472371
SOC,Cell 4,450.0,2.5,0.0,2.5,3.867865430239644,0.7168686868686884,2982.892115071816,-0.05696061417737185
SOC,Cell 1,460.0,2.5,0.25,2.75,3.866070370194473,0.7297222222222215,4050.0127549485,-0.04746087989589497
SOC,Cell 2,460.0,2.5,0.0,2.5,3.8484025024140647,0.6948072562358272,3006.037373167608,-0.05648793922632969
SOC,Cell 3,460.0,2.5,-0.25,2.25,3.818041710175891,0.6588297872340434,1962.2109062912027,-0.06577898841949184
SOC,Cell 4,460.0,2.5,0.0,2.5,3.8665662199477806,0.7154657687991037,3006.1568139062256,-0.05692830598001708
SOC,Cell 1,470.0,2.5,0.25,2.75,3.864705338885984,0.7281944444444437,4077.1201239341244,-0.04742123448787207
SOC,Cell 2,470.0,2.5,0.0,2.5,3.8468650509301394,0.6933900226757365,3028.689267081263,-0.05646057273655192
SOC,Cell 3,470.0,2.5,-0.25,2.25,3.8163687546194263,0.6575000000000009,1980.347341849156,-0.06576271952742721
SOC,Cell 4,470.0,2.5,0.0,2.5,3.8652637344139515,0.714062850729519,3028.755905894781,-0.05689633065690739
SOC,Cell 1,480.0,2.5,0.25,2.75,3.8633459195722093,0.7266666666666659,4103.331283689249,-0.04738228365867721
SOC,Cell 2,480.0,2.5,0.0,2.5,3.8453129909223223,0.6919727891156457,3050.6806785900226,-0.056433515981002255
SOC,Cell 3,480.0,2.5,-0.25,2.25,3.8147126912280114,0.6561702127659583,1998.0691870868307,-0.06574638890855879
SOC,Cell 4,480.0,2.5,0.0,2.5,3.863956848679443,0.7126599326599343,3050.709861043968,-0.056864685464090195
SOC,Cell 1,490.0,2.5,0.25,2.75,3.861991215313052,0.7251388888888881,4128.68070719306,-0.04734398209102521
SOC,Cell 2,490.0,2.5,0.0,2.5,3.843745804657751,0.690555555555555,3072.0276077930794,-0.05640676744516783
SOC,Cell 3,490.0,2.5,-0.25,2.25,3.8130739371976174,0.6548404255319158,2015.3950190548821,-0.0657300353776119
SOC,Cell 4,490.0,2.5,0.0,2.5,3.8626444244902665,0.7112570145903496,3072.039618486393,-0.05683336751447619
SOC,Cell 1,500.0,2.5,0.25,2.75,3.860640351211791,0.7236111111111103,4153.200607403167,-0.04730629008128824
SOC,Cell 2,500.0,2.5,0.0,2.5,3.842162742229328,0.6891383219954643,3092.76209775636,-0.056380322536916605
SOC,Cell 3,500.0,2.5,-0.25,2.25,3.811453172716442,0.6535106382978733,2032.3265642042022,-0.06571369484131265
SOC,Cell 4,500.0,2.5,0.0,2.5,3.8613254406951834,0.7098540965207649,3092.760006059547,-0.0568023753084001
SOC,Cell 1,510.0,2.5,0.25,2.75,3.8592926851844367,0.7220833333333325,4176.909878191129,-0.04726917581786938
SOC,Cell 2,510.0,2.5,0.0,2.5,3.8405636036027424,0.6877210884353736,3112.8952938090915,-0.0563541807028784
SOC,Cell 3,510.0,2.5,-0.25,2.25,3.8098508399410695,0.6521808510638307,2048.870191383679,-0.06569739810597205
SOC,Cell 4,510.0,2.5,0.0,2.5,3.8599989410236484,0.7084511784511802,3112.8826261413233,-0.0567717080046368
SOC,Cell 1,520.0,2.5,0.25,2.75,3.8579472286140506,0.7205555555555547,4199.844169928418,-0.04723260675140055
SOC,Cell 2,520.0,2.5,0.0,2.5,3.838948099533119,0.6863038548752829,3132.4483278500957,-0.0563283394772147
SOC,Cell 3,520.0,2.5,-0.25,2.25,3.8082671395664063,0.6508510638297882,2065.0370949058647,-0.0656811714708601
SOC,Cell 4,520.0,2.5,0.0,2.5,3.858663761025815,0.7070482603815955,3132.429914376655,-0.05674136221391153
SOC,Cell 1,530.0,2.5,0.25,2.75,3.8566031041174322,0.7190277777777769,4222.03203648793,-0.047196555549081635
SOC,Cell 2,530.0,2.5,0.0,2.5,3.8373161461523155,0.6848866213151922,3151.438974626257,-0.056302796913255945
SOC,Cell 3,530.0,2.5,-0.25,2.25,3.806702595684583,0.6495212765957457,2080.820143440614,-0.06566503969658372
SOC,Cell 4,530.0,2.5,0.0,2.5,3.8573188365871074,0.7056453423120108,3151.4195402207224,-0.05671133562270821
SOC,Cell 1,540.0,2.5,0.25,2.75,3.8552594190306455,0.7174999999999991,4243.501457292341,-0.04716099790537415
SOC,Cell 2,540.0,2.5,0.0,2.5,3.8356680143712305,0.6834693877551015,3169.8755257307166,-0.05627755251649696
SOC,Cell 3,540.0,2.5,-0.25,2.25,3.8051570474585934,0.6481914893617031,2096.2354082313013,-0.06564902204168435
SOC,Cell 4,540.0,2.5,0.0,2.5,3.855963113431492,0.7042424242424261,3169.8692562715223,-0.05668162586948444
SOC,Cell 1,550.0,2.5,0.25,2.75,3.8539153478528423,0.7159722222222213,4264.275780133294,-0.04712591318635269
SOC,Cell 2,550.0,2.5,0.0,2.5,3.834003714409949,0.6820521541950108,3187.783779438905,-0.056252602942149135
SOC,Cell 3,550.0,2.5,-0.25,2.25,3.803630345546405,0.6468617021276606,2111.293866716105,-0.06563313568078251
SOC,Cell 4,550.0,2.5,0.0,2.5,3.8545957360196113,0.7028395061728414,3187.7882209303425,-0.05665223240868753
SOC,Cell 1,560.0,2.5,0.25,2.75,3.852570090201203,0.7144444444444435,4284.375753711454,-0.04709128355217507
SOC,Cell 2,560.0,2.5,0.0,2.5,3.832323517401675,0.68063492063492,3205.1843047117036,-0.05622794567132973
SOC,Cell 3,560.0,2.5,-0.25,2.25,3.802122222471987,0.645531914893618,2126.0069832841873,-0.0656173954513725
SOC,Cell 4,560.0,2.5,0.0,2.5,3.853215722671146,0.7014365881032567,3205.1927217976627,-0.05662315308485602
SOC,Cell 1,570.0,2.5,0.25,2.75,3.8512227099139715,0.7129166666666658,4303.8273753217245,-0.047057091729783576
SOC,Cell 2,570.0,2.5,0.0,2.5,3.830627903483406,0.6792176870748293,3222.0947663707884,-0.05620357867274876
SOC,Cell 3,570.0,2.5,-0.25,2.25,3.8006326721141197,0.6442021276595755,2140.370970876321,-0.06560181586797006
SOC,Cell 4,570.0,2.5,0.0,2.5,3.8518221344778665,0.700033670033672,3222.0984170886404,-0.05659438584807545
SOC,Cell 1,580.0,2.5,0.25,2.75,3.8498723190518915,0.711388888888888,4322.652912960657,-0.04702332301644816
SOC,Cell 2,580.0,2.5,0.0,2.5,3.828917755401698,0.6778004535147386,3238.521602972276,-0.056179501759235445
SOC,Cell 3,580.0,2.5,-0.25,2.25,3.7991612794381675,0.642872340425533,2154.3954671248684,-0.06558640814876275
SOC,Cell 4,580.0,2.5,0.0,2.5,3.850414103617879,0.6986307519640873,3238.519359870297,-0.05656592895366954
SOC,Cell 1,590.0,2.5,0.25,2.75,3.8485180213309347,0.7098611111111102,4340.8736847677565,-0.04698996435922606
SOC,Cell 2,590.0,2.5,0.0,2.5,3.8271940135390876,0.6763832199546479,3254.475060848443,-0.056155713997143225
SOC,Cell 3,590.0,2.5,-0.25,2.25,3.797707711437293,0.6415425531914905,2168.083173264041,-0.06557118271200893
SOC,Cell 4,590.0,2.5,0.0,2.5,3.848990816820742,0.6972278338945026,3254.469161405894,-0.05653778071001162
SOC,Cell 1,600.0,2.5,0.25,2.75,3.847159558241895,0.7083333333333324,4358.4322413154305,-0.04695700506162741
SOC,Cell 2,600.0,2.5,0.0,2.5,3.825458371960781,0.6749659863945572,3269.8882169681783,-0.05613221466364879
SOC,Cell 3,600.0,2.5,-0.25,2.25,3.796272511285628,0.6402127659574479,2181.3478133611525,-0.0655561495796335
SOC,Cell 4,600.0,2.5,0.0,2.5,3.8475521607223433,0.6958249158249179,3269.8832013922693,-0.05650994002873837
SOC,Cell 1,610.0,2.5,0.25,2.75,3.8457949299837533,0.7068055555555546,4375.483869369352,-0.04692443358733404
SOC,Cell 2,610.0,2.5,0.0,2.5,3.82371080107672,0.6735487528344665,3284.9139996248086,-0.056109001521294014
SOC,Cell 3,610.0,2.5,-0.25,2.25,3.794853609202823,0.6388829787234054,2194.345704571192,-0.06554131533335242
SOC,Cell 4,610.0,2.5,0.0,2.5,3.8460963987250363,0.6944219977553332,3284.909701647517,-0.05648240466852237
SOC,Cell 1,620.0,2.5,0.25,2.75,3.844423562692788,0.7052777777777768,4392.005335822524,-0.046892240844749924
SOC,Cell 2,620.0,2.5,0.0,2.5,3.8219529142506854,0.6721315192743758,3299.5224010048078,-0.05608607333859143
SOC,Cell 3,620.0,2.5,-0.25,2.25,3.793450787303692,0.6375531914893628,2207.0398099790973,-0.06552668647966792
SOC,Cell 4,620.0,2.5,0.0,2.5,3.8446232776103413,0.6930190796857485,3299.5187019084296,-0.05645517319403489
SOC,Cell 1,630.0,2.5,0.25,2.75,3.843044593521845,0.703749999999999,4408.006585489247,-0.0468604184502677
SOC,Cell 2,630.0,2.5,0.0,2.5,3.820186157207005,0.670714285714285,3313.7170130192862,-0.056063428801473865
SOC,Cell 3,630.0,2.5,-0.25,2.25,3.7920634710285652,0.6362234042553203,2219.4269986218915,-0.0655122686645487
SOC,Cell 4,630.0,2.5,0.0,2.5,3.8431323559440216,0.6916161616161638,3313.713809601759,-0.05642824401824792
SOC,Cell 1,640.0,2.5,0.25,2.75,3.8416569415278494,0.7022222222222212,4423.522667167851,-0.04682895869955033
SOC,Cell 2,640.0,2.5,0.0,2.5,3.8184118801906983,0.6692970521541943,3327.5248923924773,-0.056041066575722484
SOC,Cell 3,640.0,2.5,-0.25,2.25,3.790690846464582,0.6348936170212778,2231.526267169217,-0.06549806677217754
SOC,Cell 4,640.0,2.5,0.0,2.5,3.8416230876442343,0.6902132435465791,3327.5233003074354,-0.05640161547773147
SOC,Cell 1,650.0,2.5,0.25,2.75,3.840259626787486,0.7006944444444434,4438.576237313257,-0.0467978547268794
SOC,Cell 2,650.0,2.5,0.0,2.5,3.816631560358095,0.6678798185941036,3340.967218599799,-0.05601898537372502
SOC,Cell 3,650.0,2.5,-0.25,2.25,3.7893320616848003,0.6335638297872352,2243.35650242748,-0.0654840850116618
SOC,Cell 4,650.0,2.5,0.0,2.5,3.840095109488404,0.6888103254769944,3340.9662448763447,-0.05637528599131
SOC,Cell 1,660.0,2.5,0.25,2.75,3.8388520378467046,0.6991666666666656,4453.1494610961745,-0.04676710063813723
SOC,Cell 2,660.0,2.5,0.0,2.5,3.8148471718899204,0.6664625850340129,3354.0191296055164,-0.05599718407059809
SOC,Cell 3,660.0,2.5,-0.25,2.25,3.7879867714404543,0.6322340425531927,2254.8864466319537,-0.0654703268523897
SOC,Cell 4,660.0,2.5,0.0,2.5,3.838548568087445,0.6874074074074097,3354.018581008557,-0.056349254243972705
SOC,Cell 1,670.0,2.5,0.25,2.75,3.837433351018169,0.6976388888888878,4467.247311598935,-0.046736690908392144
SOC,Cell 2,670.0,2.5,0.0,2.5,3.8130604990651937,0.6650453514739222,3366.6806254096155,-0.05597566147297893
SOC,Cell 3,670.0,2.5,-0.25,2.25,3.7866543454490476,0.6309042553191502,2266.1111267003535,-0.06545679529757276
SOC,Cell 4,670.0,2.5,0.0,2.5,3.8369835120850033,0.686004489337825,3366.680308704057,-0.05632351879589682
SOC,Cell 1,680.0,2.5,0.25,2.75,3.8360027490404334,0.69611111111111,4480.874485621487,-0.04670662050903266
SOC,Cell 2,680.0,2.5,0.0,2.5,3.8112733501348486,0.6636281179138315,3378.9517060120925,-0.05595441640337714
SOC,Cell 3,680.0,2.5,-0.25,2.25,3.7853341460340575,0.6295744680851076,2277.0258458327116,-0.0654434928883135
SOC,Cell 4,680.0,2.5,0.0,2.5,3.8354001205516832,0.6846015712682403,3378.951427962831,-0.05629807822575973
SOC,Cell 1,690.0,2.5,0.25,2.75,3.8345589574374466,0.6945833333333322,4494.087923648209,-0.04667688448939459
SOC,Cell 2,690.0,2.5,0.0,2.5,3.80948707692762,0.6622108843537408,3390.8818772224913,-0.0559334476008969
SOC,Cell 3,690.0,2.5,-0.25,2.25,3.7840250374764484,0.6282446808510651,2287.6734596512847,-0.06543042191681755
SOC,Cell 4,690.0,2.5,0.0,2.5,3.833798259987326,0.6831986531986556,3390.8820763877848,-0.056272930906589365
SOC,Cell 1,700.0,2.5,0.25,2.75,3.833101355894514,0.6930555555555544,4506.873218886094,-0.04664747879407764
SOC,Cell 2,700.0,2.5,0.0,2.5,3.8077035968135573,0.66079365079365,3402.4575244305706,-0.055912753970173375
SOC,Cell 3,700.0,2.5,-0.25,2.25,3.782726487453118,0.6269148936170226,2298.039318831032,-0.06541758415781058
SOC,Cell 4,700.0,2.5,0.0,2.5,3.8321785184135932,0.6817957351290709,3402.457575181961,-0.056248075542979274
SOC,Cell 1,710.0,2.5,0.25,2.75,3.8316290105084256,0.6915277777777766,4519.254179067908,-0.04661839945553104
SOC,Cell 2,710.0,2.5,0.0,2.5,3.805924527396937,0.6593764172335593,3413.6938918901687,-0.05589233437990508
SOC,Cell 3,710.0,2.5,-0.25,2.25,3.781437738973007,0.62558510638298,2308.131707051636,-0.06540498115110276
SOC,Cell 4,710.0,2.5,0.0,2.5,3.830541354969003,0.6803928170594862,3413.694378462562,-0.056223510727067744
SOC,Cell 1,720.0,2.5,0.25,2.75,3.830141047110074,0.6899999999999988,4531.2511657876785,-0.04658964283620111
SOC,Cell 2,720.0,2.5,0.0,2.5,3.804151376334382,0.6579591836734686,3424.611837410328,-0.0558721877162993
SOC,Cell 3,720.0,2.5,-0.25,2.25,3.7801579260958067,0.6242553191489375,2317.9705236979935,-0.06539261421944034
SOC,Cell 4,720.0,2.5,0.0,2.5,3.828887346295457,0.6789898989899015,3424.6120908664416,-0.056199235067137844
SOC,Cell 1,730.0,2.5,0.25,2.75,3.8286368425340447,0.688472222222221,4542.860057740401,-0.04656120571126092
SOC,Cell 2,730.0,2.5,0.0,2.5,3.8023858699973645,0.6565419501133779,3435.1999385449453,-0.055852312926886846
SOC,Cell 3,730.0,2.5,-0.25,2.25,3.7788865880533775,0.622925531914895,2327.538307596844,-0.06538048433032326
SOC,Cell 4,730.0,2.5,0.0,2.5,3.82721747543135,0.6775869809203168,3435.2005267507993,-0.05617524730261674
SOC,Cell 1,740.0,2.5,0.25,2.75,3.827115461902133,0.6869444444444432,4554.118957840793,-0.046533084865595556
SOC,Cell 2,740.0,2.5,0.0,2.5,3.8006292028639193,0.6551247165532872,3445.496225305302,-0.055832708933097434
SOC,Cell 3,740.0,2.5,-0.25,2.25,3.7776227299665304,0.6215957446808524,2336.871874487534,-0.06536859244538487
SOC,Cell 4,740.0,2.5,0.0,2.5,3.82553246449923,0.6761840628507321,3445.496579394414,-0.05615154604432724
SOC,Cell 1,750.0,2.5,0.25,2.75,3.825576451181436,0.6854166666666655,4565.015466851919,-0.046505277557426325
SOC,Cell 2,750.0,2.5,0.0,2.5,3.7988829459974682,0.6537074829931965,3455.4843665027875,-0.05581337471979057
SOC,Cell 3,750.0,2.5,-0.25,2.25,3.7763659572897947,0.6202659574468099,2345.9513562210323,-0.06535693915445646
SOC,Cell 4,750.0,2.5,0.0,2.5,3.8238336235479418,0.6747811447811474,3455.4842104698837,-0.05612813008648312
SOC,Cell 1,760.0,2.5,0.25,2.75,3.8240190924522914,0.6838888888888877,4575.57695617675,-0.046477781037605435
SOC,Cell 2,760.0,2.5,0.0,2.5,3.7971482305815716,0.6522902494331058,3465.1849922602414,-0.05579430926777966
SOC,Cell 3,760.0,2.5,-0.25,2.25,3.7751155510759,0.6189361702127674,2354.791712880751,-0.06534552502502719
SOC,Cell 4,760.0,2.5,0.0,2.5,3.822122073894281,0.6733782267115627,3465.185363083445,-0.05610499813868633
SOC,Cell 1,770.0,2.5,0.25,2.75,3.822442875558178,0.6823611111111099,4585.814547341256,-0.04645059280185472
SOC,Cell 2,770.0,2.5,0.0,2.5,3.7954261214592533,0.650873015873015,3474.6116270719394,-0.05577551158464634
SOC,Cell 3,770.0,2.5,-0.25,2.25,3.7738708231270413,0.6176063829787248,2363.4073512724453,-0.0653343505012088
SOC,Cell 4,770.0,2.5,0.0,2.5,3.8203991414984486,0.671975308641978,3474.611653995409,-0.0560821489624357
SOC,Cell 1,780.0,2.5,0.25,2.75,3.8208474600702216,0.6808333333333321,4595.728973153167,-0.046423710536545974
SOC,Cell 2,780.0,2.5,0.0,2.5,3.7937176998737283,0.6494557823129243,3483.7605947976845,-0.05575698069780724
SOC,Cell 3,780.0,2.5,-0.25,2.25,3.7726313355869867,0.6162765957446823,2371.79070813028,-0.06532341582875181
SOC,Cell 4,780.0,2.5,0.0,2.5,3.818666381308045,0.6705723905723933,3483.760091599528,-0.056059581371607985
SOC,Cell 1,790.0,2.5,0.25,2.75,3.819232552562189,0.6793055555555543,4605.3267902691005,-0.046397132031522195
SOC,Cell 2,790.0,2.5,0.0,2.5,3.792023842098195,0.6480385487528336,3492.635925868908,-0.05573871564869582
SOC,Cell 3,790.0,2.5,-0.25,2.25,3.7713965902379356,0.6149468085106398,2379.943290927815,-0.06531272119216709
SOC,Cell 4,790.0,2.5,0.0,2.5,3.816925382662599,0.6691694725028086,3492.634729460191,-0.05603729418141486
SOC,Cell 1,800.0,2.5,0.25,2.75,3.8175978613088852,0.6777777777777765,4614.627752157321,-0.046370855148682506
SOC,Cell 2,800.0,2.5,0.0,2.5,3.790345194561101,0.6466213151927429,3501.2522728772456,-0.05572071550098531
SOC,Cell 3,800.0,2.5,-0.25,2.25,3.770166034638122,0.6136170212765972,2387.87534812932,-0.065302266732363
SOC,Cell 4,800.0,2.5,0.0,2.5,3.8151777169687926,0.6677665544332239,3501.251457416427,-0.05601528620903046
SOC,Cell 1,810.0,2.5,0.25,2.75,3.8159432859922813,0.6762499999999987,4623.641558341748,-0.04634487789368648
SOC,Cell 2,810.0,2.5,0.0,2.5,3.7886822894372596,0.6452040816326522,3509.62096618125,-0.05570297933807294
SOC,Cell 3,810.0,2.5,-0.25,2.25,3.7689391290367396,0.6122872340425547,2395.5988677931155,-0.06529205253236035
SOC,Cell 4,810.0,2.5,0.0,2.5,3.8134250640686687,0.6663636363636392,3509.619785269937,-0.05599355630439236
SOC,Cell 1,820.0,2.5,0.25,2.75,3.8142688841479897,0.6747222222222209,4632.373280448986,-0.04631919838168095
SOC,Cell 2,820.0,2.5,0.0,2.5,3.787035602734729,0.6437868480725615,3517.743470347381,-0.055685506255110026
SOC,Cell 3,820.0,2.5,-0.25,2.25,3.7677154989705337,0.6109574468085122,2403.112082147103,-0.06528207855523882
SOC,Cell 4,820.0,2.5,0.0,2.5,3.8116692010607647,0.6649607182940545,3517.7419232753637,-0.055972103346567895
SOC,Cell 1,830.0,2.5,0.25,2.75,3.812574813834602,0.6731944444444431,4640.831699465621,-0.046293814800425284
SOC,Cell 2,830.0,2.5,0.0,2.5,3.7854054307241265,0.6423696145124708,3525.6265443310476,-0.05566829536685235
SOC,Cell 3,830.0,2.5,-0.25,2.25,3.7664947377887494,0.6096276595744696,2410.419735208746,-0.06527234474255343
SOC,Cell 4,830.0,2.5,0.0,2.5,3.80991188755034,0.6635578002244698,3525.6246528442716,-0.05595092622699847
SOC,Cell 1,840.0,2.5,0.25,2.75,3.8108613583399094,0.6716666666666653,4649.0276100628325,-0.04626872541345542
SOC,Cell 2,840.0,2.5,0.0,2.5,3.7837919305468377,0.64095238095238,3533.2785170888856,-0.05565134580739347
SOC,Cell 3,840.0,2.5,-0.25,2.25,3.7652764608054894,0.6082978723404271,2417.5278298090852,-0.06526285099901386
SOC,Cell 4,840.0,2.5,0.0,2.5,3.8081548715179587,0.662154882154885,3533.276596992677,-0.05593002385692804
SOC,Cell 1,850.0,2.5,0.25,2.75,3.809128950133112,0.6701388888888875,4656.970209166916,-0.046243928556771355
SOC,Cell 2,850.0,2.5,0.0,2.5,3.7821951369496043,0.6395351473922893,3540.707556383044,-0.055634656728243706
SOC,Cell 3,850.0,2.5,-0.25,2.25,3.76406030685834,0.6069680851063846,2424.443317398295,-0.06525359719871691
SOC,Cell 4,850.0,2.5,0.0,2.5,3.8063998835548194,0.6607519640853003,3540.705521699594,-0.05590939516686161
SOC,Cell 1,860.0,2.5,0.25,2.75,3.8073781704842315,0.6686111111111097,4664.667758985556,-0.0462194226313755
SOC,Cell 2,860.0,2.5,0.0,2.5,3.780614980526905,0.6381179138321986,3547.9199254060295,-0.0556182272954969
SOC,Cell 3,860.0,2.5,-0.25,2.25,3.7628459619841714,0.605638297872342,2431.170544061785,-0.06524458317732842
SOC,Cell 4,860.0,2.5,0.0,2.5,3.804648619639636,0.6593490460157156,3547.917873699993,-0.05588903910580988
SOC,Cell 1,870.0,2.5,0.25,2.75,3.8056097426995708,0.6670833333333319,4672.129080064011,-0.046195206096364155
SOC,Cell 2,870.0,2.5,0.0,2.5,3.7790512799801506,0.6367006802721079,3554.9228279561394,-0.055602056693432725
SOC,Cell 3,870.0,2.5,-0.25,2.25,3.761633132775178,0.6043085106382995,2437.715104101435,-0.06523580875202974
SOC,Cell 4,870.0,2.5,0.0,2.5,3.8029027108311917,0.6579461279461309,3554.9208759374924,-0.0558689546418115
SOC,Cell 1,880.0,2.5,0.25,2.75,3.80382456311834,0.6655555555555541,4679.359982084252,-0.04617127747436891
SOC,Cell 2,880.0,2.5,0.0,2.5,3.7775037787645616,0.6352834467120172,3561.7214627557078,-0.055586144119710794
SOC,Cell 3,880.0,2.5,-0.25,2.25,3.7604215698052044,0.602978723404257,2444.0813800409437,-0.06522727371308058
SOC,Cell 4,880.0,2.5,0.0,2.5,3.801163735735456,0.6565432098765462,3561.719219498227,-0.05584914076369418
SOC,Cell 1,890.0,2.5,0.25,2.75,3.802023650660539,0.6640277777777763,4686.368120646492,-0.046147635329444325
SOC,Cell 2,890.0,2.5,0.0,2.5,3.775972136832296,0.6338662131519265,3568.3207344808034,-0.055570488786786804
SOC,Cell 3,890.0,2.5,-0.25,2.25,3.7592110759817765,0.6016489361702144,2450.271843134984,-0.06521897782191269
SOC,Cell 4,890.0,2.5,0.0,2.5,3.7994331693447707,0.6551402918069615,3568.3185746103227,-0.05582959647636681
SOC,Cell 1,900.0,2.5,0.25,2.75,3.800208146965919,0.6624999999999985,4693.162392607532,-0.046124278266803
SOC,Cell 2,900.0,2.5,0.0,2.5,3.7744559034456606,0.6324489795918358,3574.728655736417,-0.05555508992868609
SOC,Cell 3,900.0,2.5,-0.25,2.25,3.75800142457418,0.6003191489361719,2456.293507572429,-0.06521092085855693
SOC,Cell 4,900.0,2.5,0.0,2.5,3.7977123577293606,0.6537373737373768,3574.726694435969,-0.05581032080100686
SOC,Cell 1,910.0,2.5,0.25,2.75,3.7983793305439177,0.6609722222222207,4699.750663991058,-0.046101204936984275
SOC,Cell 2,910.0,2.5,0.0,2.5,3.772954576390672,0.6310317460317451,3580.9517988895714,-0.05553994679327179
SOC,Cell 3,910.0,2.5,-0.25,2.25,3.756792436769375,0.5989893617021294,2462.1516582358445,-0.06520310258327164
SOC,Cell 4,910.0,2.5,0.0,2.5,3.796002539430292,0.6523344556677921,3580.95016971519,-0.05579131277774811
SOC,Cell 1,920.0,2.5,0.25,2.75,3.79653865439194,0.659444444444443,4706.134207678452,-0.04607841404267463
SOC,Cell 2,920.0,2.5,0.0,2.5,3.771467637251763,0.6296145124716543,3586.9925959433604,-0.05552505863458652
SOC,Cell 3,920.0,2.5,-0.25,2.25,3.755583984188137,0.5976595744680868,2467.8493740792155,-0.06519552273562751
SOC,Cell 4,920.0,2.5,0.0,2.5,3.7943048759700932,0.6509315375982074,3586.9900163117054,-0.0557725714634167
SOC,Cell 1,930.0,2.5,0.25,2.75,3.7946876293094203,0.6579166666666652,4712.3195729350555,-0.04605590430910762
SOC,Cell 2,930.0,2.5,0.0,2.5,3.7699945279510643,0.6281972789115636,3592.852759864727,-0.05551042471820804
SOC,Cell 3,930.0,2.5,-0.25,2.25,3.7543760244071374,0.5963297872340443,2473.384377230373,-0.06518818101330012
SOC,Cell 4,930.0,2.5,0.0,2.5,3.7926203671014775,0.6495286195286227,3592.850191318965,-0.05575409592986131
SOC,Cell 1,940.0,2.5,0.25,2.75,3.792827828968143,0.6563888888888874,4718.316272632693,-0.046033674489838416
SOC,Cell 2,940.0,2.5,0.0,2.5,3.768534571726404,0.6267800453514729,3598.542104978096,-0.055496044344217635
SOC,Cell 3,940.0,2.5,-0.25,2.25,3.7531684011959614,0.5950000000000017,2478.7664463698848,-0.06518107719316117
SOC,Cell 4,940.0,2.5,0.0,2.5,3.790949826372197,0.648125701459038,3598.5396816889406,-0.05573588526707632
SOC,Cell 1,950.0,2.5,0.25,2.75,3.7909609214014766,0.6548611111111096,4724.131313408786,-0.046011723375516206
SOC,Cell 2,950.0,2.5,0.0,2.5,3.767087099754538,0.6253628117913822,3604.0665997088254,-0.05548191681949071
SOC,Cell 3,950.0,2.5,-0.25,2.25,3.751961035663579,0.5936702127659592,2484.000517580015,-0.0651742110202214
SOC,Cell 4,950.0,2.5,0.0,2.5,3.7892939532459504,0.6467227833894533,3604.0644766807636,-0.05571793858187375
SOC,Cell 1,960.0,2.5,0.25,2.75,3.7890886292879395,0.6533333333333318,4729.771646144618,-0.04599004978681338
SOC,Cell 2,960.0,2.5,0.0,2.5,3.7656514212458996,0.6239455782312915,3609.432212482254,-0.055468041466127625
SOC,Cell 3,960.0,2.5,-0.25,2.25,3.750753869633934,0.5923404255319167,2489.091582699242,-0.06516758224158992
SOC,Cell 4,960.0,2.5,0.0,2.5,3.787653305702584,0.6453198653198686,3609.4305655536227,-0.05570025499780062
SOC,Cell 1,970.0,2.5,0.25,2.75,3.787212710552734,0.651805555555554,4735.244169062926,-0.04596865257284964
SOC,Cell 2,970.0,2.5,0.0,2.5,3.7642268308050753,0.6225283446712008,3614.6449117237353,-0.0554544176213593
SOC,Cell 3,970.0,2.5,-0.25,2.25,3.7495468646572667,0.5910106382978741,2494.044686224608,-0.06516119060784015
SOC,Cell 4,970.0,2.5,0.0,2.5,3.7860283024846626,0.6439169472502839,3614.6439375666523,-0.05568283365501246
SOC,Cell 1,980.0,2.5,0.25,2.75,3.7853350095768783,0.6502777777777762,4740.547474015432,-0.04594753061781578
SOC,Cell 2,980.0,2.5,0.0,2.5,3.762812659400768,0.6211111111111101,3619.706183565788,-0.055441044623032815
SOC,Cell 3,980.0,2.5,-0.25,2.25,3.7483400178743045,0.5896808510638316,2498.863417972977,-0.06515503586298604
SOC,Cell 4,980.0,2.5,0.0,2.5,3.7844192895636715,0.6425140291806992,3619.703779912008,-0.055665673702543494
SOC,Cell 1,990.0,2.5,0.25,2.75,3.7834573189753766,0.6487499999999984,4745.685571364248,-0.045926682822375414
SOC,Cell 2,990.0,2.5,0.0,2.5,3.761408279150521,0.6196938775510193,3624.6132830254355,-0.05542792180708069
SOC,Cell 3,990.0,2.5,-0.25,2.25,3.747133477146389,0.5883510638297891,2503.5395899823516,-0.06514911766590441
SOC,Cell 4,990.0,2.5,0.0,2.5,3.782826468684889,0.6411111111111145,3624.6110164559905,-0.055648774304009926
SOC,Cell 1,1000.0,2.5,0.25,2.75,3.7815813514962966,0.6472222222222206,4750.668703094901,-0.04590610810602132
SOC,Cell 2,1000.0,2.5,0.0,2.5,3.7600129222410827,0.6182766439909286,3629.378036642909,-0.0554150485703503
SOC,Cell 3,1000.0,2.5,-0.25,2.25,3.745927171967073,0.5870212765957465,2508.086070741704,-0.06514343583702494
SOC,Cell 4,1000.0,2.5,0.0,2.5,3.781249832526014,0.6397081930415298,3629.3760319416324,-0.05563213464966513
SOC,Cell 1,1010.0,2.5,0.25,2.75,3.7797088132262067,0.6456944444444428,4755.5025979321335,-0.04588580541640858
SOC,Cell 2,1010.0,2.5,0.0,2.5,3.758625896682099,0.6168594104308379,3634.0054270454093,-0.05540242430287383
SOC,Cell 3,1010.0,2.5,-0.25,2.25,3.7447211444977144,0.585691489361704,2512.5071018947083,-0.06513799014024986
SOC,Cell 4,1010.0,2.5,0.0,2.5,3.779689308804043,0.6383052749719451,3634.0038299859734,-0.055615753940093014
SOC,Cell 1,1020.0,2.5,0.25,2.75,3.7778413464180813,0.644166666666665,4760.192945032093,-0.045865773723485916
SOC,Cell 2,1020.0,2.5,0.0,2.5,3.757246523303786,0.6154421768707472,3638.500436860111,-0.055390048408803454
SOC,Cell 3,1020.0,2.5,-0.25,2.25,3.7435154517413363,0.5843617021276615,2516.806964653868,-0.06513278034696741
SOC,Cell 4,1020.0,2.5,0.0,2.5,3.77814472013282,0.6369023569023604,3638.499414206035,-0.055599631391326475
SOC,Cell 1,1030.0,2.5,0.25,2.75,3.7759805122535672,0.6426388888888872,4764.745396180522,-0.045846012018718046
SOC,Cell 2,1030.0,2.5,0.0,2.5,3.755874139381597,0.6140249433106565,3642.8680487141974,-0.0553779203063315
SOC,Cell 3,1030.0,2.5,-0.25,2.25,3.7423101645738432,0.5830319148936189,2520.989977601952,-0.06512780623665118
SOC,Cell 4,1030.0,2.5,0.0,2.5,3.7766157935697295,0.6354994388327757,3642.8677882189004,-0.05558376623473829
SOC,Cell 1,1040.0,2.5,0.25,2.75,3.774127831017033,0.6411111111111094,4769.1590609526365,-0.045826519314792424
SOC,Cell 2,1040.0,2.5,0.0,2.5,3.7545081288727222,0.6126077097505658,3647.1104949445107,-0.055366039416657145
SOC,Cell 3,1040.0,2.5,-0.25,2.25,3.7411053667892302,0.5817021276595764,2525.0604946160047,-0.06512306759738185
SOC,Cell 4,1040.0,2.5,0.0,2.5,3.775102217069533,0.634096520763191,3647.1088680343128,-0.05556815770697796
SOC,Cell 1,1050.0,2.5,0.25,2.75,3.7722846943276305,0.6395833333333316,4773.4352960868555,-0.04580729464112244
SOC,Cell 2,1050.0,2.5,0.0,2.5,3.7531479708630564,0.6111904761904751,3651.2227083199323,-0.055354405143202674
SOC,Cell 3,1050.0,2.5,-0.25,2.25,3.7399013075314858,0.5803723404255339,2529.00895175634,-0.06511856411133002
SOC,Cell 4,1050.0,2.5,0.0,2.5,3.7736036162653277,0.6326936026936063,3651.221230930114,-0.05555280505415604
SOC,Cell 1,1060.0,2.5,0.25,2.75,3.770452303528566,0.6380555555555538,4777.583510619191,-0.045788337046162864
SOC,Cell 2,1060.0,2.5,0.0,2.5,3.7517930090208482,0.6097732426303843,3655.2158390643854,-0.05534301696670766
SOC,Cell 3,1060.0,2.5,-0.25,2.25,3.7386980134695587,0.5790425531914913,2532.8470988687304,-0.0651142956404907
SOC,Cell 4,1060.0,2.5,0.0,2.5,3.7721194492512193,0.6312906846240216,3655.214612042124,-0.0555377075587744
SOC,Cell 1,1070.0,2.5,0.25,2.75,3.7686317706610333,0.636527777777776,4781.608320714549,-0.04576964559796251
SOC,Cell 2,1070.0,2.5,0.0,2.5,3.750442682604534,0.6083560090702936,3659.0939658668212,-0.055331874353973846
SOC,Cell 3,1070.0,2.5,-0.25,2.25,3.737495609502664,0.5777127659574488,2536.5786753788493,-0.06511026199232228
SOC,Cell 4,1070.0,2.5,0.0,2.5,3.7706491697929483,0.6298877665544369,3659.0931102793475,-0.055522864507519754
SOC,Cell 1,1080.0,2.5,0.25,2.75,3.7668240714841366,0.6349999999999982,4785.514314456974,-0.04575121938274757
SOC,Cell 2,1080.0,2.5,0.0,2.5,3.749096458371226,0.6069387755102029,3662.8611674163294,-0.05532097678496446
SOC,Cell 3,1080.0,2.5,-0.25,2.25,3.7362942318589303,0.5763829787234063,2540.2072550048356,-0.06510646298228587
SOC,Cell 4,1080.0,2.5,0.0,2.5,3.769192185477939,0.6284848484848522,3662.860824550771,-0.0555082752014049
SOC,Cell 1,1090.0,2.5,0.25,2.75,3.7650300414866087,0.6334722222222204,4789.306053409762,-0.045733057504511114
SOC,Cell 2,1090.0,2.5,0.0,2.5,3.74775383157946,0.6055215419501122,3666.5215224019557,-0.05531032375273656
SOC,Cell 3,1090.0,2.5,-0.25,2.25,3.7350940250771885,0.5750531914893637,2543.7364379856244,-0.06510289843567357
SOC,Cell 4,1090.0,2.5,0.0,2.5,3.7677478667297057,0.6270819304152675,3666.521853765378,-0.05549393895567441
SOC,Cell 1,1100.0,2.5,0.25,2.75,3.7632504112633427,0.6319444444444426,4792.983692338253,-0.045715159081285275
SOC,Cell 2,1100.0,2.5,0.0,2.5,3.7464143381046187,0.6041043083900215,3670.077944678902,-0.05529991475794657
SOC,Cell 3,1100.0,2.5,-0.25,2.25,3.7338951411359473,0.5737234042553212,2547.1698496076106,-0.06509956818783404
SOC,Cell 4,1100.0,2.5,0.0,2.5,3.7663155842510143,0.6256790123456828,3670.0771130395806,-0.05547985509108863
SOC,Cell 1,1110.0,2.5,0.25,2.75,3.761485773199429,0.6304166666666648,4796.5470725336,-0.04569752324554566
SOC,Cell 2,1110.0,2.5,0.0,2.5,3.7450776267452373,0.6026870748299308,3673.524911129025,-0.055289749273115384
SOC,Cell 3,1110.0,2.5,-0.25,2.25,3.732697837883269,0.5723936170212787,2550.501795748538,-0.06509647200234102
SOC,Cell 4,1110.0,2.5,0.0,2.5,3.764894719031311,0.6242760942760981,3673.5241892075355,-0.055466022931278294
SOC,Cell 1,1120.0,2.5,0.25,2.75,3.7597365111403866,0.628888888888887,4800.004280828897,-0.045680149152560724
SOC,Cell 2,1120.0,2.5,0.0,2.5,3.743743228232762,0.6012698412698401,3676.8720329353346,-0.05527982685309331
SOC,Cell 3,1120.0,2.5,-0.25,2.25,3.731502248064018,0.5710638297872361,2553.7389171228633,-0.06509360975776804
SOC,Cell 4,1120.0,2.5,0.0,2.5,3.7634845402659276,0.6228731762065134,3676.8715030263775,-0.055452441842592654
SOC,Cell 1,1130.0,2.5,0.25,2.75,3.758002911023102,0.6273611111111093,4803.359060618181,-0.04566303597094639
SOC,Cell 2,1130.0,2.5,0.0,2.5,3.7424107642578974,0.5998526077097494,3680.122664988241,-0.0552701470368708
SOC,Cell 3,1130.0,2.5,-0.25,2.25,3.730308534361039,0.5697340425531936,2556.8855150678082,-0.06509098132353604
SOC,Cell 4,1130.0,2.5,0.0,2.5,3.762084356093401,0.6214702581369287,3680.1224284409764,-0.0554391111918773
SOC,Cell 1,1140.0,2.5,0.25,2.75,3.75628513046921,0.6258333333333315,4806.615135367287,-0.045646182885136735
SOC,Cell 2,1140.0,2.5,0.0,2.5,3.741079886294509,0.5984353741496586,3683.280162178191,-0.055260709375827166
SOC,Cell 3,1140.0,2.5,-0.25,2.25,3.7291168776821553,0.5684042553191511,2559.9445797601543,-0.06508858656785622
SOC,Cell 4,1140.0,2.5,0.0,2.5,3.7606934739292357,0.620067340067344,3683.280339396155,-0.05542603035938064
SOC,Cell 1,1150.0,2.5,0.25,2.75,3.7545832060419406,0.6243055555555537,4809.776209720981,-0.04562958909514572
SOC,Cell 2,1150.0,2.5,0.0,2.5,3.7397502752699405,0.5970181405895679,3686.34787939566,-0.05525151343367361
SOC,Cell 3,1150.0,2.5,-0.25,2.25,3.7279274622393537,0.5670744680851085,2562.919120197589,-0.06508642536934048
SOC,Cell 4,1150.0,2.5,0.0,2.5,3.7593112058076543,0.6186644219977593,3686.3486098367466,-0.05541319873867229
SOC,Cell 1,1160.0,2.5,0.25,2.75,3.752897069044338,0.6227777777777759,4812.845085390906,-0.04561325381498968
SOC,Cell 2,1160.0,2.5,0.0,2.5,3.7384216414084763,0.5956009070294772,3689.3291408575096,-0.055242558786234075
SOC,Cell 3,1160.0,2.5,-0.25,2.25,3.726740474794761,0.565744680851066,2565.8121631534077,-0.065084497617098
SOC,Cell 4,1160.0,2.5,0.0,2.5,3.7579368778139077,0.6172615039281746,3689.330098077462,-0.05540061573479551
SOC,Cell 1,1170.0,2.5,0.25,2.75,3.7512265638306124,0.6212499999999981,4815.8226013959875,-0.045597176270142994
SOC,Cell 2,1170.0,2.5,0.0,2.5,3.7370937528788244,0.5941836734693865,3692.2242759776927,-0.05523384500515269
SOC,Cell 3,1170.0,2.5,-0.25,2.25,3.7255561205407295,0.5644148936170235,2568.625143712855,-0.06508280319571702
SOC,Cell 4,1170.0,2.5,0.0,2.5,3.756569852627533,0.6158585858585899,3692.2251562704732,-0.055388280756765995
SOC,Cell 1,1180.0,2.5,0.25,2.75,3.7495714192414997,0.6197222222222203,4818.712150373391,-0.04558135570418249
SOC,Cell 2,1180.0,2.5,0.0,2.5,3.73576638260944,0.5927664399092958,3695.0359892401248,-0.05522537168595065
SOC,Cell 3,1180.0,2.5,-0.25,2.25,3.724374610682698,0.5630851063829809,2571.359029145533,-0.06508134199494592
SOC,Cell 4,1180.0,2.5,0.0,2.5,3.7552094857753606,0.6144556677890052,3695.03681397784,-0.05537619323498573
SOC,Cell 1,1190.0,2.5,0.25,2.75,3.7479315082643403,0.6181944444444425,4821.489010717778,-0.04556579132435445
SOC,Cell 2,1190.0,2.5,0.0,2.5,3.734439590245141,0.5913492063492051,3697.7392921439205,-0.05521713828600765
SOC,Cell 3,1190.0,2.5,-0.25,2.25,3.7231964085125777,0.5617553191489384,2573.9887963770307,-0.06508011367771882
SOC,Cell 4,1190.0,2.5,0.0,2.5,3.7538553985238923,0.6130527497194205,3697.7400927426934,-0.055364352511678386
SOC,Cell 1,1200.0,2.5,0.25,2.75,3.7463060697653563,0.6166666666666647,4824.197757303261,-0.04555048247266819
SOC,Cell 2,1200.0,2.5,0.0,2.5,3.733112813294295,0.5899319727891144,3700.3785681955706,-0.05520914464457227
SOC,Cell 3,1200.0,2.5,-0.25,2.25,3.7220213043187176,0.5604255319148959,2576.558623224354,-0.06507911854290534
SOC,Cell 4,1200.0,2.5,0.0,2.5,3.752506629375874,0.6116498316498358,3700.3793452388454,-0.05535275818626609
SOC,Cell 1,1200.0000000000002,0.0,0.25,0.25,3.8018565511391036,0.6166666666666647,4824.197757303261,0.009999998901079278
SOC,Cell 2,1200.0000000000002,0.0,0.0,0.0,3.7883219579388667,0.5899319727891144,3700.3785681955706,0.0
SOC,Cell 3,1200.0000000000002,0.0,-0.25,-0.25,3.7771004239605435,0.5604255319148959,2576.558623224354,-0.009999998901079278
SOC,Cell 4,1200.0000000000002,0.0,0.0,0.0,3.8078593875621403,0.6116498316498358,3700.3793452388454,0.0
SOC,Cell 1,1210.0,0.0,0.25,0.25,3.810174382765007,0.6165277777777758,4455.423539523339,0.009999999038444368
SOC,Cell 2,1210.0,0.0,0.0,0.0,3.7968376081728223,0.5899319727891144,3331.537723131536,0.0
SOC,Cell 3,1210.0,0.0,-0.25,-0.25,3.785998385274344,0.5605732860520117,2207.63073722421,-0.009999999038444368
SOC,Cell 4,1210.0,0.0,0.0,0.0,3.816162537066102,0.6116498316498358,3331.5390143754594,0.0
SOC,Cell 1,1220.0,0.0,0.25,0.25,3.814594546658343,0.6163888888888869,4228.188037271834,0.009999999158638822
SOC,Cell 2,1220.0,0.0,0.0,0.0,3.8016575586260966,0.5899319727891144,3104.2436946279813,0.0
SOC,Cell 3,1220.0,0.0,-0.25,-0.25,3.791264563285894,0.5607210401891276,1980.3138482856439,-0.009999999158638822
SOC,Cell 4,1220.0,0.0,0.0,0.0,3.8207744093539944,0.6116498316498358,3104.24296585708,0.0
SOC,Cell 1,1230.0,0.0,0.25,0.25,3.8176147944645527,0.616249999999998,4058.941019074039,0.009999999263808968
SOC,Cell 2,1230.0,0.0,0.0,0.0,3.8050187981960155,0.5899319727891144,2934.937925296199,0.0
SOC,Cell 3,1230.0,0.0,-0.25,-0.25,3.7950401180581466,0.5608687943262435,1810.9389240915723,-0.009999999263808968
SOC,Cell 4,1230.0,0.0,0.0,0.0,3.8239790540578467,0.6116498316498358,2934.9376515316726,0.0
SOC,Cell 1,1240.0,0.0,0.25,0.25,3.819917950855013,0.616111111111109,3920.1532096228693,0.009999999355832848
SOC,Cell 2,1240.0,0.0,0.0,0.0,3.807626430290407,0.5899319727891144,2796.090398591281,0.0
SOC,Cell 3,1240.0,0.0,-0.25,-0.25,3.798033346382817,0.5610165484633594,1672.0228847423934,-0.009999999355832848
SOC,Cell 4,1240.0,0.0,0.0,0.0,3.8264600617924804,0.6116498316498358,2796.092091621791,0.0
SOC,Cell 1,1250.0,0.0,0.25,0.25,3.8217764856743868,0.6159722222222201,3800.4900501956913,0.009999999436353742
SOC,Cell 2,1250.0,0.0,0.0,0.0,3.8097672155441744,0.5899319727891144,2676.38063494605,0.0
SOC,Cell 3,1250.0,0.0,-0.25,-0.25,3.8005369258833097,0.5611643026004752,1552.2537729551982,-0.009999999436353742
SOC,Cell 4,1250.0,0.0,0.0,0.0,3.8284932063469856,0.6116498316498358,2676.3796047143915,0.0
SOC,Cell 1,1260.0,0.0,0.25,0.25,3.8233317632787385,0.6158333333333312,3694.0683318831707,0.009999999506809524
SOC,Cell 2,1260.0,0.0,0.0,0.0,3.8115898467814686,0.5899319727891144,2569.902598826393,0.0
SOC,Cell 3,1260.0,0.0,-0.25,-0.25,3.8027036061076727,0.5613120567375911,1445.743225877022,-0.009999999506809524
SOC,Cell 4,1260.0,0.0,0.0,0.0,3.8302212399348328,0.6116498316498358,2569.9051167379257,0.0
SOC,Cell 1,1270.0,0.0,0.25,0.25,3.824664803307528,0.6156944444444423,3597.495645325068,0.009999999568458333
SOC,Cell 2,1270.0,0.0,0.0,0.0,3.8131788187432827,0.5899319727891144,2473.287296431554,0.0
SOC,Cell 3,1270.0,0.0,-0.25,-0.25,3.804622071514639,0.561459810874707,1349.078563396658,-0.009999999568458333
SOC,Cell 4,1270.0,0.0,0.0,0.0,3.8317255811208497,0.6116498316498358,2473.2875316563113,0.0
SOC,Cell 1,1280.0,0.0,0.25,0.25,3.8258251517374515,0.6155555555555534,3508.7030532424137,0.009999999622401041
SOC,Cell 2,1280.0,0.0,0.0,0.0,3.8145863060527074,0.5899319727891144,2384.453044494214,0.0
SOC,Cell 3,1280.0,0.0,-0.25,-0.25,3.8063460820433725,0.5616075650118229,1260.1963200690411,-0.009999999622401041
SOC,Cell 4,1280.0,0.0,0.0,0.0,3.833056195688382,0.6116498316498358,2384.4523363215594,0.0
SOC,Cell 1,1290.0,0.0,0.25,0.25,3.8268484400571303,0.6154166666666645,3426.1974172268256,0.009999999669600912
SOC,Cell 2,1290.0,0.0,0.0,0.0,3.8158495124199927,0.5899319727891144,2301.9054937133624,0.0
SOC,Cell 3,1290.0,0.0,-0.25,-0.25,3.807914454775757,0.5617553191489387,1177.6076320261288,-0.009999999669600912
SOC,Cell 4,1290.0,0.0,0.0,0.0,3.834248848151179,0.6116498316498358,2301.9049903284176,0.0
SOC,Cell 1,1300.0,0.0,0.25,0.25,3.8277602658885894,0.6152777777777756,3348.904867182785,0.009999999710900797
SOC,Cell 2,1300.0,0.0,0.0,0.0,3.816995076546357,0.5899319727891144,2224.5709900882903,0.0
SOC,Cell 3,1300.0,0.0,-0.25,-0.25,3.809355225099208,0.5619030732860546,1100.2384225246562,-0.009999999710900797
SOC,Cell 4,1300.0,0.0,0.0,0.0,3.8353291549074138,0.6116498316498358,2224.5717598358897,0.0
SOC,Cell 1,1310.0,0.0,0.25,0.25,3.8285791107423415,0.6151388888888867,3276.0510117114136,0.009999999747038198
SOC,Cell 2,1310.0,0.0,0.0,0.0,3.818042132624494,0.5899319727891144,2151.678515639902,0.0
SOC,Cell 3,1310.0,0.0,-0.25,-0.25,3.8106887152174505,0.5620508274231705,1027.3118929809061,-0.009999999747038198
SOC,Cell 4,1310.0,0.0,0.0,0.0,3.836315552698835,0.6116498316498358,2151.679979598797,0.0
SOC,Cell 1,1320.0,0.0,0.25,0.25,3.8293187395851556,0.6149999999999978,3207.0597252976886,0.009999999778658423
SOC,Cell 2,1320.0,0.0,0.0,0.0,3.8190049501921095,0.5899319727891144,2082.653535095389,0.0
SOC,Cell 3,1320.0,0.0,-0.25,-0.25,3.811930088773037,0.5621985815602863,958.2502728622921,-0.009999999778658423
SOC,Cell 4,1320.0,0.0,0.0,0.0,3.8372217771662873,0.6116498316498358,2082.654355459679,0.0
SOC,Cell 1,1330.0,0.0,0.25,0.25,3.829990252876728,0.6148611111111089,3141.4654948328853,0.009999999806326121
SOC,Cell 2,1330.0,0.0,0.0,0.0,3.8198951701178214,0.5899319727891144,2017.0250981252793,0.0
SOC,Cell 3,1330.0,0.0,-0.25,-0.25,3.813091531312404,0.5623463356974022,892.5901498141509,-0.009999999806326121
SOC,Cell 4,1330.0,0.0,0.0,0.0,3.838058964046148,0.6116498316498358,2017.0266547361098,0.0
SOC,Cell 1,1340.0,0.0,0.25,0.25,3.8306029154621717,0.61472222222222,3078.8785968407706,0.009999999830535357
SOC,Cell 2,1340.0,0.0,0.0,0.0,3.8207222041142286,0.5899319727891144,1954.4117286116343,0.0
SOC,Cell 3,1340.0,0.0,-0.25,-0.25,3.8141833303817365,0.5624940898345181,829.9405263436288,-0.009999999830535357
SOC,Cell 4,1340.0,0.0,0.0,0.0,3.8388362705027177,0.6116498316498358,1954.4105125225906,0.0
SOC,Cell 1,1350.0,0.0,0.25,0.25,3.8311639078942807,0.614583333333331,3018.997537423393,0.009999999851718438
SOC,Cell 2,1350.0,0.0,0.0,0.0,3.8214938957358413,0.5899319727891144,1894.4945992219727,0.0
SOC,Cell 3,1350.0,0.0,-0.25,-0.25,3.8152133793122456,0.562641843971634,770.0034296409699,-0.009999999851718438
SOC,Cell 4,1350.0,0.0,0.0,0.0,3.839561024012931,0.6116498316498358,1894.4969278932076,0.0
SOC,Cell 1,1360.0,0.0,0.25,0.25,3.83167892688913,0.6144444444444421,2961.583480811023,0.009999999870253634
SOC,Cell 2,1360.0,0.0,0.0,0.0,3.822215743908955,0.5899319727891144,1837.0545197001593,0.0
SOC,Cell 3,1360.0,0.0,-0.25,-0.25,3.816188206929821,0.5627895981087498,712.5335987997748,-0.009999999870253634
SOC,Cell 4,1360.0,0.0,0.0,0.0,3.840238725606749,0.6116498316498358,1837.0559965930734,0.0
SOC,Cell 1,1370.0,0.0,0.25,0.25,3.832153228769142,0.6143055555555532,2906.414537724139,0.00999999988647193
SOC,Cell 2,1370.0,0.0,0.0,0.0,3.8228933375894547,0.5899319727891144,1781.8640757265784,0.0
SOC,Cell 3,1370.0,0.0,-0.25,-0.25,3.8171136447675185,0.5629373522458657,657.3121467084034,-0.00999999988647193
SOC,Cell 4,1370.0,0.0,0.0,0.0,3.8408746833652474,0.6116498316498358,1781.862944918761,0.0
SOC,Cell 1,1380.0,0.0,0.25,0.25,3.832590474908685,0.6141666666666643,2853.3377384609576,0.009999999900662939
SOC,Cell 2,1380.0,0.0,0.0,0.0,3.823530639111947,0.5899319727891144,1728.765769134643,0.0
SOC,Cell 3,1380.0,0.0,-0.25,-0.25,3.817993903131154,0.5630851063829816,604.1840743203738,-0.009999999900662939
SOC,Cell 4,1380.0,0.0,0.0,0.0,3.841472620412892,0.6116498316498358,1728.7631274268279,0.0
SOC,Cell 1,1390.0,0.0,0.25,0.25,3.832994633368182,0.6140277777777754,2802.184680131446,0.009999999913080072
SOC,Cell 2,1390.0,0.0,0.0,0.0,3.824131846518109,0.5899319727891144,1677.5886517335166,0.0
SOC,Cell 3,1390.0,0.0,-0.25,-0.25,3.8188334496616085,0.5632328605200975,552.9829032518937,-0.009999999913080072
SOC,Cell 4,1390.0,0.0,0.0,0.0,3.8420365385549218,0.6116498316498358,1677.5865584925232,0.0
SOC,Cell 1,1400.0,0.0,0.25,0.25,3.833368893474809,0.6138888888888865,2752.820194377606,0.009999999923945064
SOC,Cell 2,1400.0,0.0,0.0,0.0,3.824700189714212,0.5899319727891144,1628.2031884507414,0.0
SOC,Cell 3,1400.0,0.0,-0.25,-0.25,3.8196359695424547,0.5633806146572133,503.5726211659471,-0.009999999923945064
SOC,Cell 4,1400.0,0.0,0.0,0.0,3.842569590400087,0.6116498316498358,1628.2004441354838,0.0
SOC,Cell 1,1410.0,0.0,0.25,0.25,3.8337161415015375,0.6137499999999976,2705.1213769196984,0.009999999933451931
SOC,Cell 2,1410.0,0.0,0.0,0.0,3.8252388429614927,0.5899319727891144,1580.4803075014097,0.0
SOC,Cell 3,1410.0,0.0,-0.25,-0.25,3.820404758401958,0.5635283687943292,455.83188087476424,-0.009999999933451931
SOC,Cell 4,1410.0,0.0,0.0,0.0,3.843074736404355,0.6116498316498358,1580.4790983836938,0.0
SOC,Cell 1,1420.0,0.0,0.25,0.25,3.834038656223552,0.6136111111111087,2658.9913451590683,0.00999999994177044
SOC,Cell 2,1420.0,0.0,0.0,0.0,3.825750133381016,0.5899319727891144,1534.3276619348471,0.0
SOC,Cell 3,1420.0,0.0,-0.25,-0.25,3.821142523591477,0.5636761229314451,409.6621541675456,-0.00999999994177044
SOC,Cell 4,1420.0,0.0,0.0,0.0,3.843554235703124,0.6116498316498358,1534.3278433632186,0.0
SOC,Cell 1,1430.0,0.0,0.25,0.25,3.834338482935643,0.6134722222222198,2614.3427102884034,0.009999999949049135
SOC,Cell 2,1430.0,0.0,0.0,0.0,3.826236232945935,0.5899319727891144,1489.6584319444082,0.0
SOC,Cell 3,1430.0,0.0,-0.25,-0.25,3.8218516607841626,0.563823877068561,364.9765948520378,-0.009999999949049135
SOC,Cell 4,1430.0,0.0,0.0,0.0,3.844010157161769,0.6116498316498358,1489.6595075974801,0.0
SOC,Cell 1,1440.0,0.0,0.25,0.25,3.8346172878025775,0.6133333333333308,2571.1040905022637,0.009999999955417994
SOC,Cell 2,1440.0,0.0,0.0,0.0,3.82669889139565,0.5899319727891144,1446.4036544275768,0.0
SOC,Cell 3,1440.0,0.0,-0.25,-0.25,3.822534182322274,0.5639716312056768,321.70299376079834,-0.009999999955417994
SOC,Cell 4,1440.0,0.0,0.0,0.0,3.8444441798391535,0.6116498316498358,1446.4038179927848,0.0
SOC,Cell 1,1450.0,0.0,0.25,0.25,3.8348765125378006,0.6131944444444419,2529.2133419871425,0.009999999960990744
SOC,Cell 2,1450.0,0.0,0.0,0.0,3.8271397867812667,0.5899319727891144,1404.4963347049015,0.0
SOC,Cell 3,1450.0,0.0,-0.25,-0.25,3.823191897148473,0.5641193853427927,279.7765140470692,-0.009999999960990744
SOC,Cell 4,1450.0,0.0,0.0,0.0,3.844857828905754,0.6116498316498358,1404.496545390215,0.0
SOC,Cell 1,1460.0,0.0,0.25,0.25,3.835117573341078,0.613055555555553,2488.608609126999,0.009999999965866901
SOC,Cell 2,1460.0,0.0,0.0,0.0,3.8275603795790873,0.5899319727891144,1363.878173710269,0.0
SOC,Cell 3,1460.0,0.0,-0.25,-0.25,3.8238265331105095,0.5642671394799086,239.13469835557953,-0.009999999965866901
SOC,Cell 4,1460.0,0.0,0.0,0.0,3.8452525265625077,0.6116498316498358,1363.8771563006558,0.0
SOC,Cell 1,1470.0,0.0,0.25,0.25,3.83534161076634,0.6129166666666641,2449.239706778677,0.009999999970133538
SOC,Cell 2,1470.0,0.0,0.0,0.0,3.8279619936269005,0.5899319727891144,1324.4960256510712,0.0
SOC,Cell 3,1470.0,0.0,-0.25,-0.25,3.82443945819471,0.5644148936170245,199.72869429211983,-0.009999999970133538
SOC,Cell 4,1470.0,0.0,0.0,0.0,3.845629477527485,0.6116498316498358,1324.4943363549864,0.0
SOC,Cell 1,1480.0,0.0,0.25,0.25,3.835549876299905,0.6127777777777752,2411.0506401855537,0.009999999973866846
SOC,Cell 2,1480.0,0.0,0.0,0.0,3.828346075088881,0.5899319727891144,1286.2897397129054,0.0
SOC,Cell 3,1480.0,0.0,-0.25,-0.25,3.825032202314751,0.5645626477541403,161.50242358565743,-0.009999999973866846
SOC,Cell 4,1480.0,0.0,0.0,0.0,3.8459900063159047,0.6116498316498358,1286.290007239004,0.0
SOC,Cell 1,1490.0,0.0,0.25,0.25,3.8357433248506467,0.6126388888888863,2373.998121344495,0.00999999997713349
SOC,Cell 2,1490.0,0.0,0.0,0.0,3.8287131908274707,0.5899319727891144,1249.2392434803405,0.0
SOC,Cell 3,1490.0,0.0,-0.25,-0.25,3.8256059463207146,0.5647104018912562,124.41268594897747,-0.00999999997713349
SOC,Cell 4,1490.0,0.0,0.0,0.0,3.8463348901219767,0.6116498316498358,1249.2311201872944,0.0
SOC,Cell 1,1500.0,0.0,0.25,0.25,3.8359222669024478,0.6124999999999974,2338.0674119363393,0.009999999979991804
SOC,Cell 2,1500.0,0.0,0.0,0.0,3.8290643780948437,0.5899319727891144,1213.3013171062048,0.0
SOC,Cell 3,1500.0,0.0,-0.25,-0.25,3.826161844544759,0.5648581560283721,88.41669793265828,-0.009999999979991804
SOC,Cell 4,1500.0,0.0,0.0,0.0,3.8466647546782005,0.6116498316498358,1213.2909265214512,0.0
SOC,Cell 1,1510.0,0.0,0.25,0.25,3.8360880578164167,0.6123611111111085,2303.1956813812167,0.00999999998249283
SOC,Cell 2,1510.0,0.0,0.0,0.0,3.8294010998430736,0.5899319727891144,1178.4115127793739,0.0
SOC,Cell 3,1510.0,0.0,-0.25,-0.25,3.8267009788143396,0.565005910165488,53.47383699753186,-0.00999999998249283
SOC,Cell 4,1510.0,0.0,0.0,0.0,3.846980990911013,0.6116498316498358,1178.4052438006947,0.0
SOC,Cell 1,1520.0,0.0,0.25,0.25,3.83624215729189,0.6122222222222196,2269.3146520583746,0.009999999984681226
SOC,Cell 2,1520.0,0.0,0.0,0.0,3.8297251375536105,0.5899319727891144,1144.4890638499273,0.0
SOC,Cell 3,1520.0,0.0,-0.25,-0.25,3.8272243476942798,0.5651536643026038,19.5455931922711,-0.009999999984681226
SOC,Cell 4,1520.0,0.0,0.0,0.0,3.8472851787338582,0.6116498316498358,1144.49981440981,0.0
SOC,Cell 1,1530.0,0.0,0.25,0.25,3.836384666413088,0.6120833333333306,2236.4172019308844,0.009999999986596073
SOC,Cell 2,1530.0,0.0,0.0,0.0,3.830034385296898,0.5899319727891144,1111.6364405712666,0.0
SOC,Cell 3,1530.0,0.0,-0.25,-0.25,3.8277327855128265,0.5653014184397197,-13.400002317169992,-0.009999999986596073
SOC,Cell 4,1530.0,0.0,0.0,0.0,3.8475764560128507,0.6116498316498358,1111.616530844749,0.0
SOC,Cell 1,1540.0,0.0,0.25,0.25,3.836514879533204,0.6119444444444417,2204.5323758448667,0.009999999988271564
SOC,Cell 2,1540.0,0.0,0.0,0.0,3.830331323351846,0.5899319727891144,1079.7379142102218,0.0
SOC,Cell 3,1540.0,0.0,-0.25,-0.25,3.8282271429363144,0.5654491725768356,-45.39694393689024,-0.009999999988271564
SOC,Cell 4,1540.0,0.0,0.0,0.0,3.8478555364779634,0.6116498316498358,1079.7210729888284,0.0
SOC,Cell 1,1550.0,0.0,0.25,0.25,3.836635092895432,0.6118055555555528,2173.5520271447094,0.009999999989737619
SOC,Cell 2,1550.0,0.0,0.0,0.0,3.8306175086528857,0.5899319727891144,1048.720268567573,0.0
SOC,Cell 3,1550.0,0.0,-0.25,-0.25,3.828708164414957,0.5655969267139515,-76.4753742674875,-0.009999999989737619
SOC,Cell 4,1550.0,0.0,0.0,0.0,3.8481243569766495,0.6116498316498358,1048.7195183948788,0.0
SOC,Cell 1,1560.0,0.0,0.25,0.25,3.836746980198967,0.6116666666666639,2143.395699531243,0.009999999991020418
SOC,Cell 2,1560.0,0.0,0.0,0.0,3.8308944033820183,0.5899319727891144,1018.513741903309,0.0
SOC,Cell 3,1560.0,0.0,-0.25,-0.25,3.8291765135901517,0.5657446808510673,-106.6626980360736,-0.009999999991020418
SOC,Cell 4,1560.0,0.0,0.0,0.0,3.8483847085724445,0.6116498316498358,1018.5239499742202,0.0
SOC,Cell 1,1570.0,0.0,0.0,0.0,3.836849800486384,0.611527777777775,2114.0926239234027,0.009999999992142865
SOC,Cell 2,1570.0,0.0,0.0,0.0,3.8311591784311494,0.5899319727891144,989.25305091669,0.0
SOC,Cell 3,1570.0,0.0,-0.25,-0.25,3.829632823350476,0.5658924349881832,-135.9859458832393,-0.009999999992142865
SOC,Cell 4,1570.0,0.0,0.25,0.25,3.8486342470356636,0.6116498316498358,989.2452533914875,0.0
SOC,Cell 1,1580.0,0.0,0.25,0.25,3.8383316860480856,0.611527777777775,2023.172342652095,0.008749999993125007
SOC,Cell 2,1580.0,0.0,0.0,0.0,3.8314144808936925,0.5899319727891144,960.8103507820852,0.0
SOC,Cell 3,1580.0,0.0,-0.25,-0.25,3.830077685735453,0.5660401891252991,-164.4708555098698,-0.009999999993125007
SOC,Cell 4,1580.0,0.0,0.0,0.0,3.847484130255206,0.6115095398428773,1023.3107563417325,0.00125
SOC,Cell 1,1590.0,0.0,0.0,0.0,3.838260650297932,0.6113888888888861,1999.0084273107398,0.00890624999398438
SOC,Cell 2,1590.0,0.0,0.0,0.0,3.83166127757032,0.5899319727891144,933.1372031840219,0.0
SOC,Cell 3,1590.0,0.0,-0.25,-0.25,3.830511640234991,0.566187943262415,-192.1417212310639,-0.00999999999398438
SOC,Cell 4,1590.0,0.0,0.25,0.25,3.847872500878826,0.6115095398428773,992.1815876775331,0.00109375
SOC,Cell 1,1600.0,0.0,0.25,0.25,3.8395912337476297,0.6113888888888861,1912.885017748733,0.007792968744736333
SOC,Cell 2,1600.0,0.0,0.0,0.0,3.8319000894183657,0.5899319727891144,906.2060752721882,0.0
SOC,Cell 3,1600.0,0.0,-0.25,-0.25,3.8309351889959444,0.5663356973995308,-219.02173250886017,-0.009999999994736332
SOC,Cell 4,1600.0,0.0,0.0,0.0,3.8468440271146953,0.6113692480359187,1024.46884927293,0.0022070312500000002
SOC,Cell 1,1610.0,0.0,0.0,0.0,3.839386367039926,0.6112499999999972,1893.306672592521,0.008068847651644291
SOC,Cell 2,1610.0,0.0,0.0,0.0,3.8321298398446073,0.5899319727891144,880.0664777254678,0.0
SOC,Cell 3,1610.0,0.0,-0.25,-0.25,3.8313488014443338,0.5664834515366467,-245.133181646494,-0.00999999999539429
SOC,Cell 4,1610.0,0.0,0.25,0.25,3.847336397066941,0.6113692480359187,991.763007304058,0.0019311523437500003
SOC,Cell 1,1620.0,0.0,0.25,0.25,3.8405973566247558,0.6112499999999972,1811.6174760756658,0.007060241695188755
SOC,Cell 2,1620.0,0.0,0.0,0.0,3.8323516458666034,0.5899319727891144,854.6609062844145,0.0
SOC,Cell 3,1620.0,0.0,-0.25,-0.25,3.8317529385106868,0.5666312056737626,-270.4985865961155,-0.009999999995970003
SOC,Cell 4,1620.0,0.0,0.0,0.0,3.846396590513113,0.6112289562289602,1022.6555986588012,0.0029397583007812504
SOC,Cell 1,1630.0,0.0,0.0,0.0,3.840286588495618,0.6111111111111083,1796.270060420583,0.0074277114832901605
SOC,Cell 2,1630.0,0.0,0.0,0.0,3.8325657445524683,0.5899319727891144,829.9740442881957,0.0
SOC,Cell 3,1630.0,0.0,-0.25,-0.25,3.8321480455662384,0.5667789598108784,-295.14024978139605,-0.009999999996473753
SOC,Cell 4,1630.0,0.0,0.25,0.25,3.846965998795065,0.6112289562289602,988.6371468298214,0.002572288513183594
SOC,Cell 1,1640.0,0.0,0.25,0.25,3.841404004652696,0.6111111111111083,1718.6045150337086,0.00649924754787889
SOC,Cell 2,1640.0,0.0,0.0,0.0,3.8327724169501147,0.5899319727891144,805.9884878159901,0.0
SOC,Cell 3,1640.0,0.0,-0.25,-0.25,3.8325345636112305,0.5669267139479943,-319.0807327088987,-0.009999999996914534
SOC,Cell 4,1640.0,0.0,0.0,0.0,3.846092212936156,0.6110886644220017,1018.3394348708608,0.003500752449035645
SOC,Cell 1,1650.0,0.0,0.0,0.0,3.841010152682833,0.6109722222222194,1707.1008181514212,0.006936841604394029
SOC,Cell 2,1650.0,0.0,0.0,0.0,3.832971991064669,0.5899319727891144,782.6846454330771,0.0
SOC,Cell 3,1650.0,0.0,-0.25,-0.25,3.832912695361119,0.5670744680851102,-342.3323270217761,-0.009999999997300217
SOC,Cell 4,1650.0,0.0,0.25,0.25,3.8467182057391205,0.6110886644220017,983.237529410366,0.003063158392906189
SOC,Cell 1,1660.0,0.0,0.25,0.25,3.8420537133176493,0.6109722222222194,1633.1074278194733,0.006069736403844775
SOC,Cell 2,1660.0,0.0,0.0,0.0,3.8331645548883606,0.5899319727891144,760.053484060034,0.0
SOC,Cell 3,1660.0,0.0,-0.25,-0.25,3.833282882861622,0.5672222222222261,-364.9183915575343,-0.00999999999763769
SOC,Cell 4,1660.0,0.0,0.0,0.0,3.8458926861049356,0.6109483726150432,1011.9610902531626,0.003930263593792916
SOC,Cell 1,1670.0,0.0,0.0,0.0,3.8415938815849615,0.6108333333333305,1625.1230831091902,0.006561019353364179
SOC,Cell 2,1670.0,0.0,0.0,0.0,3.833350237747817,0.5899319727891144,738.0841377722536,0.0
SOC,Cell 3,1670.0,0.0,-0.25,-0.25,3.8336455069682414,0.5673699763593419,-386.85986332991433,-0.009999999997932978
SOC,Cell 4,1670.0,0.0,0.25,0.25,3.8465594423093226,0.6109483726150432,975.9901811012728,0.0034389806445688014
SOC,Cell 1,1680.0,0.0,0.25,0.25,3.8425783011542007,0.6108333333333305,1554.5068896246714,0.005740891934193656
SOC,Cell 2,1680.0,0.0,0.0,0.0,3.8335294290605946,0.5899319727891144,716.7527781564677,0.0
SOC,Cell 3,1680.0,0.0,-0.25,-0.25,3.8340009438010143,0.5675177304964578,-408.1777398036377,-0.009999999998191357
SOC,Cell 4,1680.0,0.0,0.0,0.0,3.8457682682763976,0.6108080808080847,1003.9412174872748,0.004259108063997701
SOC,Cell 1,1690.0,0.0,0.0,0.0,3.8420657932609044,0.6106944444444415,1549.7428516209957,0.006273280442419449
SOC,Cell 2,1690.0,0.0,0.0,0.0,3.833702520215081,0.5899319727891144,696.0353509578381,0.0
SOC,Cell 3,1690.0,0.0,-0.25,-0.25,3.834349471591192,0.5676654846335737,-428.8889029035647,-0.009999999998417438
SOC,Cell 4,1690.0,0.0,0.25,0.25,3.8464642320164963,0.6108080808080847,967.2654909678058,0.003726719555997989
SOC,Cell 1,1700.0,0.0,0.25,0.25,3.8430033744913104,0.6106944444444415,1482.1915146886977,0.005489120387117018
SOC,Cell 2,1700.0,0.0,0.0,0.0,3.8338697146003082,0.5899319727891144,675.9170075810325,0.0
SOC,Cell 3,1700.0,0.0,-0.25,-0.25,3.834691172312864,0.5678132387706896,-449.0016869256399,-0.009999999998615259
SOC,Cell 4,1700.0,0.0,0.0,0.0,3.845697784455495,0.6106677890011262,994.5767057284747,0.00451087961149824
SOC,Cell 1,1710.0,0.0,0.0,0.0,3.8424489297367566,0.6105555555555526,1480.3566351166346,0.006052980338727391
SOC,Cell 2,1710.0,0.0,0.0,0.0,3.834031366815818,0.5899319727891144,656.3754305474868,0.0
SOC,Cell 3,1710.0,0.0,-0.25,-0.25,3.83502647114801,0.5679609929078054,-468.5398262297067,-0.009999999998788351
SOC,Cell 4,1710.0,0.0,0.25,0.25,3.8464143892198748,0.6106677890011262,957.3322810369607,0.00394701966006096
SOC,Cell 1,1720.0,0.0,0.25,0.25,3.84334907068301,0.6105555555555526,1415.5973317484497,0.005296357796386467
SOC,Cell 2,1720.0,0.0,0.0,0.0,3.834187545900211,0.5899319727891144,637.4011668953681,0.0
SOC,Cell 3,1720.0,0.0,-0.25,-0.25,3.835355656067967,0.5681087470449213,-487.52106873879916,-0.009999999998939807
SOC,Cell 4,1720.0,0.0,0.0,0.0,3.84566519563698,0.6105274971941677,984.1331033282293,0.0047036422025533405
SOC,Cell 1,1730.0,0.0,0.0,0.0,3.842760884173901,0.6104166666666637,1416.4359856500046,0.005884313071838159
SOC,Cell 2,1730.0,0.0,0.0,0.0,3.8343385346586927,0.5899319727891144,618.9748653593815,0.0
SOC,Cell 3,1730.0,0.0,-0.25,-0.25,3.835679016825428,0.5682565011820372,-505.96331204656553,-0.00999999999907233
SOC,Cell 4,1730.0,0.0,0.25,0.25,3.846395883021946,0.6105274971941677,946.443706237882,0.004115686927234173
SOC,Cell 1,1740.0,0.0,0.25,0.25,3.843630605323788,0.6104166666666637,1354.23441988468,0.005148773937858389
SOC,Cell 2,1740.0,0.0,0.0,0.0,3.8344846948135034,0.5899319727891144,601.073421943147,0.0
SOC,Cell 3,1740.0,0.0,-0.25,-0.25,3.835996650851394,0.5684042553191531,-523.8763809020609,-0.00999999999918829
SOC,Cell 4,1740.0,0.0,0.0,0.0,3.845658202407379,0.6103872053872091,972.8517925171702,0.004851226061329901
SOC,Cell 1,1750.0,0.0,0.0,0.0,3.843015318207563,0.6102777777777748,1357.5034355270009,0.00575517719562609
SOC,Cell 2,1750.0,0.0,0.0,0.0,3.8346263524462123,0.5899319727891144,583.6752224223274,0.0
SOC,Cell 3,1750.0,0.0,-0.25,-0.25,3.8363087713235107,0.5685520094562689,-541.2749812303434,-0.009999999999289754
SOC,Cell 4,1750.0,0.0,0.25,0.25,3.846398471667706,0.6103872053872091,934.8048296148933,0.004244822803663664
SOC,Cell 1,1760.0,0.0,0.25,0.25,3.8438608394050906,0.6102777777777748,1297.613319767544,0.005035780046172829
SOC,Cell 2,1760.0,0.0,0.0,0.0,3.8347633902692673,0.5899319727891144,566.779761228634,0.0
SOC,Cell 3,1760.0,0.0,-0.25,-0.25,3.8366156313132835,0.5686997635933848,-558.1754811493965,-0.009999999999378536
SOC,Cell 4,1760.0,0.0,0.0,0.0,3.8456684923377376,0.6102469135802506,960.8990211512623,0.004964219953205706
SOC,Cell 1,1770.0,0.0,0.0,0.0,3.843223459369349,0.6101388888888859,1303.1019373089807,0.005656307540401225
SOC,Cell 2,1770.0,0.0,0.0,0.0,3.8348960967996755,0.5899319727891144,550.3671260301599,0.0
SOC,Cell 3,1770.0,0.0,-0.25,-0.25,3.836917430280849,0.5688475177305007,-574.5919324037163,-0.009999999999456218
SOC,Cell 4,1770.0,0.0,0.25,0.25,3.8464145587635348,0.6102469135802506,922.592441349253,0.0043436924590549925
SOC,Cell 1,1780.0,0.0,0.25,0.25,3.8440487751146395,0.6101388888888859,1245.3422829487681,0.004949269097851072
SOC,Cell 2,1780.0,0.0,0.0,0.0,3.835024631465923,0.5899319727891144,534.4235436188756,0.0
SOC,Cell 3,1780.0,0.0,-0.25,-0.25,3.8372143580749323,0.5689952718676166,-590.537925240943,-0.009999999999524192
SOC,Cell 4,1780.0,0.0,0.0,0.0,3.845688859111706,0.6101066217732921,948.4708209804512,0.005050730901673118
SOC,Cell 1,1790.0,0.0,0.0,0.0,3.843393178885074,0.609999999999997,1252.8617129923487,0.005580610460619688
SOC,Cell 2,1790.0,0.0,0.0,0.0,3.8351491026061666,0.5899319727891144,518.9376841304729,0.0
SOC,Cell 3,1790.0,0.0,-0.25,-0.25,3.837506565044439,0.5691430260047324,-606.0257504090252,-0.009999999999583668
SOC,Cell 4,1790.0,0.0,0.25,0.25,3.846438033862097,0.6101066217732921,909.9824442842603,0.004419389538963979
SOC,Cell 1,1800.0,0.0,0.25,0.25,3.844201830002841,0.609999999999997,1197.0480038415335,0.004883034153042227
SOC,Cell 2,1800.0,0.0,0.0,0.0,3.8352696299886397,0.5899319727891144,503.8978604204167,0.0
SOC,Cell 3,1800.0,0.0,-0.25,-0.25,3.8377941971342615,0.5692907801418483,-621.0673501698348,-0.00999999999963571
SOC,Cell 4,1800.0,0.0,0.0,0.0,3.8457142907243145,0.6099663299663336,935.717846109599,0.005116965846593481
SOC,Cell 1,1800.0000000000002,1.25,0.25,1.5,3.8137015290383727,0.609999999999997,1197.0480038415342,-0.025617266811426037
SOC,Cell 2,1800.0000000000002,1.25,0.0,1.25,3.805035214265371,0.5899319727891144,503.8978604204167,-0.030234415723268883
SOC,Cell 3,1800.0000000000002,1.25,-0.25,1.0,3.807688074036811,0.5692907801418483,-621.0673501698348,-0.04010612309708608
SOC,Cell 4,1800.0000000000002,1.25,0.0,1.25,3.815364708855918,0.6099663299663336,935.7178461095984,-0.02523261602180296
SOC,Cell 1,1810.0,1.25,0.0,1.25,3.808345540138841,0.6091666666666636,1392.138549859233,-0.024954664563936198
SOC,Cell 2,1810.0,1.25,0.0,1.25,3.8009648638602913,0.589223356009069,674.9981880066298,-0.03022151692621455
SOC,Cell 3,1810.0,1.25,-0.25,1.0,3.803287684499743,0.5686997635933849,-449.96729729954245,-0.04010274493389014
SOC,Cell 4,1810.0,1.25,0.25,1.5,3.811860520965216,0.6092648709315412,1082.8274085296302,-0.025854393708770535
SOC,Cell 1,1820.0,1.25,0.25,1.5,3.8063126971648145,0.6084722222222192,1452.9058039982258,-0.02563368662344911
SOC,Cell 2,1820.0,1.25,0.0,1.25,3.79840480204253,0.5885147392290238,775.6077073433407,-0.030215357982393255
SOC,Cell 3,1820.0,1.25,-0.25,1.0,3.800544320784407,0.5681087470449215,-349.35864030962216,-0.04010146656223983
SOC,Cell 4,1820.0,1.25,0.0,1.25,3.8084852395065933,0.6084231200897904,1223.2791688069876,-0.025155374755154503
SOC,Cell 1,1830.0,1.25,0.0,1.25,3.803440089730725,0.6076388888888858,1549.9986407696929,-0.0249787107255435
SOC,Cell 2,1830.0,1.25,0.0,1.25,3.796436498786605,0.5878061224489785,847.8288267689932,-0.030210487051240343
SOC,Cell 3,1830.0,1.25,-0.25,1.0,3.7984714207788124,0.5675177304964582,-277.1410217820303,-0.04010052703581542
SOC,Cell 4,1830.0,1.25,0.25,1.5,3.807179640308103,0.607721661054998,1270.6295731678247,-0.025794428362501818
SOC,Cell 1,1840.0,1.25,0.25,1.5,3.8023683674069213,0.6069444444444414,1568.339376412045,-0.025655628871008182
SOC,Cell 2,1840.0,1.25,0.0,1.25,3.7947782144147686,0.5870975056689332,905.1749453202901,-0.030206264969380336
SOC,Cell 3,1840.0,1.25,-0.25,1.0,3.796750923261963,0.5669267139479948,-219.80104623788793,-0.040099764090718124
SOC,Cell 4,1840.0,1.25,0.0,1.25,3.804713043685778,0.6068799102132472,1366.9888183663454,-0.02510363120749125
SOC,Cell 1,1850.0,1.25,0.0,1.25,3.800032826611451,0.606111111111108,1641.9276954636005,-0.02499768238421329
SOC,Cell 2,1850.0,1.25,0.0,1.25,3.793316462086293,0.5863888888888878,953.1016045160177,-0.030202460479245057
SOC,Cell 3,1850.0,1.25,-0.25,1.0,3.79525413356012,0.5663356973995314,-171.87782006167663,-0.04009912108563386
SOC,Cell 4,1850.0,1.25,0.25,1.5,3.8039190639966027,0.6061784511784548,1389.2609746414241,-0.02574900468542729
SOC,Cell 1,1860.0,1.25,0.25,1.5,3.7993079427188623,0.6054166666666636,1645.3346376455488,-0.02567157302513858
SOC,Cell 2,1860.0,1.25,0.0,1.25,3.7919846522475176,0.5856802721088425,994.7840780531333,-0.030198936238736467
SOC,Cell 3,1860.0,1.25,-0.25,1.0,3.793905441929601,0.565744680851068,-130.1888996725006,-0.04009856638205592
SOC,Cell 4,1860.0,1.25,0.0,1.25,3.80178394410334,0.605336700336704,1469.2086181219574,-0.025063407222974312
SOC,Cell 1,1870.0,1.25,0.0,1.25,3.797211540754409,0.6045833333333303,1708.8369969859764,-0.025010755687198582
SOC,Cell 2,1870.0,1.25,0.0,1.25,3.7907470417309206,0.5849716553287972,1031.9314283368512,-0.030195623673207654
SOC,Cell 3,1870.0,1.25,-0.25,1.0,3.7926646991484776,0.5651536643026046,-93.04076675202987,-0.040098084329742247
SOC,Cell 4,1870.0,1.25,0.25,1.5,3.80121896377915,0.6046352413019116,1479.9975016193246,-0.025713161146927573
SOC,Cell 1,1880.0,1.25,0.25,1.5,3.7966667071953526,0.6038888888888858,1704.818467002438,-0.025682040426326942
SOC,Cell 2,1880.0,1.25,0.0,1.25,3.7895834091384777,0.584263038548752,1065.5147018641583,-0.03019248186109421
SOC,Cell 3,1880.0,1.25,-0.25,1.0,3.791509024769581,0.5645626477541412,-59.463667483636755,-0.04009766469152729
SOC,Cell 4,1880.0,1.25,0.0,1.25,3.799256408423124,0.6037934904601607,1551.1903103769805,-0.025031326214987965
SOC,Cell 1,1890.0,1.25,0.0,1.25,3.7947136722686357,0.6030555555555525,1762.5254992385755,-0.025018894528180347
SOC,Cell 2,1890.0,1.25,0.0,1.25,3.788479038213769,0.5835544217687066,1096.2362819965747,-0.030189479418306662
SOC,Cell 3,1890.0,1.25,-0.25,1.0,3.7904215081311423,0.5639716312056778,-28.74501714319831,-0.040097299857968005
SOC,Cell 4,1890.0,1.25,0.25,1.5,3.7988287093597264,0.6030920314253684,1554.9310086077799,-0.0256843360239971
SOC,Cell 1,1900.0,1.25,0.25,1.5,3.79428474789756,0.602361111111108,1753.919359918411,-0.025688107221129325
SOC,Cell 2,1900.0,1.25,0.0,1.25,3.787422285393833,0.5828458049886613,1124.6474733741525,-0.030186592574164263
SOC,Cell 3,1900.0,1.25,-0.25,1.0,3.789388967948412,0.5633806146572145,-0.3332317527338091,-0.04009698458808454
SOC,Cell 4,1900.0,1.25,0.0,1.25,3.796976852879236,0.6022502805836175,1620.3584885679763,-0.025005324552282215
SOC,Cell 1,1910.0,1.25,0.0,1.25,3.792426691055107,0.6015277777777747,1807.9548604562133,-0.02502312625190306
SOC,Cell 2,1910.0,1.25,0.0,1.25,3.78640477042435,0.582137188208616,1151.1442054443178,-0.030183804579003107
SOC,Cell 3,1910.0,1.25,-0.25,1.0,3.7884020298141237,0.5627895981087511,26.163549246254206,-0.04009671520387797
SOC,Cell 4,1910.0,1.25,0.25,1.5,3.796639544897914,0.6015488215488252,1619.3149223022222,-0.02566078964842575
SOC,Cell 1,1920.0,1.25,0.25,1.5,3.7920776877459716,0.6008333333333302,1796.328358678293,-0.025690723276630134
SOC,Cell 2,1920.0,1.25,0.0,1.25,3.7854205058417802,0.5814285714285707,1176.0089948797395,-0.030181103300627822
SOC,Cell 3,1920.0,1.25,-0.25,1.0,3.7874539008662045,0.5621985815602877,51.02892691218199,-0.040096488966299755
SOC,Cell 4,1920.0,1.25,0.0,1.25,3.794863411241372,0.6007070707070743,1680.6693337483957,-0.02498392059068296
SOC,Cell 1,1930.0,1.25,0.0,1.25,3.79028849171092,0.5999999999999969,1847.8120971044846,-0.025024325388324803
SOC,Cell 2,1930.0,1.25,0.0,1.25,3.7844649599559066,0.5807199546485254,1199.4547887828194,-0.030178479235616243
SOC,Cell 3,1930.0,1.25,-0.25,1.0,3.786539524084688,0.5616075650118243,74.47357839716642,-0.04009630373876422
SOC,Cell 4,1930.0,1.25,0.25,1.5,3.7945910119991084,0.600005611672282,1676.0785009238025,-0.025641259499447754
SOC,Cell 1,1940.0,1.25,0.25,1.5,3.789999583511209,0.5993055555555524,1833.9979199262657,-0.025690682350770492
SOC,Cell 2,1940.0,1.25,0.0,1.25,3.7835343337978475,0.5800113378684801,1221.6584678612817,-0.030175924623053733
SOC,Cell 3,1940.0,1.25,-0.25,1.0,3.785654602525196,0.5610165484633609,96.67492010464503,-0.040096157894975365
SOC,Cell 4,1940.0,1.25,0.0,1.25,3.7928711931602432,0.5991638608305311,1734.303751483822,-0.02496603152499488
SOC,Cell 1,1950.0,1.25,0.25,1.5,3.788263296764047,0.5984722222222191,1883.5873741210562,-0.025023201358753612
SOC,Cell 2,1950.0,1.25,0.0,1.25,3.782625462139057,0.5793027210884348,1242.7660673050596,-0.03017343328623263
SOC,Cell 3,1950.0,1.25,-0.25,1.0,3.784795541853111,0.5604255319148975,117.78011256460763,-0.04009605023931181
SOC,Cell 4,1950.0,1.25,0.0,1.25,3.792647956312276,0.5984624017957387,1726.9317734362082,-0.025624809483369135
SOC,Cell 1,1960.0,1.25,0.0,1.25,3.7866324633176927,0.5976388888888857,1930.6169145161243,-0.024438614309549703
SOC,Cell 2,1960.0,1.25,0.0,1.25,3.7817357325186114,0.5785941043083895,1262.8969356325106,-0.030171000285942322
SOC,Cell 3,1960.0,1.25,-0.25,1.0,3.783959351149527,0.5598345153664341,137.91053412638757,-0.04009597988488436
SOC,Cell 4,1960.0,1.25,0.25,1.5,3.792361663385873,0.5977609427609464,1720.1644302921954,-0.026200845226010974
SOC,Cell 1,1970.0,1.25,0.25,1.5,3.786483183892589,0.5969444444444413,1912.7781628074235,-0.02517656201487202
SOC,Cell 2,1970.0,1.25,0.0,1.25,3.780862844662444,0.5778854875283442,1282.1548456453602,-0.03016862153237596
SOC,Cell 3,1970.0,1.25,-0.25,1.0,3.783143468307878,0.5592434988179708,157.16912326377587,-0.040095946185533
SOC,Cell 4,1970.0,1.25,0.0,1.25,3.7906300596975555,0.5969191919191955,1776.5179992233186,-0.025454484374320928
SOC,Cell 1,1980.0,1.25,0.0,1.25,3.7848703353044506,0.5961111111111079,1958.7118107626166,-0.024571730623514622
SOC,Cell 2,1980.0,1.25,0.0,1.25,3.7800049193390963,0.5771768707482989,1300.6235648845977,-0.03016629378779753
SOC,Cell 3,1980.0,1.25,-0.25,1.0,3.7823458517463413,0.5586524822695074,175.63704029148812,-0.0400959486613209
SOC,Cell 4,1980.0,1.25,0.25,1.5,3.7903971269980605,0.5962177328844032,1767.5219244198943,-0.02605102976485337
SOC,Cell 1,1990.0,1.25,0.25,1.5,3.784737988082617,0.5954166666666635,1939.8949445032877,-0.025291971532514754
SOC,Cell 2,1990.0,1.25,0.0,1.25,3.7791604523757685,0.5764682539682536,1318.369222118643,-0.030164014590201387
SOC,Cell 3,1990.0,1.25,-0.25,1.0,3.7815647126147613,0.558061465721044,193.38458290982953,-0.04009598697329253
SOC,Cell 4,1990.0,1.25,0.0,1.25,3.788712935025495,0.5953759820426523,1821.8276899142033,-0.02532262204428372
SOC,Cell 1,2000.0,1.25,0.0,1.25,3.7831411256789202,0.5945833333333301,1984.9507125953226,-0.02467165397670821
SOC,Cell 2,2000.0,1.25,0.0,1.25,3.7783280085266524,0.5757596371882083,1335.4540610645527,-0.03016178168744396
SOC,Cell 3,2000.0,1.25,-0.25,1.0,3.7807986107275724,0.5574704491725806,210.46755705145688,-0.040096060866821916
SOC,Cell 4,2000.0,1.25,0.25,1.5,3.7885222000210086,0.59467452300786,1810.9427761773443,-0.025934883898786103
SOC,Cell 1,2010.0,1.25,0.25,1.5,3.783024177599189,0.5938888888888857,1965.3285792269148,-0.025378352881427833
SOC,Cell 2,2010.0,1.25,0.0,1.25,3.7775066924468956,0.575051020408163,1351.9159503878655,-0.030159593758374282
SOC,Cell 3,2010.0,1.25,-0.25,1.0,3.7800463843275134,0.5568794326241172,226.93025782424775,-0.04009617014810404
SOC,Cell 4,2010.0,1.25,0.0,1.25,3.786875879856522,0.5938327721661091,1863.4881209495502,-0.02522023638270783
SOC,Cell 1,2020.0,1.25,0.0,1.25,3.7814421192241783,0.5930555555555523,2009.6428576816406,-0.024746194631414396
SOC,Cell 2,2020.0,1.25,0.0,1.25,3.7766952510470624,0.5743424036281177,1367.807990230729,-0.030157449095168737
SOC,Cell 3,2020.0,1.25,-0.25,1.0,3.779306784355963,0.5562884160756538,242.82007983848143,-0.040096314741445274
SOC,Cell 4,2020.0,1.25,0.25,1.5,3.7867191357315195,0.5931313131313167,1850.9599216485112,-0.02584454683469997
SOC,Cell 1,2030.0,1.25,0.25,1.5,3.7813394312090916,0.5923611111111079,1989.3324534753092,-0.025442541691134822
SOC,Cell 2,2030.0,1.25,0.0,1.25,3.775893080498227,0.5736337868480724,1383.154424611861,-0.030155346936604016
SOC,Cell 3,2030.0,1.25,-0.25,1.0,3.7785790238323225,0.5556973995271904,258.16586897627576,-0.04009649453519777
SOC,Cell 4,2030.0,1.25,0.0,1.25,3.7851034105633246,0.5922895622895659,1901.9647670032614,-0.025140450467401033
SOC,Cell 1,2040.0,1.25,0.0,1.25,3.779771195952628,0.5915277777777745,2032.999980840407,-0.024801334822454203
SOC,Cell 2,2040.0,1.25,0.0,1.25,3.775099153001466,0.5729251700680271,1397.9979439016643,-0.030153286074599033
SOC,Cell 3,2040.0,1.25,-0.25,1.0,3.7778620306975186,0.555106382978727,273.00772010889204,-0.040096709566289086
SOC,Cell 4,2040.0,1.25,0.25,1.5,3.7849743016095796,0.5915881032547735,1887.9858993256428,-0.025774002105476857
SOC,Cell 1,2050.0,1.25,0.25,1.5,3.7796817442634563,0.5908333333333301,2012.0854946615532,-0.025489773256012718
SOC,Cell 2,2050.0,1.25,0.0,1.25,3.774312918270268,0.5722165532879818,1412.360044376761,-0.030151265951418055
SOC,Cell 3,2050.0,1.25,-0.25,1.0,3.777155154050388,0.5545153664302637,287.3688899209317,-0.040096959804544245
SOC,Cell 4,2050.0,1.25,0.0,1.25,3.783383452782235,0.5907463524130226,1937.6268483989622,-0.025078000555756423
SOC,Cell 1,2060.0,1.25,0.0,1.25,3.7781263312557183,0.5899999999999967,2055.178616417922,-0.024841655819445547
SOC,Cell 2,2060.0,1.25,0.0,1.25,3.773533618565036,0.5715079365079365,1426.2715152664932,-0.03014928579464481
SOC,Cell 3,2060.0,1.25,-0.25,1.0,3.7764575772482023,0.5539243498818003,301.27948637527584,-0.04009724532182564
SOC,Cell 4,2060.0,1.25,0.25,1.5,3.7832768838078086,0.5900448933782303,1922.3569184097996,-0.025718644288458655
SOC,Cell 1,2070.0,1.25,0.25,1.5,3.7780491693143547,0.5893055555555523,2033.7209266295204,-0.025524056722398977
SOC,Cell 2,2070.0,1.25,0.0,1.25,3.7727607324989196,0.5707993197278912,1439.7525904982722,-0.030147345171543796
SOC,Cell 3,2070.0,1.25,-0.25,1.0,3.7757687217848854,0.5533333333333369,314.76006384761195,-0.04009756615100016
SOC,Cell 4,2070.0,1.25,0.0,1.25,3.781706381319728,0.5892031425364794,1970.7779673655127,-0.02502885731492095
SOC,Cell 1,2080.0,1.25,0.0,1.25,3.776505590184281,0.588472222222219,2076.2949951016585,-0.02487066592394564
SOC,Cell 2,2080.0,1.25,0.0,1.25,3.771993707719875,0.5700907029478459,1452.8252626489339,-0.0301454436067265
SOC,Cell 3,2080.0,1.25,-0.25,1.0,3.7750879904229566,0.5527423167848735,327.8323910633601,-0.040097922366189975
SOC,Cell 4,2080.0,1.25,0.25,1.5,3.7816182804576695,0.5885016835016871,1954.3490241020122,-0.02567494803381909
SOC,Cell 1,2090.0,1.25,0.25,1.5,3.776439817129915,0.5877777777777745,2054.3391688365427,-0.025548462158077406
SOC,Cell 2,2090.0,1.25,0.0,1.25,3.771232104939665,0.5693820861678006,1465.506547862904,-0.030143580795586176
SOC,Cell 3,2090.0,1.25,-0.25,1.0,3.7744149090460755,0.5521513002364101,340.5133440970021,-0.04009831402249283
SOC,Cell 4,2090.0,1.25,0.0,1.25,3.780064540612617,0.5876599326599362,2001.6679381171182,-0.02498993639268922
SOC,Cell 1,2100.0,1.25,0.0,1.25,3.7749071862480545,0.5869444444444412,2096.4335282428992,-0.02489105183969513
SOC,Cell 2,2100.0,1.25,0.0,1.25,3.77047549608279,0.5686734693877553,1477.813314235671,-0.03014175644321885
SOC,Cell 3,2100.0,1.25,-0.25,1.0,3.773749008925187,0.5515602836879467,352.82003708967136,-0.040098741198160946
SOC,Cell 4,2100.0,1.25,0.25,1.5,3.7799916995342744,0.5869584736251439,1984.1877512367805,-0.025640214855132504
SOC,Cell 1,2110.0,1.25,0.25,1.5,3.7748519229671245,0.5862499999999967,2074.0145062267466,-0.025565340577655093
SOC,Cell 2,2110.0,1.25,0.0,1.25,3.769723528399741,0.56796485260771,1489.759362729852,-0.03013997034548566
SOC,Cell 3,2110.0,1.25,-0.25,1.0,3.773089925285845,0.5509692671394834,364.7656193372395,-0.040099203945423385
SOC,Cell 4,2110.0,1.25,0.0,1.25,3.778451877955511,0.586116722783393,2030.5019711451462,-0.024958876859905933
SOC,Cell 1,2120.0,1.25,0.25,1.5,3.77332944161652,0.5854166666666634,2115.6570358900817,-0.02490487101296396
SOC,Cell 2,2120.0,1.25,0.0,1.25,3.7689758183090722,0.5672562358276647,1501.3599912134523,-0.030138222279560412
SOC,Cell 3,2120.0,1.25,-0.25,1.0,3.7724371999394,0.55037825059102,376.36722414284714,-0.04009970238195363
SOC,Cell 4,2120.0,1.25,0.0,1.25,3.77839173382489,0.5854152637486006,2012.0607347899318,-0.025612379141394664
SOC,Cell 1,2130.0,1.25,0.0,1.25,3.7718951103973204,0.58458333333333,2155.294896972786,-0.02432649284005549
SOC,Cell 2,2130.0,1.25,0.0,1.25,3.7682320587502582,0.5665476190476194,1512.6274937216658,-0.030136512099827383
SOC,Cell 3,2130.0,1.25,-0.25,1.0,3.7717905729134475,0.5497872340425566,387.63446549325477,-0.040100236544694454
SOC,Cell 4,2130.0,1.25,0.25,1.5,3.7782537670473357,0.5847138047138083,1994.9558239195337,-0.02618387134027178
SOC,Cell 1,2140.0,1.25,0.25,1.5,3.7719271239914414,0.5838888888888856,2130.5363810837484,-0.02506994929491491
SOC,Cell 2,2140.0,1.25,0.0,1.25,3.767492038917947,0.5658390022675741,1523.570369415589,-0.030134839745523074
SOC,Cell 3,2140.0,1.25,-0.25,1.0,3.7711498174470304,0.5491962174940932,398.57594711008187,-0.040100806460954784
SOC,Cell 4,2140.0,1.25,0.0,1.25,3.7766577025007115,0.5838720538720574,2041.6030009372994,-0.025433609552574635
SOC,Cell 1,2150.0,1.25,0.0,1.25,3.7704822645527085,0.5830555555555522,2169.9468000993347,-0.02447001622978742
SOC,Cell 2,2150.0,1.25,0.0,1.25,3.76675551487664,0.5651303854875288,1534.1987331007585,-0.030133205124285925
SOC,Cell 3,2150.0,1.25,-0.25,1.0,3.770514567024542,0.5486052009456298,409.2059399856994,-0.040101412247040134
SOC,Cell 4,2150.0,1.25,0.25,1.5,3.776549112977622,0.5831705948372651,2023.4510599247674,-0.026026817843595132
SOC,Cell 1,2160.0,1.25,0.25,1.5,3.770505978424536,0.5823611111111078,2144.9516713828293,-0.025194622367398573
SOC,Cell 2,2160.0,1.25,0.0,1.25,3.7660221089591905,0.5644217687074835,1544.5284138803981,-0.03013160804018151
SOC,Cell 3,2160.0,1.25,-0.25,1.0,3.7698845558074616,0.5480141843971664,419.53509020103525,-0.0401020539788719
SOC,Cell 4,2160.0,1.25,0.0,1.25,3.774979050208026,0.5823288439955142,2069.1000203241515,-0.025295566927482076
SOC,Cell 1,2170.0,1.25,0.0,1.25,3.769054489899242,0.5815277777777744,2184.128295296786,-0.02457820485231855
SOC,Cell 2,2170.0,1.25,0.0,1.25,3.765291746700873,0.5637131519274382,1554.563024404124,-0.03013004853733063
SOC,Cell 3,2170.0,1.25,-0.25,1.0,3.7692596782876873,0.547423167848703,429.5681144235907,-0.04010273164354691
SOC,Cell 4,2170.0,1.25,0.25,1.5,3.774893557478935,0.5816273849607219,2049.9921837049674,-0.025905419154376764
SOC,Cell 1,2180.0,1.25,0.25,1.5,3.7690730457905617,0.58083333333333,2158.89961466872,-0.025288396794614323
SOC,Cell 2,2180.0,1.25,0.0,1.25,3.7645643052262474,0.5630045351473929,1564.3084589109021,-0.030128526608194713
SOC,Cell 3,2180.0,1.25,-0.25,1.0,3.7686397454015608,0.5468321513002397,439.31317260798255,-0.040103445281780635
SOC,Cell 4,2180.0,1.25,0.0,1.25,3.7733442594871174,0.580785634118971,2094.7148996504825,-0.025188741480813195
SOC,Cell 1,2190.0,1.25,0.0,1.25,3.76761783182576,0.5799999999999966,2197.8346573153417,-0.024659377013637858
SOC,Cell 2,2190.0,1.25,0.0,1.25,3.7638394254214624,0.5622959183673476,1573.7802158822014,-0.030127042074533518
SOC,Cell 3,2190.0,1.25,-0.25,1.0,3.768024397989691,0.5462411347517763,448.7850925084424,-0.04010419505726528
SOC,Cell 4,2190.0,1.25,0.25,1.5,3.7732772550884732,0.5800841750841786,2074.718567163379,-0.02581135475843894
SOC,Cell 1,2200.0,1.25,0.25,1.5,3.7676336896972753,0.5793055555555522,2172.365782497355,-0.025358551656913655
SOC,Cell 2,2200.0,1.25,0.0,1.25,3.7631170126350915,0.5615873015873023,1582.9834948191274,-0.030125594946060767
SOC,Cell 3,2200.0,1.25,-0.25,1.0,3.76741358535673,0.5456501182033129,457.9873005375082,-0.04010498094189591
SOC,Cell 4,2200.0,1.25,0.0,1.25,3.771744341111299,0.5792424242424278,2118.592249072798,-0.02510585233572972
SOC,Cell 1,2210.0,1.25,0.0,1.25,3.7661766401996877,0.5784722222222188,2211.062106116404,-0.024719901408392145
SOC,Cell 2,2210.0,1.25,0.0,1.25,3.762396963077964,0.560878684807257,1591.9241129834336,-0.03012418521543544
SOC,Cell 3,2210.0,1.25,-0.25,1.0,3.7668071841675848,0.5450591016548495,466.9262133760037,-0.04010580295717273
SOC,Cell 4,2210.0,1.25,0.25,1.5,3.771692014598234,0.5785409652076354,2097.7774351907174,-0.025738253520170076
SOC,Cell 1,2220.0,1.25,0.25,1.5,3.7661914923817488,0.5777777777777744,2185.3514536354073,-0.025410659295163812
SOC,Cell 2,2220.0,1.25,0.0,1.25,3.7616791121624527,0.5601700680272117,1600.610307838564,-0.030122812834688564
SOC,Cell 3,2220.0,1.25,-0.25,1.0,3.7662049343778707,0.5444680851063861,475.61314661534493,-0.04010666122753506
SOC,Cell 4,2220.0,1.25,0.0,1.25,3.770172298216134,0.5776992143658846,2140.8604772654962,-0.02504132511786218
SOC,Cell 1,2230.0,1.25,0.0,1.25,3.7647340673674736,0.576944444444441,2223.805993085981,-0.024764654150273333
SOC,Cell 2,2230.0,1.25,0.0,1.25,3.7609632600184106,0.5594614512471664,1609.051731053023,-0.030121477737566973
SOC,Cell 3,2230.0,1.25,-0.25,1.0,3.7656067348853917,0.5438770685579227,484.05409552053493,-0.04010755577606586
SOC,Cell 4,2230.0,1.25,0.25,1.5,3.770131692450278,0.5769977553310922,2119.288158114052,-0.025681237954284952
SOC,Cell 1,2240.0,1.25,0.25,1.5,3.7647490439876568,0.5762499999999966,2197.854548912729,-0.02544898622266323
SOC,Cell 2,2240.0,1.25,0.0,1.25,3.760249331267381,0.5587528344671211,1617.2537339944865,-0.030120179920098626
SOC,Cell 3,2240.0,1.25,-0.25,1.0,3.7650124740515745,0.5432860520094593,492.2555942482543,-0.04010848663797844
SOC,Cell 4,2240.0,1.25,0.0,1.25,3.768622417936258,0.5761560044893413,2161.643867637692,-0.024990891666118085
SOC,Cell 1,2250.0,1.25,0.0,1.25,3.7632921822720604,0.5754166666666632,2236.068511178787,-0.024797368242905536
SOC,Cell 2,2250.0,1.25,0.0,1.25,3.759537219444319,0.5580442176870758,1625.2229392438348,-0.03011891935734866
SOC,Cell 3,2250.0,1.25,-0.25,1.0,3.7644220195866906,0.542695035460996,500.22474008344625,-0.0401094538667962
SOC,Cell 4,2250.0,1.25,0.25,1.5,3.768591212803653,0.575454545454549,2139.3693628054743,-0.025636573378239748
SOC,Cell 1,2260.0,1.25,0.25,1.5,3.7633080692988847,0.5747222222222188,2209.8769518743825,-0.025476798836941452
SOC,Cell 2,2260.0,1.25,0.0,1.25,3.7588267754875866,0.5573356009070305,1632.9668886424006,-0.03011769602207512
SOC,Cell 3,2260.0,1.25,-0.25,1.0,3.763835240828491,0.5421040189125326,507.9685896291667,-0.04011045752045346
SOC,Cell 4,2260.0,1.25,0.0,1.25,3.7670903351590073,0.5746127946127981,2181.04950934976,-0.02495128430449034
SOC,Cell 1,2270.0,1.25,0.0,1.25,3.761852370931127,0.5738888888888855,2247.851888964695,-0.024820901800029625
SOC,Cell 2,2270.0,1.25,0.0,1.25,3.75811792037964,0.5566269841269852,1640.491578516794,-0.030116509894993003
SOC,Cell 3,2270.0,1.25,-0.25,1.0,3.7632520503337554,0.5415130023640692,515.4932523103741,-0.040111497633843515
SOC,Cell 4,2270.0,1.25,0.25,1.5,3.76706662094453,0.5739113355780058,2158.125148431595,-0.025601400515186716
SOC,Cell 1,2280.0,1.25,0.25,1.5,3.7618696410732517,0.573194444444441,2221.4222643631388,-0.025496597950151998
SOC,Cell 2,2280.0,1.25,0.0,1.25,3.757410565910856,0.5559183673469399,1647.8032000654712,-0.03011536095638745
SOC,Cell 3,2280.0,1.25,-0.25,1.0,3.7626723533003354,0.5409219858156058,522.8049023191545,-0.0401125742492118
SOC,Cell 4,2280.0,1.25,0.0,1.25,3.765572457157987,0.5730695847362549,2199.179306700243,-0.024920001070986842
SOC,Cell 1,2290.0,1.25,0.0,1.25,3.760415515394004,0.5723611111111077,2259.1600079403006,-0.024837443001365145
SOC,Cell 2,2290.0,1.25,0.0,1.25,3.7567046107391953,0.5552097505668946,1654.9077636059155,-0.030114249198437637
SOC,Cell 3,2290.0,1.25,-0.25,1.0,3.7620960289057686,0.5403309692671424,529.9095985741317,-0.040113687420587754
SOC,Cell 4,2290.0,1.25,0.25,1.5,3.7655547559625324,0.5723681257014626,2175.6517798526447,-0.025573530150350857
SOC,Cell 1,2300.0,1.25,0.25,1.5,3.760434503142606,0.5716666666666632,2232.49419578343,-0.02551029820192291
SOC,Cell 2,2300.0,1.25,0.0,1.25,3.75599996900778,0.5545011337868493,1661.8110390287839,-0.03011317461165519
SOC,Cell 3,2300.0,1.25,-0.25,1.0,3.7615230171306133,0.539739952718679,536.8129904131661,-0.04011483717779479
SOC,Cell 4,2300.0,1.25,0.0,1.25,3.764065948400656,0.5715263748597117,2216.1247331922914,-0.024895126417124686
SOC,Cell 1,2310.0,1.25,0.25,1.5,3.7589821486819037,0.5708333333333299,2269.997903236196,-0.024848667116533805
SOC,Cell 2,2310.0,1.25,0.0,1.25,3.755296584415789,0.553792517006804,1668.5185270490438,-0.03011213717819777
SOC,Cell 3,2310.0,1.25,-0.25,1.0,3.7609532512975044,0.5391489361702156,543.5205461399298,-0.04011602355363469
SOC,Cell 4,2310.0,1.25,0.0,1.25,3.7640530352216803,0.5708249158249193,2192.0369244428657,-0.025551286181896313
SOC,Cell 1,2320.0,1.25,0.0,1.25,3.7576140176928043,0.5699999999999965,2305.600773748022,-0.024269365374641288
SOC,Cell 2,2320.0,1.25,0.0,1.25,3.7545944012352264,0.5530839002267587,1675.0355196564306,-0.030111136884811346
SOC,Cell 3,2320.0,1.25,-0.25,1.0,3.7603866752809627,0.5385579196217523,550.0374946884974,-0.04011724657642612
SOC,Cell 4,2320.0,1.25,0.25,1.5,3.7639588265839214,0.570123456790127,2169.469505025423,-0.02612519372026577
SOC,Cell 1,2330.0,1.25,0.25,1.5,3.757708621728066,0.5693055555555521,2276.9024124508082,-0.025012106664598268
SOC,Cell 2,2330.0,1.25,0.0,1.25,3.753893374086739,0.5523752834467134,1681.3670799842184,-0.030110173718008077
SOC,Cell 3,2330.0,1.25,-0.25,1.0,3.7598232434847807,0.5379669030732889,556.3688256220789,-0.04011850626958885
SOC,Cell 4,2330.0,1.25,0.0,1.25,3.7624032447377838,0.5692817059483761,2210.832522731584,-0.02537713527075389
SOC,Cell 1,2340.0,1.25,0.0,1.25,3.7563228273968248,0.5684722222222187,2312.469562052035,-0.024411640453044538
SOC,Cell 2,2340.0,1.25,0.0,1.25,3.753193425630559,0.5516666666666681,1687.5185886240251,-0.030109247672932368
SOC,Cell 3,2340.0,1.25,-0.25,1.0,3.7592627923565143,0.5373758865248255,562.5210189217794,-0.04011980272818879
SOC,Cell 4,2340.0,1.25,0.25,1.5,3.7623320508835256,0.5685802469135838,2187.5690044573394,-0.025972361289826554
SOC,Cell 1,2350.0,1.25,0.25,1.5,3.7564022234897685,0.5677777777777743,2283.7263910697457,-0.025135872521643777
SOC,Cell 2,2350.0,1.25,0.0,1.25,3.7524944574422356,0.5509580498866228,1693.4956003309635,-0.03010835875188639
SOC,Cell 3,2350.0,1.25,-0.25,1.0,3.7587053344551307,0.5367848699763621,568.4980910436004,-0.04012113594508869
SOC,Cell 4,2350.0,1.25,0.0,1.25,3.7607966026482598,0.5677384960718329,2228.2652805559082,-0.02524296592923691
SOC,Cell 1,2360.0,1.25,0.0,1.25,3.7550032979926278,0.5669444444444409,2319.2415868929047,-0.02451922039021581
SOC,Cell 2,2360.0,1.25,0.0,1.25,3.751796475339468,0.5502494331065775,1699.3022327467297,-0.03010750693606704
SOC,Cell 3,2360.0,1.25,-0.25,1.0,3.7581508321401613,0.5361938534278987,574.3046351688542,-0.04012250594313669
SOC,Cell 4,2360.0,1.25,0.25,1.5,3.7607430544760305,0.5670370370370406,2204.362362800967,-0.025854531563983082
SOC,Cell 1,2370.0,1.25,0.25,1.5,3.7550713402262508,0.5662499999999965,2290.4404116471273,-0.02522929940633196
SOC,Cell 2,2370.0,1.25,0.0,1.25,3.7510994506200674,0.5495408163265322,1704.9429563727244,-0.030106692215136396
SOC,Cell 3,2370.0,1.25,-0.25,1.0,3.7575992542789556,0.5356028368794353,579.9450593348324,-0.04012391274180694
SOC,Cell 4,2370.0,1.25,0.0,1.25,3.759223153329365,0.5661952861952897,2244.4441305384835,-0.025139442771595775
SOC,Cell 1,2380.0,1.25,0.0,1.25,3.7536626527829458,0.5654166666666631,2325.89096801015,-0.024600273002768624
SOC,Cell 2,2380.0,1.25,0.0,1.25,3.7504033627791875,0.5488321995464869,1710.4220440779754,-0.030105914577895826
SOC,Cell 3,2380.0,1.25,-0.25,1.0,3.757050577670882,0.5350118203309719,585.4235668003753,-0.040125356356017196
SOC,Cell 4,2380.0,1.25,0.25,1.5,3.7591832734132917,0.5654938271604973,2219.9509708827777,-0.02576353605485513
SOC,Cell 1,2390.0,1.25,0.25,1.5,3.7537223141570593,0.5647222222222187,2297.019086147911,-0.02529953417139974
SOC,Cell 2,2390.0,1.25,0.0,1.25,3.749708197767581,0.5481235827664416,1715.7436015007188,-0.030105174012307796
SOC,Cell 3,2390.0,1.25,-0.25,1.0,3.756504754786461,0.5344208037825086,590.7447158738973,-0.04012683681913108
SOC,Cell 4,2390.0,1.25,0.0,1.25,3.7576754003025767,0.5646520763187465,2259.4655175465077,-0.025059418350956653
SOC,Cell 1,2400.0,1.25,0.0,1.25,3.752306828351161,0.5638888888888853,2332.3490633346446,-0.024661051657030912
SOC,Cell 2,2400.0,1.25,0.0,1.25,3.7490144020300424,0.5474149659863963,1720.8662217339006,-0.03010447034478558
SOC,Cell 3,2400.0,1.25,-0.25,1.0,3.7559622138367685,0.5338297872340452,595.8669718878907,-0.040128353920736264
SOC,Cell 4,2400.0,1.25,0.25,1.5,3.757646560024038,0.5639506172839541,2234.381561424526,-0.02569312060090156
SOC,Cell 1,2410.0,1.25,0.25,1.5,3.7523603969876995,0.5631944444444409,2303.380112831161,-0.025352048346038616
SOC,Cell 2,2410.0,1.25,0.0,1.25,3.748321097793223,0.546706349206351,1725.868210669818,-0.030103803845666622
SOC,Cell 3,2410.0,1.25,-0.25,1.0,3.755422090631726,0.5332387706855818,600.8686946462633,-0.04012990812910017
SOC,Cell 4,2410.0,1.25,0.0,1.25,3.7561480867075723,0.5631088664422033,2273.355069468309,-0.024997420176389108
SOC,Cell 1,2420.0,1.25,0.0,1.25,3.7509391540268004,0.5623611111111075,2338.6636140791024,-0.024706344112047425
SOC,Cell 2,2420.0,1.25,0.0,1.25,3.7476284629941965,0.5459977324263057,1730.735341827727,-0.030103174442304363
SOC,Cell 3,2420.0,1.25,-0.25,1.0,3.7548845565369433,0.5326477541371184,605.7355133832141,-0.04013149936702312
SOC,Cell 4,2420.0,1.25,0.25,1.5,3.7561268887704817,0.5624074074074109,2247.8064367072534,-0.025638497061287603
SOC,Cell 1,2430.0,1.25,0.25,1.5,3.7509878891553723,0.5616666666666631,2309.626734155847,-0.0253910313644198
SOC,Cell 2,2430.0,1.25,0.0,1.25,3.746936473883629,0.5452891156462604,1735.4721222005937,-0.030102582129836998
SOC,Cell 3,2430.0,1.25,-0.25,1.0,3.7543495775636893,0.532056737588655,610.4722002031749,-0.0401331276669409
SOC,Cell 4,2430.0,1.25,0.0,1.25,3.7546352465254906,0.56156565656566,2286.317108089309,-0.02494925878056415
SOC,Cell 1,2440.0,1.25,0.0,1.25,3.7495625153509398,0.5608333333333297,2344.832974875044,-0.02473981594596006
SOC,Cell 2,2440.0,1.25,0.0,1.25,3.7462451862876445,0.5445804988662151,1740.0755876750118,-0.030102026877153933
SOC,Cell 3,2440.0,1.25,-0.25,1.0,3.753817203968096,0.5314657210401916,615.0754370982318,-0.040134793015801626
SOC,Cell 4,2440.0,1.25,0.25,1.5,3.75462006699311,0.5608641975308677,2260.3182019698475,-0.025595999397836557
SOC,Cell 1,2450.0,1.25,0.25,1.5,3.749607677319202,0.5601388888888853,2315.713192346803,-0.02541969048310202
SOC,Cell 2,2450.0,1.25,0.0,1.25,3.7455545192755952,0.5438718820861698,1744.553468192371,-0.0301015087010886
SOC,Cell 3,2450.0,1.25,-0.25,1.0,3.75328734072207,0.5308747044917282,619.5533806840083,-0.04013649548077369
SOC,Cell 4,2450.0,1.25,0.0,1.25,3.753133678686942,0.5600224466891168,2298.39370138456,-0.024911726247325308
SOC,Cell 1,2460.0,1.25,0.0,1.25,3.748179232219678,0.559305555555552,2350.830877993618,-0.024764273495814327
SOC,Cell 2,2460.0,1.25,0.0,1.25,3.744864558969215,0.5431632653061245,1748.9024341322292,-0.030101027561521995
SOC,Cell 3,2460.0,1.25,-0.25,1.0,3.752760064158394,0.5302836879432649,623.9025437583805,-0.04013823503520771
SOC,Cell 4,2460.0,1.25,0.25,1.5,3.7531231070703317,0.5593209876543245,2271.973678136519,-0.025562820705360492
SOC,Cell 1,2470.0,1.25,0.25,1.5,3.7482217978460706,0.5586111111111075,2321.614316685933,-0.025440481199650762
SOC,Cell 2,2470.0,1.25,0.0,1.25,3.7441753038325287,0.5424546485260792,1753.1251318745162,-0.030100583449356944
SOC,Cell 3,2470.0,1.25,-0.25,1.0,3.7522353810959195,0.5296926713948015,628.1240328521067,-0.040140011690625504
SOC,Cell 4,2470.0,1.25,0.0,1.25,3.75164082125886,0.5584792368125736,2309.637474834739,-0.024882366495418327
SOC,Cell 1,2480.0,1.25,0.0,1.25,3.7467908422059635,0.5577777777777742,2356.654516118132,-0.024781865323573776
SOC,Cell 2,2480.0,1.25,0.0,1.25,3.743486437120917,0.5417460317460339,1757.2481093299211,-0.030100176469250634
SOC,Cell 3,2480.0,1.25,-0.25,1.0,3.7517129379346734,0.5291016548463381,632.2471158570008,-0.04014182566442165
SOC,Cell 4,2480.0,1.25,0.25,1.5,3.751633548295233,0.5577777777777813,2282.84308260881,-0.025536811949398296
SOC,Cell 1,2490.0,1.25,0.25,1.5,3.7468311861488908,0.5570833333333297,2327.3580933160697,-0.025455283540562135
SOC,Cell 2,2490.0,1.25,0.0,1.25,3.74279824330843,0.5410374149659886,1761.2522877539232,-0.030099806513628116
SOC,Cell 3,2490.0,1.25,-0.25,1.0,3.751193013823775,0.5285106382978747,636.2515848706491,-0.04014367681707748
SOC,Cell 4,2490.0,1.25,0.0,1.25,3.7501540923015164,0.5569360269360304,2320.147424425738,-0.02485929921564216
SOC,Cell 1,2500.0,1.25,0.25,1.5,3.7453985293223995,0.5562499999999964,2362.292694415393,-0.024794236343073643
SOC,Cell 2,2500.0,1.25,0.0,1.25,3.742110755915259,0.5403287981859433,1765.137667146566,-0.030099473563702184
SOC,Cell 3,2500.0,1.25,-0.25,1.0,3.750675627927618,0.5279196217494113,640.1374397505856,-0.04014556515486531
SOC,Cell 4,2500.0,1.25,0.0,1.25,3.750149550312357,0.556234567901238,2292.982854292447,-0.02551632772525507
SOC,Cell 1,2510.0,1.25,0.0,1.25,3.7440485520189446,0.555416666666663,2395.3833185442118,-0.0242155366568803
SOC,Cell 2,2510.0,1.25,0.0,1.25,3.7414240086080977,0.539620181405898,1768.9042475078568,-0.030099177601123683
SOC,Cell 3,2510.0,1.25,-0.25,1.0,3.7501607985436642,0.5273286052009479,643.9046803621466,-0.04014749068449855
SOC,Cell 4,2510.0,1.25,0.25,1.5,3.750062832364825,0.5555331088664457,2267.424373215479,-0.02609108447696786
SOC,Cell 1,2520.0,1.25,0.25,1.5,3.7441598028456293,0.5547222222222186,2364.228598357112,-0.024958895793368588
SOC,Cell 2,2520.0,1.25,0.0,1.25,3.740738032211195,0.5389115646258527,1772.552264782833,-0.03009891860907738
SOC,Cell 3,2520.0,1.25,-0.25,1.0,3.749648543104414,0.5267375886524845,647.5533065781979,-0.04014945341313221
SOC,Cell 4,2520.0,1.25,0.0,1.25,3.748513932648421,0.5546913580246948,2305.877665676401,-0.02534385809648808
SOC,Cell 1,2530.0,1.25,0.0,1.25,3.7427888153227076,0.5538888888888852,2397.4281652331706,-0.024359061225674765
SOC,Cell 2,2530.0,1.25,0.0,1.25,3.740052343067282,0.5382029478458074,1776.1229152477208,-0.03009869676327992
SOC,Cell 3,2530.0,1.25,-0.25,1.0,3.7491384160410086,0.5261465721040212,651.1218944889351,-0.04015145362376117
SOC,Cell 4,2530.0,1.25,0.25,1.5,3.7484482317227266,0.5539898989899025,2279.8190487753686,-0.025939901260268905
SOC,Cell 1,2540.0,1.25,0.25,1.5,3.742881546226693,0.5531944444444408,2366.3762994856693,-0.025083936855459506
SOC,Cell 2,2540.0,1.25,0.0,1.25,3.7393673233763494,0.537494331065762,1779.588411588251,-0.03009851192050875
SOC,Cell 3,2540.0,1.25,-0.25,1.0,3.748630706712203,0.5255555555555578,654.5878170485094,-0.04015349116705243
SOC,Cell 4,2540.0,1.25,0.0,1.25,3.7469175824455228,0.5531481481481516,2317.8012343461405,-0.025211309846735027
SOC,Cell 1,2550.0,1.25,0.0,1.25,3.7414946169070866,0.5523611111111074,2399.636671402852,-0.024467938643236126
SOC,Cell 2,2550.0,1.25,0.0,1.25,3.7386830068860464,0.5367857142857168,1782.9487538044777,-0.03009836406589624
SOC,Cell 3,2550.0,1.25,-0.25,1.0,3.7481254585207004,0.5249645390070944,657.9487969154907,-0.040155566037161805
SOC,Cell 4,2550.0,1.25,0.25,1.5,3.7468681694899204,0.5524466891133593,2291.260552207619,-0.025823667826998395
SOC,Cell 1,2560.0,1.25,0.25,1.5,3.741573403689784,0.551666666666663,2368.6305251458252,-0.025178680549825794
SOC,Cell 2,2560.0,1.25,0.0,1.25,3.7379994274144672,0.5360770975056715,1786.2039418963905,-0.03009825318500734
SOC,Cell 3,2560.0,1.25,-0.25,1.0,3.747622686705882,0.524373522458631,661.2048339886778,-0.040157678244841455
SOC,Cell 4,2560.0,1.25,0.0,1.25,3.7453518130572547,0.5516049382716084,2328.7757582997847,-0.02510936117278365
SOC,Cell 1,2570.0,1.25,0.0,1.25,3.740174276971823,0.5508333333333296,2401.922370709245,-0.024550324786380896
SOC,Cell 2,2570.0,1.25,0.0,1.25,3.737316618825107,0.5353684807256262,1789.353975863989,-0.03009817926383923
SOC,Cell 3,2570.0,1.25,-0.25,1.0,3.747122405690284,0.5237825059101676,664.3559281725395,-0.04015982780128506
SOC,Cell 4,2570.0,1.25,0.25,1.5,3.7453149530564387,0.550903479236816,2301.7823443438,-0.025734227606406673
SOC,Cell 1,2580.0,1.25,0.25,1.5,3.740241943812149,0.5501388888888852,2370.975404358936,-0.02525026338264834
SOC,Cell 2,2580.0,1.25,0.0,1.25,3.7366341683936044,0.5346598639455808,1792.436009466881,-0.030098142462543213
SOC,Cell 3,2580.0,1.25,-0.25,1.0,3.7466242538140553,0.5231914893617042,667.4353078076251,-0.04016201495163011
SOC,Cell 4,2580.0,1.25,0.0,1.25,3.7438091772858746,0.5500617283950652,2338.897433476447,-0.025030875270564232
SOC,Cell 1,2590.0,1.25,0.0,1.25,3.738832882320879,0.5493055555555518,2404.327261178666,-0.02461246421013189
SOC,Cell 2,2590.0,1.25,0.0,1.25,3.73595235771461,0.5339512471655355,1795.429397881715,-0.030098142675126997
SOC,Cell 3,2590.0,1.25,-0.25,1.0,3.746128402465217,0.5226004728132408,670.4291459041524,-0.04016423961445132
SOC,Cell 4,2590.0,1.25,0.25,1.5,3.7437814003438676,0.5493602693602728,2311.5316365123003,-0.025665336084364394
SOC,Cell 1,2600.0,1.25,0.25,1.5,3.7388920810970685,0.5486111111111074,2373.4006828767974,-0.025304149208718762
SOC,Cell 2,2600.0,1.25,0.0,1.25,3.735271256074226,0.5332426303854902,1798.3311840152091,-0.030098179876816962
SOC,Cell 3,2600.0,1.25,-0.25,1.0,3.7456349309230133,0.5220094562647775,673.3316060918387,-0.04016650176323855
SOC,Cell 4,2600.0,1.25,0.0,1.25,3.742283853649968,0.548518518518522,2348.26073235408,-0.02497038804215245
SOC,Cell 1,2610.0,1.25,0.0,1.25,3.7374755717407795,0.547777777777774,2406.7615921779934,-0.02465913757166607
SOC,Cell 2,2610.0,1.25,0.0,1.25,3.734590897230766,0.532534013605445,1801.1413678673707,-0.03009825405697491
SOC,Cell 3,2610.0,1.25,-0.25,1.0,3.7451438516170517,0.5214184397163141,676.1426882946703,-0.04016880141268758
SOC,Cell 4,2610.0,1.25,0.25,1.5,3.742263322071208,0.5478170594837296,2320.518798353234,-0.0256122118909842
SOC,Cell 1,2620.0,1.25,0.25,1.5,3.737528215282293,0.5470833333333296,2375.833360544294,-0.025344521088986598
SOC,Cell 2,2620.0,1.25,0.0,1.25,3.733911314920811,0.5318253968253996,1803.859949438207,-0.030098365205390946
SOC,Cell 3,2620.0,1.25,-0.25,1.0,3.744655176207686,0.5208274231678507,678.8623924408778,-0.04017113857793714
SOC,Cell 4,2620.0,1.25,0.0,1.25,3.7407721512904084,0.5469753086419787,2356.882463119342,-0.024923715782062525
SOC,Cell 1,2630.0,1.25,0.0,1.25,3.7361055970479193,0.5462499999999962,2409.2141566842656,-0.024694005151940996
SOC,Cell 2,2630.0,1.25,0.0,1.25,3.733232223342058,0.5311167800453543,1806.514695385289,-0.03009851344173876
SOC,Cell 3,2630.0,1.25,-0.25,1.0,3.7441686599626447,0.5202364066193873,681.5147088919264,-0.04017351344062724
SOC,Cell 4,2630.0,1.25,0.25,1.5,3.740756907972466,0.5462738496071864,2328.8149174474343,-0.02557119445135616
SOC,Cell 1,2640.0,1.25,0.25,1.5,3.736152638219465,0.5455555555555518,2378.3128492957826,-0.025374581870132515
SOC,Cell 2,2640.0,1.25,0.0,1.25,3.7325537544298215,0.530408163265309,1809.0970512897984,-0.030098698719670223
SOC,Cell 3,2640.0,1.25,-0.25,1.0,3.743684338792529,0.5196453900709239,684.0974059643424,-0.04017592600417946
SOC,Cell 4,2640.0,1.25,0.0,1.25,3.739270169786939,0.5454320987654355,2364.880421364691,-0.02488765565842506
SOC,Cell 1,2650.0,1.25,0.0,1.25,3.734725182869505,0.5447222222222184,2411.6955594372243,-0.02471986936531734
SOC,Cell 2,2650.0,1.25,0.0,1.25,3.7318759837845383,0.5296995464852637,1811.60336174861,-0.030098921015158996
SOC,Cell 3,2650.0,1.25,-0.25,1.0,3.7432022907375084,0.5190543735224605,686.6041849997223,-0.040178376243613215
SOC,Cell 4,2650.0,1.25,0.25,1.5,3.7392589500307634,0.5447306397306432,2336.509633560483,-0.025539481218570196
SOC,Cell 1,2660.0,1.25,0.25,1.5,3.734767906240206,0.544027777777774,2380.787990624278,-0.025396783495694172
SOC,Cell 2,2660.0,1.25,0.0,1.25,3.7311989303979014,0.5289909297052184,1814.0348868710862,-0.030099180327526717
SOC,Cell 3,2660.0,1.25,-0.25,1.0,3.742722512605654,0.5184633569739971,689.0362963311641,-0.040180864186541876
SOC,Cell 4,2660.0,1.25,0.0,1.25,3.7377757576831034,0.5438888888888923,2372.2793846130107,-0.0248597552298944
SOC,Cell 1,2670.0,1.25,0.25,1.5,3.733336564576924,0.5431944444444406,2414.1589333598386,-0.024738875634202094
SOC,Cell 2,2670.0,1.25,0.0,1.25,3.730522613187939,0.5282823129251731,1816.3928867666036,-0.030099476656715262
SOC,Cell 3,2670.0,1.25,-0.25,1.0,3.7422450006324954,0.5178723404255338,691.3949902949316,-0.04018338986122837
SOC,Cell 4,2670.0,1.25,0.0,1.25,3.7377676339200026,0.5431874298541,2343.62341811015,-0.025514926277030565
SOC,Cell 1,2680.0,1.25,0.0,1.25,3.7319868878903977,0.5423611111111073,2445.7345380791116,-0.02416300322925727
SOC,Cell 2,2680.0,1.25,0.0,1.25,3.72984705098557,0.5275736961451278,1818.6786215445536,-0.03009981000328662
SOC,Cell 3,2680.0,1.25,-0.25,1.0,3.7417697504893073,0.5172813238770704,693.6815172303363,-0.040185953296586
SOC,Cell 4,2680.0,1.25,0.25,1.5,3.7376774388877863,0.5424859708193076,2316.6181177044273,-0.02608813687040281
SOC,Cell 1,2690.0,1.25,0.25,1.5,3.732097500010244,0.5416666666666629,2413.111795153278,-0.024908916545397487
SOC,Cell 2,2690.0,1.25,0.0,1.25,3.7291722625214447,0.5268650793650825,1820.8933513143274,-0.030100180368422467
SOC,Cell 3,2690.0,1.25,-0.25,1.0,3.741296757291485,0.516690307328607,695.8971274794687,-0.04018855452217906
SOC,Cell 4,2690.0,1.25,0.0,1.25,3.7361251403662727,0.5416442199775567,2353.669027109569,-0.02533963670557992
SOC,Cell 1,2700.0,1.25,0.0,1.25,3.73072537515441,0.5408333333333295,2444.856315034787,-0.02431139706522375
SOC,Cell 2,2700.0,1.25,0.0,1.25,3.728498266217702,0.5261564625850372,1823.038356900819,-0.030100587754007847
SOC,Cell 3,2700.0,1.25,-0.25,1.0,3.74082601560704,0.5160992907801436,698.0430713870703,-0.040191193568223774
SOC,Cell 4,2700.0,1.25,0.25,1.5,3.7360565426971353,0.5409427609427644,2326.2156547219456,-0.02593464426794265
SOC,Cell 1,2710.0,1.25,0.25,1.5,3.730816121896012,0.5401388888888851,2412.3997438612287,-0.025038378603289488
SOC,Cell 2,2710.0,1.25,0.0,1.25,3.7278249585183665,0.5254478458049919,1825.127839886154,-0.030101032215220966
SOC,Cell 3,2710.0,1.25,-0.25,1.0,3.7403574275909226,0.5155082742316802,700.1313643362769,-0.040193870529549994
SOC,Cell 4,2710.0,1.25,0.0,1.25,3.734523031841637,0.5401010101010135,2362.850538518825,-0.025205225765610312
SOC,Cell 1,2720.0,1.25,0.0,1.25,3.729426454186659,0.5393055555555517,2444.2998428578603,-0.02442430320895799
SOC,Cell 2,2720.0,1.25,0.0,1.25,3.727152435959735,0.5247392290249466,1827.1547791952908,-0.03010151372231411
SOC,Cell 3,2720.0,1.25,-0.25,1.0,3.7398910258648668,0.5149172576832168,702.1587541456706,-0.04019658541185887
SOC,Cell 4,2720.0,1.25,0.25,1.5,3.734470831628156,0.5393995510662212,2335.003683459977,-0.0258169390742698
SOC,Cell 1,2730.0,1.25,0.25,1.5,3.729501770091962,0.5386111111111073,2411.97956938191,-0.025136807688038606
SOC,Cell 2,2730.0,1.25,0.0,1.25,3.7264807118089336,0.5240306122449013,1829.1209657304207,-0.030102032281588684
SOC,Cell 3,2730.0,1.25,-0.25,1.0,3.7394268134078192,0.5143262411347534,704.1253687865467,-0.04019933824121294
SOC,Cell 4,2730.0,1.25,0.0,1.25,3.732951728030742,0.5385578002244703,2371.255730531186,-0.025102147357113167
SOC,Cell 1,2740.0,1.25,0.0,1.25,3.728098458389156,0.5377777777777739,2444.005149928809,-0.024510074243457844
SOC,Cell 2,2740.0,1.25,0.0,1.25,3.7258097991937866,0.523321995464856,1831.028190393663,-0.03010258790003225
SOC,Cell 3,2740.0,1.25,-0.25,1.0,3.7389647786091897,0.5137352245862901,706.0329875811203,-0.04020212905415756
SOC,Cell 4,2740.0,1.25,0.25,1.5,3.7329121292128904,0.537856341189678,2343.044051577925,-0.025726668381603056
SOC,Cell 1,2750.0,1.25,0.25,1.5,3.728161691486572,0.5370833333333295,2411.8003429580103,-0.02521151230070623
SOC,Cell 2,2750.0,1.25,0.0,1.25,3.725139711094119,0.5226133786848107,1832.878244087202,-0.030103180585318592
SOC,Cell 3,2750.0,1.25,-0.25,1.0,3.73850490941263,0.5131442080378267,707.8833898535574,-0.040204957887965666
SOC,Cell 4,2750.0,1.25,0.0,1.25,3.7314040492331912,0.5370145903479271,2378.9484864796773,-0.025023092694024168
SOC,Cell 1,2760.0,1.25,0.0,1.25,3.726747660893041,0.5362499999999961,2443.9321315614984,-0.02457510510510423
SOC,Cell 2,2760.0,1.25,0.0,1.25,3.724470460333342,0.5219047619047654,1834.6729177131783,-0.03010381034580762
SOC,Cell 3,2760.0,1.25,-0.25,1.0,3.7380471933252943,0.5125531914893633,709.6783549300078,-0.04020782478063886
SOC,Cell 4,2760.0,1.25,0.25,1.5,3.7313740958906387,0.5363131313131347,2350.405650481386,-0.025657437022215755
SOC,Cell 1,2770.0,1.25,0.25,1.5,3.7268013665852577,0.5355555555555517,2411.824988762067,-0.02526808799440986
SOC,Cell 2,2770.0,1.25,0.0,1.25,3.72380205957032,0.5211961451247201,1836.4140021737767,-0.030104477190545476
SOC,Cell 3,2770.0,1.25,-0.25,1.0,3.7375916174270367,0.5119621749408999,711.4196621382891,-0.04021072977090856
SOC,Cell 4,2770.0,1.25,0.0,1.25,3.7298744579835206,0.5354713804713839,2385.994668895474,-0.0249624660029625
SOC,Cell 1,2780.0,1.25,0.0,1.25,3.725378858348831,0.5347222222222183,2444.04606705064,-0.024624291884844732
SOC,Cell 2,2780.0,1.25,0.0,1.25,3.723134525531745,0.5204875283446748,1838.1030596858182,-0.03010518112732591
SOC,Cell 3,2780.0,1.25,-0.25,1.0,3.737138168379548,0.5113711583924365,713.1090908079477,-0.04021367289823711
SOC,Cell 4,2780.0,1.25,0.25,1.5,3.7298519030354953,0.5347699214365915,2357.1511161799663,-0.025604348691009964
SOC,Cell 1,2790.0,1.25,0.25,1.5,3.7254250157378377,0.5340277777777739,2412.0198467560967,-0.02531081882531748
SOC,Cell 2,2790.0,1.25,0.0,1.25,3.7224678902770982,0.5197789115646295,1839.7408146694725,-0.030105922157417326
SOC,Cell 3,2790.0,1.25,-0.25,1.0,3.7366868549248053,0.5107801418439731,714.7470507104124,-0.040216654186058715
SOC,Cell 4,2790.0,1.25,0.0,1.25,3.7283587695131004,0.5339281705948407,2392.452629135493,-0.024915983005679612
SOC,Cell 1,2800.0,1.25,0.0,1.25,3.7239957541227175,0.5331944444444405,2444.315176048595,-0.02466138311261152
SOC,Cell 2,2800.0,1.25,0.0,1.25,3.7218021516611897,0.5190702947845842,1841.3298255693808,-0.03010670029828474
SOC,Cell 3,2800.0,1.25,-0.25,1.0,3.736237649119582,0.5101891252955097,716.3361510320142,-0.04021967368524
SOC,Cell 4,2800.0,1.25,0.25,1.5,3.728341922829833,0.5332267115600483,2363.335225547261,-0.025563654636063936
SOC,Cell 1,2810.0,1.25,0.25,1.5,3.72403584239412,0.5324999999999961,2412.3576740687176,-0.02534298475201973
SOC,Cell 2,2810.0,1.25,0.0,1.25,3.721137322666248,0.5183616780045389,1842.8718246751887,-0.03010751556111329
SOC,Cell 3,2810.0,1.25,-0.25,1.0,3.735790536725061,0.5095981087470464,717.8781475569799,-0.04022273143704506
SOC,Cell 4,2810.0,1.25,0.0,1.25,3.7268537893865012,0.5323849607182974,2398.3767656091923,-0.024880363556018595
SOC,Cell 1,2820.0,1.25,0.0,1.25,3.722601119634495,0.5316666666666627,2444.716077897755,-0.024689248746641225
SOC,Cell 2,2820.0,1.25,0.0,1.25,3.7204734160667616,0.5176530612244936,1844.3685442765782,-0.03010836795776033
SOC,Cell 3,2820.0,1.25,-0.25,1.0,3.7353455036623653,0.509007092198583,719.374762404372,-0.040225827483049016
SOC,Cell 4,2820.0,1.25,0.25,1.5,3.7268413380724477,0.5316835016835051,2369.0119915733135,-0.025532484742940665
SOC,Cell 1,2830.0,1.25,0.25,1.5,3.722636278089721,0.5309722222222183,2412.816513782993,-0.02536709697273965
SOC,Cell 2,2830.0,1.25,0.0,1.25,3.7198104444223774,0.5169444444444483,1845.821716663224,-0.030109257500755684
SOC,Cell 3,2830.0,1.25,-0.25,1.0,3.734902535466748,0.5084160756501196,720.8277176945603,-0.04022896186554914
SOC,Cell 4,2830.0,1.25,0.0,1.25,3.7253570739222863,0.5308417508417542,2403.818256524336,-0.024853096302409283
SOC,Cell 1,2840.0,1.25,0.0,1.25,3.721197089934485,0.5301388888888849,2445.22819773961,-0.024710086070681637
SOC,Cell 2,2840.0,1.25,0.0,1.25,3.719148420071086,0.516235827664403,1847.2330741246988,-0.030110184203301967
SOC,Cell 3,2840.0,1.25,-0.25,1.0,3.7344616172962297,0.5078250591016562,722.2387355491085,-0.04023213462756625
SOC,Cell 4,2840.0,1.25,0.25,1.5,3.725348034668648,0.5301402918069619,2374.2298237777745,-0.025508641577246225
SOC,Cell 1,2850.0,1.25,0.25,1.5,3.7212281890237526,0.5294444444444405,2413.377708341516,-0.02538507809950788
SOC,Cell 2,2850.0,1.25,0.0,1.25,3.718487355122657,0.5155272108843577,1848.6043489507283,-0.030111148079274834
SOC,Cell 3,2850.0,1.25,-0.25,1.0,3.7340227339402072,0.5072340425531928,723.6095380906779,-0.04023534581284615
SOC,Cell 4,2850.0,1.25,0.0,1.25,3.72386678562002,0.529298540965211,2408.8235940894506,-0.024832258492943852
SOC,Cell 1,2860.0,1.25,0.25,1.5,3.7197853950570186,0.5286111111111071,2445.8261388984793,-0.024725577329986315
SOC,Cell 2,2860.0,1.25,0.0,1.25,3.717827316988493,0.5148185941043124,1849.93256790522,-0.030112149116158372
SOC,Cell 3,2860.0,1.25,-0.25,1.0,3.733585881917816,0.5066430260047294,724.9406751906376,-0.04023859545630356
SOC,Cell 4,2860.0,1.25,0.0,1.25,3.723860495796645,0.5285970819304187,2379.026807750086,-0.02549044270457078
SOC,Cell 1,2870.0,1.25,0.0,1.25,3.7184244060454956,0.5277777777777738,2476.500735436781,-0.024148400023851692
SOC,Cell 2,2870.0,1.25,0.0,1.25,3.7171683873874475,0.5141099773242671,1851.213503510684,-0.030113187294092403
SOC,Cell 3,2870.0,1.25,-0.25,1.0,3.733151164079846,0.506052009456266,726.2223030834884,-0.040241883508198246
SOC,Cell 4,2870.0,1.25,0.25,1.5,3.7237721033187734,0.5278956228956263,2350.913048798206,-0.026066377923262284
SOC,Cell 1,2880.0,1.25,0.25,1.5,3.7185237731383625,0.5270833333333294,2443.0034969272997,-0.02489326042308934
SOC,Cell 2,2880.0,1.25,0.0,1.25,3.7165104981227954,0.5134013605442218,1852.455609326491,-0.030114262666889786
SOC,Cell 3,2880.0,1.25,-0.25,1.0,3.7327184712068355,0.5054609929078027,727.4650899179087,-0.04024521008653138
SOC,Cell 4,2880.0,1.25,0.0,1.25,3.7222215484267025,0.5270538720538754,2386.8934861119187,-0.025320349934116783
SOC,Cell 1,2890.0,1.25,0.0,1.25,3.7171404678359963,0.526249999999996,2473.898902979222,-0.024294908475072284
SOC,Cell 2,2890.0,1.25,0.0,1.25,3.715853662642742,0.5126927437641765,1853.660404903123,-0.030115375249398425
SOC,Cell 3,2890.0,1.25,-0.25,1.0,3.732287788532396,0.5048699763593393,728.6705400453986,-0.040248575235673975
SOC,Cell 4,2890.0,1.25,0.25,1.5,3.722154679067486,0.5263524130190831,2358.4067010992317,-0.025917608776982726
SOC,Cell 1,2900.0,1.25,0.25,1.5,3.717220174093669,0.5255555555555516,2440.6090473391214,-0.025021250382706445
SOC,Cell 2,2900.0,1.25,0.0,1.25,3.7151978941127517,0.5119841269841312,1854.8294097910912,-0.030116525057106918
SOC,Cell 3,2900.0,1.25,-0.25,1.0,3.731859100932471,0.5042789598108759,729.840157818478,-0.040251979000691766
SOC,Cell 4,2900.0,1.25,0.0,1.25,3.7206230198584906,0.5255106621773322,2394.0336610298937,-0.02519024823745159
SOC,Cell 1,2910.0,1.25,0.0,1.25,3.7158195326646926,0.5247222222222182,2471.6993259944666,-0.02440670407256875
SOC,Cell 2,2910.0,1.25,0.0,1.25,3.7145432054094543,0.5112755102040859,1855.9641435408848,-0.030117712106145007
SOC,Cell 3,2910.0,1.25,-0.25,1.0,3.7314323929334385,0.5036879432624125,730.975447590348,-0.0402554214273469
SOC,Cell 4,2910.0,1.25,0.25,1.5,3.7205727510627087,0.5248092031425399,2365.2120309320203,-0.025803850378719177
SOC,Cell 1,2920.0,1.25,0.25,1.5,3.7158839382324302,0.5240277777777738,2438.592698160206,-0.025118885229527703
SOC,Cell 2,2920.0,1.25,0.0,1.25,3.7138896091148403,0.5105668934240406,1857.0661257030806,-0.030118936413284034
SOC,Cell 3,2920.0,1.25,-0.25,1.0,3.7310076487201775,0.5030969267139491,732.0779137150059,-0.040258902562099436
SOC,Cell 4,2920.0,1.25,0.0,1.25,3.719055688086443,0.523967452300789,2400.5219126053707,-0.025090799506964388
SOC,Cell 1,2930.0,1.25,0.0,1.25,3.7144697785660106,0.5231944444444404,2469.8553772106116,-0.024491957577036594
SOC,Cell 2,2930.0,1.25,0.0,1.25,3.7132371175106638,0.5098582766439953,1858.1368758280732,-0.03012019799593754
SOC,Cell 3,2930.0,1.25,-0.25,1.0,3.730584852143996,0.5025059101654857,733.1490605471672,-0.040262422452109016
SOC,Cell 4,2930.0,1.25,0.25,1.5,3.7190182656427733,0.5232659932659967,2371.4001536897495,-0.025716931891055637
SOC,Cell 1,2940.0,1.25,0.25,1.5,3.7145222271133442,0.522499999999996,2436.9110943370865,-0.02519331437238996
SOC,Cell 2,2940.0,1.25,0.0,1.25,3.7125857425731814,0.50914965986395,1859.1779134664903,-0.030121496872161733
SOC,Cell 3,2940.0,1.25,-0.25,1.0,3.730163986730451,0.5019148936170224,734.1903924422759,-0.04026598114523654
SOC,Cell 4,2940.0,1.25,0.0,1.25,3.717512521788931,0.5224242424242458,2406.42608400716,-0.025014854267294044
SOC,Cell 1,2950.0,1.25,0.0,1.25,3.713097478185247,0.5216666666666626,2468.326792002759,-0.024556924715072856
SOC,Cell 2,2950.0,1.25,0.0,1.25,3.711935495968067,0.5084410430839047,1860.1907581687701,-0.03012283306065616
SOC,Cell 3,2950.0,1.25,-0.25,1.0,3.729745035687119,0.501323877068559,735.2034137563292,-0.040269578690045854
SOC,Cell 4,2950.0,1.25,0.25,1.5,3.717485086062056,0.5217227833894534,2377.0358221071997,-0.025650597531063697
SOC,Cell 1,2960.0,1.25,0.25,1.5,3.7131405360733307,0.5209722222222182,2435.5268899829416,-0.025250011566566633
SOC,Cell 2,2960.0,1.25,0.0,1.25,3.711286389045605,0.5077324263038594,1861.176929485482,-0.030124206580764284
SOC,Cell 3,2960.0,1.25,-0.25,1.0,3.7293279819111733,0.5007328605200956,736.18962884598,-0.04027321513580551
SOC,Cell 4,2960.0,1.25,0.0,1.25,3.715988166992305,0.5208810325477026,2411.8080092267164,-0.02495693871702574
SOC,Cell 1,2970.0,1.25,0.0,1.25,3.7117074471934624,0.5201388888888848,2467.0789810700144,-0.024606395017678792
SOC,Cell 2,2970.0,1.25,0.0,1.25,3.710638432836136,0.5070238095238141,1862.137946967072,-0.030125617452474145
SOC,Cell 3,2970.0,1.25,-0.25,1.0,3.7289128079969194,0.5001418439716322,737.1505420684307,-0.04027689053249055
SOC,Cell 4,2970.0,1.25,0.25,1.5,3.7159685432799403,0.5201795735129102,2382.1781135848546,-0.025600057731788202
SOC,Cell 1,2980.0,1.25,0.25,1.5,3.7117430865430747,0.5194444444444404,2434.4080992391273,-0.025293167647456732
SOC,Cell 2,2980.0,1.25,0.0,1.25,3.7099916380457008,0.5063151927437688,1863.0753301640725,-0.030127065696419063
SOC,Cell 3,2980.0,1.25,-0.25,1.0,3.7284994962431433,0.49955082742316886,738.0876577814593,-0.040280604930784294
SOC,Cell 4,2980.0,1.25,0.0,1.25,3.714478553969696,0.5193378226711594,2416.724162217515,-0.02491286199499217
SOC,Cell 1,2990.0,1.25,0.0,1.25,3.7103035076196633,0.518611111111107,2466.0705879338766,-0.024644035421608566
SOC,Cell 2,2990.0,1.25,0.0,1.25,3.709346132486627,0.5056065759637235,1863.9788664935768,-0.030128551270321748
SOC,Cell 3,2990.0,1.25,-0.25,1.0,3.728088127610565,0.49895981087470553,738.9908478680786,-0.04028435829474402
SOC,Cell 4,2990.0,1.25,0.25,1.5,3.7144652133378124,0.518636363636367,2386.869262040983,-0.02556164544824522
SOC,Cell 1,3000.0,1.25,0.25,1.5,3.7103333880590954,0.5179166666666626,2433.5028702517943,-0.02532599112802331
SOC,Cell 2,3000.0,1.25,0.0,1.25,3.708701826954436,0.5048979591836782,1864.8610155504794,-0.030130074248710607
SOC,Cell 3,3000.0,1.25,-0.25,1.0,3.727678597993733,0.4983687943262422,739.8726582920879,-0.04028815075067207
SOC,Cell 4,3000.0,1.25,0.0,1.25,3.712980859244139,0.5177946127946161,2421.2017823761635,-0.024879415379918397
SOC,Cell 1,3000.0000000000005,0.0,0.25,0.25,3.740437896470302,0.5179166666666626,2433.5028702517957,0.0047785172831834285
SOC,Cell 2,3000.0000000000005,0.0,0.0,0.0,3.738831901203147,0.5048979591836782,1864.8610155504794,0.0
SOC,Cell 3,3000.0000000000005,0.0,-0.25,-0.25,3.7579667487444053,0.4983687943262422,739.8726582920879,-0.009999999999999993
SOC,Cell 4,3000.0000000000005,0.0,0.0,0.0,3.7430817573408737,0.5177946127946161,2421.2017823761626,0.005221482716816572
SOC,Cell 1,3010.0,0.0,0.0,0.0,3.7439615417263914,0.5177777777777737,2279.5644624807787,0.00543120262278547
SOC,Cell 2,3010.0,0.0,0.0,0.0,3.7431167077268537,0.5048979591836782,1680.0128339102957,0.0
SOC,Cell 3,3010.0,0.0,-0.25,-0.25,3.761797312798739,0.498516548463358,555.0237394619999,-0.009999999999999993
SOC,Cell 4,3010.0,0.0,0.25,0.25,3.7481245802051024,0.5177946127946161,2205.446294678676,0.00456879737721453
SOC,Cell 1,3020.0,0.0,0.25,0.25,3.747135306691095,0.5177777777777737,2132.296439061233,0.004752302294937286
SOC,Cell 2,3020.0,0.0,0.0,0.0,3.7456328767541676,0.5048979591836782,1566.0528699441056,0.0
SOC,Cell 3,3020.0,0.0,-0.25,-0.25,3.7641243653630556,0.49866430260047384,441.06179498345637,-0.009999999999999993
SOC,Cell 4,3020.0,0.0,0.0,0.0,3.7498637031940887,0.5176543209876576,2124.7957666707252,0.005247697705062714
SOC,Cell 1,3030.0,0.0,0.0,0.0,3.7481060161928204,0.5176388888888848,2078.1549338428727,0.005408264508070125
SOC,Cell 2,3030.0,0.0,0.0,0.0,3.7474303921246603,0.5048979591836782,1480.874388309865,0.0
SOC,Cell 3,3030.0,0.0,-0.25,-0.25,3.7658392824809104,0.49881205673758966,355.8759145147096,-0.009999999999999993
SOC,Cell 4,3030.0,0.0,0.25,0.25,3.7523383079723214,0.5176543209876576,2008.5731168240027,0.004591735491929875
SOC,Cell 1,3040.0,0.0,0.25,0.25,3.7501647190964746,0.5176388888888848,1975.0404517308223,0.00473223144456136
SOC,Cell 2,3040.0,0.0,0.0,0.0,3.7488479422037804,0.5048979591836782,1410.9473834414093,0.0
SOC,Cell 3,3040.0,0.0,-0.25,-0.25,3.767228649338218,0.4989598108747055,285.96875245929164,-0.009999999999999993
SOC,Cell 4,3040.0,0.0,0.0,0.0,3.7529509011401596,0.5175140291806991,1971.8268721613547,0.00526776855543864
SOC,Cell 1,3050.0,0.0,0.0,0.0,3.7505068753387834,0.5174999999999959,1946.0495934286569,0.00539070251399119
SOC,Cell 2,3050.0,0.0,0.0,0.0,3.7500228786736436,0.5048979591836782,1350.7946524845393,0.0
SOC,Cell 3,3050.0,0.0,-0.25,-0.25,3.7684103372130964,0.4991075650118213,225.81104020580005,-0.009999999999999993
SOC,Cell 4,3050.0,0.0,0.25,0.25,3.754790134707284,0.5175140291806991,1880.5147436672846,0.0046092974860088105
SOC,Cell 1,3060.0,0.0,0.25,0.25,3.7521582131498317,0.5174999999999959,1859.4142799599977,0.004716864699742291
SOC,Cell 2,3060.0,0.0,0.0,0.0,3.751035655935725,0.5048979591836782,1297.2216968785579,0.0
SOC,Cell 3,3060.0,0.0,-0.25,-0.25,3.7694526694479875,0.4992553191489371,172.22992289213335,-0.009999999999999993
SOC,Cell 4,3060.0,0.0,0.0,0.0,3.7549911754114595,0.5173737373737406,1860.0165779201884,0.005283135300257709
SOC,Cell 1,3070.0,0.0,0.0,0.0,3.7522176196371912,0.5173611111111069,1842.0000942955564,0.005377256612274505
SOC,Cell 2,3070.0,0.0,0.0,0.0,3.7519287659615568,0.5048979591836782,1248.5397230970484,0.0
SOC,Cell 3,3070.0,0.0,-0.25,-0.25,3.770391678293347,0.49940307328605293,123.54829649811654,-0.009999999999999993
SOC,Cell 4,3070.0,0.0,0.25,0.25,3.75654492565235,0.5173737373737406,1780.0684105040377,0.004622743387725495
SOC,Cell 1,3080.0,0.0,0.25,0.25,3.753654526165612,0.5173611111111069,1764.2533048060318,0.004705099535740192
SOC,Cell 2,3080.0,0.0,0.0,0.0,3.7527268445961184,0.5048979591836782,1203.7683487962786,0.0
SOC,Cell 3,3080.0,0.0,-0.25,-0.25,3.7712484354419,0.49955082742316875,78.78216531324574,-0.009999999999999993
SOC,Cell 4,3080.0,0.0,0.0,0.0,3.756529317500896,0.5172334455667821,1768.2649218322622,0.0052949004642598085
SOC,Cell 1,3090.0,0.0,0.0,0.0,3.753542890042902,0.517222222222218,1754.0200455046354,0.005366962093772668
SOC,Cell 2,3090.0,0.0,0.0,0.0,3.7534483790123634,0.5048979591836782,1162.1741453481372,0.0
SOC,Cell 3,3090.0,0.0,-0.25,-0.25,3.772039033192375,0.49969858156028457,37.186465025015195,-0.009999999999999993
SOC,Cell 4,3090.0,0.0,0.25,0.25,3.7579102958354813,0.5172334455667821,1695.3094562475774,0.004633037906227332
SOC,Cell 1,3100.0,0.0,0.25,0.25,3.7548414002552652,0.517222222222218,1682.1654930231143,0.004696091832051085
SOC,Cell 2,3100.0,0.0,0.0,0.0,3.7541074944007438,0.5048979591836782,1123.1980634120846,0.0
SOC,Cell 3,3100.0,0.0,-0.25,-0.25,3.7727754811048313,0.4998463356974004,-1.7922404211083176,-0.009999999999999993
SOC,Cell 4,3100.0,0.0,0.0,0.0,3.7577549819714897,0.5170931537598236,1689.2157160964643,0.005303908167948916
SOC,Cell 1,3110.0,0.0,0.0,0.0,3.7546158000658494,0.5170833333333291,1676.8580083505362,0.005359080353044699
SOC,Cell 2,3110.0,0.0,0.0,0.0,3.7547141947435136,0.5048979591836782,1086.444357436747,0.0
SOC,Cell 3,3110.0,0.0,-0.25,-0.25,3.77346632484833,0.4999940898345162,-38.54769680798631,-0.009999999999999993
SOC,Cell 4,3110.0,0.0,0.25,0.25,3.7590208306689146,0.5170931537598236,1621.0164536143618,0.004640919646955301
SOC,Cell 1,3120.0,0.0,0.25,0.25,3.7558179901523743,0.5170833333333291,1609.2314602714814,0.0046891953089141115
SOC,Cell 2,3120.0,0.0,0.0,0.0,3.755275965058968,0.5048979591836782,1051.6173918206987,0.0
SOC,Cell 3,3120.0,0.0,-0.25,-0.25,3.774117951752978,0.5001418439716321,-73.37371590790076,-0.009999999999999993
SOC,Cell 4,3120.0,0.0,0.0,0.0,3.7587681189833306,0.516952861952865,1618.9915927900547,0.005310804691085889
SOC,Cell 1,3130.0,0.0,0.0,0.0,3.755509134076732,0.5169444444444402,1607.636074379829,0.005353045895299847
SOC,Cell 2,3130.0,0.0,0.0,0.0,3.7557982969137473,0.5048979591836782,1018.5006178134645,0.0
SOC,Cell 3,3130.0,0.0,-0.25,-0.25,3.7747351709001733,0.500289598108748,-106.49131521232971,-0.009999999999999993
SOC,Cell 4,3130.0,0.0,0.25,0.25,3.7599496836748574,0.516952861952865,1554.3540421401517,0.004646954104700153
SOC,Cell 1,3140.0,0.0,0.25,0.25,3.7566384302893394,0.5169444444444402,1543.312703581244,0.004683915158387366
SOC,Cell 2,3140.0,0.0,0.0,0.0,3.7562859199218153,0.5048979591836782,986.9083533688026,0.0
SOC,Cell 3,3140.0,0.0,-0.25,-0.25,3.775321979118002,0.5004373522458638,-138.0830352364053,-0.009999999999999993
SOC,Cell 4,3140.0,0.0,0.0,0.0,3.75962304585339,0.5168125701459065,1555.4914975916163,0.005316084841612634
SOC,Cell 1,3150.0,0.0,0.0,0.0,3.7562654153559683,0.5168055555555513,1544.6756054658497,0.005348425763588945
SOC,Cell 2,3150.0,0.0,0.0,0.0,3.7567428496234925,0.5048979591836782,956.6836451830677,0.0
SOC,Cell 3,3150.0,0.0,-0.25,-0.25,3.775881877223828,0.5005851063829797,-168.3073700314328,-0.009999999999999993
SOC,Cell 4,3150.0,0.0,0.25,0.25,3.7607394740074205,0.5168125701459065,1493.6783370881421,0.004651574236411055
SOC,Cell 1,3160.0,0.0,0.25,0.25,3.757337856499454,0.5168055555555513,1483.0223510501319,0.004679872543140327
SOC,Cell 2,3160.0,0.0,0.0,0.0,3.7571724136282185,0.5048979591836782,927.6970582179711,0.0
SOC,Cell 3,3160.0,0.0,-0.25,-0.25,3.7764177668794123,0.5007328605200956,-197.29491195890864,-0.009999999999999993
SOC,Cell 4,3160.0,0.0,0.0,0.0,3.7603550563508805,0.516672278338948,1497.358507183757,0.005320127456859673
SOC,Cell 1,3170.0,0.0,0.0,0.0,3.756914159590925,0.5166666666666624,1486.812091210735,0.005344888475247786
SOC,Cell 2,3170.0,0.0,0.0,0.0,3.7575775023426177,0.5048979591836782,899.8367080680619,0.0
SOC,Cell 3,3170.0,0.0,-0.25,-0.25,3.7769321296642318,0.5008806146572115,-225.1565475410555,-0.009999999999999993
SOC,Cell 4,3170.0,0.0,0.25,0.25,3.7614199239247568,0.516672278338948,1437.8510609500781,0.004655111524752214
SOC,Cell 1,3180.0,0.0,0.25,0.25,3.7579410682303935,0.5166666666666624,1427.3833817087993,0.004676777415841813
SOC,Cell 2,3180.0,0.0,0.0,0.0,3.757960302847896,0.5048979591836782,873.018693465172,0.0
SOC,Cell 3,3180.0,0.0,-0.25,-0.25,3.777426836784572,0.5010283687943273,-251.9755387634002,-0.009999999999999993
SOC,Cell 4,3180.0,0.0,0.0,0.0,3.7609890785816043,0.5165319865319895,1443.642779753769,0.005323222584158187
SOC,Cell 1,3190.0,0.0,0.0,0.0,3.7574761620133947,0.5165277777777735,1433.2284952489993,0.005342180238861587
SOC,Cell 2,3190.0,0.0,0.0,0.0,3.7583230168008805,0.5048979591836782,847.1587160054842,0.0
SOC,Cell 3,3190.0,0.0,-0.25,-0.25,3.77790383177023,0.5011761229314432,-277.8373556767233,-0.009999999999999993
SOC,Cell 4,3190.0,0.0,0.25,0.25,3.7620118788454087,0.5165319865319895,1386.0831222431661,0.004657819761138413
SOC,Cell 1,3200.0,0.0,0.25,0.25,3.7584655343942166,0.5165277777777735,1375.7120466334595,0.004674407709003889
SOC,Cell 2,3200.0,0.0,0.0,0.0,3.7586670445653203,0.5048979591836782,822.2042017840504,0.0
SOC,Cell 3,3200.0,0.0,-0.25,-0.25,3.7783641995763815,0.5013238770685591,-302.78962085792205,-0.009999999999999993
SOC,Cell 4,3200.0,0.0,0.0,0.0,3.7615426150001996,0.516391694725031,1393.686930764049,0.005325592290996111
SOC,Cell 1,3210.0,0.0,0.0,0.0,3.7579661095910653,0.5163888888888846,1383.3528124534162,0.005340106745378403
SOC,Cell 2,3210.0,0.0,0.0,0.0,3.7589940296163666,0.5048979591836782,798.0930384988678,0.0
SOC,Cell 3,3210.0,0.0,-0.25,-0.25,3.7788095756362816,0.501471631205675,-326.9032088423987,-0.009999999999999993
SOC,Cell 4,3210.0,0.0,0.25,0.25,3.7625300261941437,0.516391694725031,1337.8280532572799,0.004659893254621597
SOC,Cell 1,3220.0,0.0,0.25,0.25,3.758923746873771,0.5163888888888846,1327.5243188133882,0.004672593402206103
SOC,Cell 2,3220.0,0.0,0.0,0.0,3.7593051481869804,0.5048979591836782,774.7816097078612,0.0
SOC,Cell 3,3220.0,0.0,-0.25,-0.25,3.779240727525227,0.5016193853427908,-350.21102362424267,-0.009999999999999993
SOC,Cell 4,3220.0,0.0,0.0,0.0,3.762028179576705,0.5162514029180725,1347.029887165733,0.0053274065977938975
SOC,Cell 1,3230.0,0.0,0.0,0.0,3.7583949694802192,0.5162499999999957,1336.7614000926153,0.00533851922693034
SOC,Cell 2,3230.0,0.0,0.0,0.0,3.7596015804665655,0.5048979591836782,752.2260102981818,0.0
SOC,Cell 3,3230.0,0.0,-0.25,-0.25,3.7796589513256738,0.5017671394799067,-372.76864818909166,-0.009999999999999993
SOC,Cell 4,3230.0,0.0,0.25,0.25,3.7629853825455517,0.5162514029180725,1292.6831369794704,0.00466148077306966
SOC,Cell 1,3240.0,0.0,0.25,0.25,3.759325432116831,0.5162499999999957,1282.4452626710777,0.004671204323564047
SOC,Cell 2,3240.0,0.0,0.0,0.0,3.759884420534842,0.5048979591836782,730.3856894332639,0.0
SOC,Cell 3,3240.0,0.0,-0.25,-0.25,3.7800649833585713,0.5019148936170226,-394.6071011999845,-0.009999999999999993
SOC,Cell 4,3240.0,0.0,0.0,0.0,3.7624555546400646,0.516111111111114,1303.3165488008926,0.005328795676435953
SOC,Cell 1,3250.0,0.0,0.0,0.0,3.758771492872516,0.5161111111111067,1293.116922431901,0.005337303783118541
SOC,Cell 2,3250.0,0.0,0.0,0.0,3.7601545693664145,0.5048979591836782,709.2275065493814,0.0
SOC,Cell 3,3250.0,0.0,-0.25,-0.25,3.7804597566188582,0.5020626477541384,-415.7660793994494,-0.009999999999999993
SOC,Cell 4,3250.0,0.0,0.25,0.25,3.7633867901051605,0.516111111111114,1250.3288415123275,0.004662696216881459
SOC,Cell 1,3260.0,0.0,0.25,0.25,3.759678537627618,0.5161111111111067,1240.1679713427457,0.004670140810228723
SOC,Cell 2,3260.0,0.0,0.0,0.0,3.7604129429947086,0.5048979591836782,688.717470759213,0.0
SOC,Cell 3,3260.0,0.0,-0.25,-0.25,3.7808439894562693,0.5022104018912543,-436.2757680398586,-0.009999999999999993
SOC,Cell 4,3260.0,0.0,0.0,0.0,3.7628327768186676,0.5159708193041554,1262.2573048204395,0.005329859189771277
SOC,Cell 1,3270.0,0.0,0.25,0.25,3.759102828575113,0.5159722222222178,1252.1426302962282,0.0053363732089501325
SOC,Cell 2,3270.0,0.0,0.0,0.0,3.7606602829432143,0.5048979591836782,668.828306722542,0.0
SOC,Cell 3,3270.0,0.0,-0.25,-0.25,3.7812183734405767,0.5023581560283702,-456.16548927431654,-0.009999999999999993
SOC,Cell 4,3270.0,0.0,0.0,0.0,3.763741488504233,0.5159708193041554,1210.50482157334,0.004663626791049868
SOC,Cell 1,3280.0,0.0,0.0,0.0,3.7586006341835723,0.5158333333333289,1262.941253762985,0.005919326557831366
SOC,Cell 2,3280.0,0.0,0.0,0.0,3.760897302686028,0.5048979591836782,649.5334136271849,0.0
SOC,Cell 3,3280.0,0.0,-0.25,-0.25,3.7815835065885395,0.5025059101654861,-475.46052898344215,-0.009999999999999993
SOC,Cell 4,3280.0,0.0,0.25,0.25,3.7645566848184124,0.5159708193041554,1161.1167177857428,0.004080673442168634
SOC,Cell 1,3290.0,0.0,0.25,0.25,3.7595510147394244,0.5158333333333289,1210.1399529029457,0.005179410738102445
SOC,Cell 2,3290.0,0.0,0.0,0.0,3.761124611386556,0.5048979591836782,630.8101578531132,0.0
SOC,Cell 3,3290.0,0.0,-0.25,-0.25,3.7819399409313457,0.5026536643026019,-494.18442632360643,-0.009999999999999993
SOC,Cell 4,3290.0,0.0,0.0,0.0,3.76389909045758,0.5158305274971969,1176.4722668688332,0.004820589261897555
SOC,Cell 1,3300.0,0.0,0.0,0.0,3.759011402333527,0.51569444444444,1222.2814895938814,0.005781984395839639
SOC,Cell 2,3300.0,0.0,0.0,0.0,3.761342784718141,0.5048979591836782,612.6367658198142,0.0
SOC,Cell 3,3300.0,0.0,-0.25,-0.25,3.782288158053074,0.5028014184397178,-512.3578751365662,-0.009999999999999993
SOC,Cell 4,3300.0,0.0,0.25,0.25,3.7647152332135074,0.5158305274971969,1127.9842570231958,0.004218015604160361
SOC,Cell 1,3310.0,0.0,0.25,0.25,3.7599278507491474,0.51569444444444,1170.7702462320217,0.005059236346359684
SOC,Cell 2,3310.0,0.0,0.0,0.0,3.7615523312199572,0.5048979591836782,594.9939131487481,0.0
SOC,Cell 3,3310.0,0.0,-0.25,-0.25,3.7826286495360115,0.5029491725768337,-530.0021774005465,-0.009999999999999993
SOC,Cell 4,3310.0,0.0,0.0,0.0,3.7640572126349965,0.5156902356902384,1144.211411785717,0.004940763653640316
SOC,Cell 1,3320.0,0.0,0.0,0.0,3.75935746231869,0.5155555555555511,1184.1499043776685,0.0056768318030647235
SOC,Cell 2,3320.0,0.0,0.0,0.0,3.761753790288802,0.5048979591836782,577.8606911421593,0.0
SOC,Cell 3,3320.0,0.0,-0.25,-0.25,3.7829618376350442,0.5030969267139496,-547.1358848052255,-0.009999999999999993
SOC,Cell 4,3320.0,0.0,0.25,0.25,3.764871834427317,0.5156902356902384,1096.5663172581797,0.004323168196935277
SOC,Cell 1,3330.0,0.0,0.25,0.25,3.7602459120874427,0.5155555555555511,1133.8293575059067,0.004967227827681633
SOC,Cell 2,3330.0,0.0,0.0,0.0,3.7619475162827793,0.5048979591836782,561.2232144464942,0.0
SOC,Cell 3,3330.0,0.0,-0.25,-0.25,3.7832880269598106,0.5032446808510654,-563.7727178005762,-0.009999999999999993
SOC,Cell 4,3330.0,0.0,0.0,0.0,3.7642113336629266,0.5155499438832799,1113.6116427333795,0.0050327721723183675
SOC,Cell 1,3340.0,0.0,0.0,0.0,3.759649840697326,0.5154166666666622,1148.3618024641241,0.005596324349221428
SOC,Cell 2,3340.0,0.0,0.0,0.0,3.762133831611579,0.5048979591836782,545.0685436296844,0.0
SOC,Cell 3,3340.0,0.0,-0.25,-0.25,3.783607579831197,0.5033924349881813,-579.9290773190278,-0.009999999999999993
SOC,Cell 4,3340.0,0.0,0.25,0.25,3.765022516648526,0.5155499438832799,1066.768115235085,0.004403675650778572
SOC,Cell 1,3350.0,0.0,0.25,0.25,3.7605148094230265,0.5154166666666622,1099.1521462850803,0.00489678380556875
SOC,Cell 2,3350.0,0.0,0.0,0.0,3.7623133303099143,0.5048979591836782,529.37283726639,0.0
SOC,Cell 3,3350.0,0.0,-0.25,-0.25,3.7839209353453795,0.5035401891252972,-595.6248366874213,-0.009999999999999993
SOC,Cell 4,3350.0,0.0,0.0,0.0,3.764357998320543,0.5154096520763214,1084.590204752429,0.0051032161944312504
SOC,Cell 1,3360.0,0.0,0.0,0.0,3.7598973052301545,0.5152777777777733,1114.7523539245233,0.005534685829872656
SOC,Cell 2,3360.0,0.0,0.0,0.0,3.762486193726133,0.5048979591836782,514.128101897455,0.0
SOC,Cell 3,3360.0,0.0,-0.25,-0.25,3.7842282592472047,0.5036879432624131,-610.8685009264375,-0.009999999999999993
SOC,Cell 4,3360.0,0.0,0.25,0.25,3.765164709115933,0.5154096520763214,1038.49967734579,0.004465314170127344
SOC,Cell 1,3370.0,0.0,0.25,0.25,3.760742478740252,0.5152777777777733,1066.5778583258889,0.004842850101138574
SOC,Cell 2,3370.0,0.0,0.0,0.0,3.7626526646392033,0.5048979591836782,499.3236574053226,0.0
SOC,Cell 3,3370.0,0.0,-0.25,-0.25,3.7845297791693,0.5038356973995289,-625.6714216913838,-0.009999999999999993
SOC,Cell 4,3370.0,0.0,0.0,0.0,3.764495108123208,0.5152693602693629,1057.062363617864,0.005157149898861426
SOC,Cell 1,3380.0,0.0,0.0,0.0,3.760106601876255,0.5151388888888844,1083.1837947471145,0.005487493838496253
SOC,Cell 2,3380.0,0.0,0.0,0.0,3.7628131505520663,0.5048979591836782,484.9422763000839,0.0
SOC,Cell 3,3380.0,0.0,-0.25,-0.25,3.7848259494786145,0.5039834515366448,-640.0545629980529,-0.009999999999999993
SOC,Cell 4,3380.0,0.0,0.25,0.25,3.7652963310312892,0.5152693602693629,1011.6963431323212,0.004512506161503747
SOC,Cell 1,3390.0,0.0,0.25,0.25,3.7609349348110386,0.5151388888888844,1035.9759658753776,0.004801557108684221
SOC,Cell 2,3390.0,0.0,0.0,0.0,3.7629679479162697,0.5048979591836782,470.9707375295038,0.0
SOC,Cell 3,3390.0,0.0,-0.25,-0.25,3.785116893346518,0.5041312056737607,-654.0253418908867,-0.009999999999999993
SOC,Cell 4,3390.0,0.0,0.0,0.0,3.7646211133493033,0.5151290684624044,1030.960334580226,0.005198442891315779
SOC,Cell 1,3400.0,0.0,0.0,0.0,3.7602835075457164,0.5149999999999955,1053.5150258380622,0.005451362470098694
SOC,Cell 2,3400.0,0.0,0.0,0.0,3.763117231326847,0.5048979591836782,457.4002400842728,0.0
SOC,Cell 3,3400.0,0.0,-0.25,-0.25,3.785402805150893,0.5042789598108766,-667.594349138976,-0.009999999999999993
SOC,Cell 4,3400.0,0.0,0.25,0.25,3.765416512833159,0.5151290684624044,986.2786250835383,0.004548637529901306
SOC,Cell 1,3410.0,0.0,0.25,0.25,3.761097261057527,0.5149999999999955,1007.2160207397717,0.004769942161336357
SOC,Cell 2,3410.0,0.0,0.0,0.0,3.7632612501756606,0.5048979591836782,444.21902167594817,0.0
SOC,Cell 3,3410.0,0.0,-0.25,-0.25,3.7856839899117793,0.5044267139479924,-680.7765780498935,-0.009999999999999993
SOC,Cell 4,3410.0,0.0,0.0,0.0,3.7647351958538797,0.5149887766554458,1006.2153653808508,0.0052300578386636435
SOC,Cell 1,3420.0,0.0,0.0,0.0,3.7604323353770908,0.5148611111111066,1025.6320707285627,0.005423699391169312
SOC,Cell 2,3420.0,0.0,0.0,0.0,3.763400320905289,0.5048979591836782,431.4127808693811,0.0
SOC,Cell 3,3420.0,0.0,-0.25,-0.25,3.7859606345672483,0.5045744680851083,-693.5826036180001,-0.009999999999999993
SOC,Cell 4,3420.0,0.0,0.25,0.25,3.76552449402348,0.5149887766554458,962.1868890406549,0.004576300608830688
SOC,Cell 1,3430.0,0.0,0.25,0.25,3.761233575185904,0.5148611111111066,980.1792108548264,0.004745736967273148
SOC,Cell 2,3430.0,0.0,0.0,0.0,3.7635346042456543,0.5048979591836782,418.97257736515166,0.0
SOC,Cell 3,3430.0,0.0,-0.25,-0.25,3.786232909922195,0.5047222222222242,-706.0225226764949,-0.009999999999999993
SOC,Cell 4,3430.0,0.0,0.0,0.0,3.7648370792168446,0.5148484848484873,982.7589920625809,0.005254263032726852
SOC,Cell 1,3440.0,0.0,0.0,0.0,3.760556914127362,0.5147222222222176,999.4160742560657,0.005402519846364005
SOC,Cell 2,3440.0,0.0,0.0,0.0,3.7636642944761913,0.5048979591836782,406.8881343972389,0.0
SOC,Cell 3,3440.0,0.0,-0.25,-0.25,3.7865010113428923,0.5048699763593401,-718.107218392654,-0.009999999999999993
SOC,Cell 4,3440.0,0.0,0.25,0.25,3.7656201931497306,0.5148484848484873,939.3528123031135,0.0045974801536359956
SOC,Cell 1,3450.0,0.0,0.25,0.25,3.7613471670242284,0.5147222222222176,954.7580571239043,0.0047272048655685045
SOC,Cell 2,3450.0,0.0,-0.25,-0.25,3.7637896287787136,0.5048979591836782,395.14816274750046,0.0
SOC,Cell 3,3450.0,0.0,0.0,0.0,3.7867651275159537,0.5050177304964559,-729.8473523059743,-0.009999999999999993
SOC,Cell 4,3450.0,0.0,0.0,0.0,3.764926628074348,0.5147081930415288,960.531576813517,0.005272795134431496
SOC,Cell 1,3460.0,0.0,0.0,0.0,3.76066023480359,0.5145833333333287,974.7636651392753,0.005386304257372442
SOC,Cell 2,3460.0,0.0,0.0,0.0,3.7653024909765285,0.5050396825396872,321.243274398832,-0.00125
SOC,Cell 3,3460.0,0.0,-0.25,-0.25,3.7856276523293726,0.5050177304964559,-678.7524500532422,-0.008749999999999994
SOC,Cell 4,3460.0,0.0,0.25,0.25,3.7657036609304257,0.5147081930415288,917.7164704679197,0.0046136957426275585
SOC,Cell 1,3470.0,0.0,0.25,0.25,3.7614408441656852,0.5145833333333287,930.8498474483082,0.004713016225200886
SOC,Cell 2,3470.0,0.0,-0.25,-0.25,3.7652633516109386,0.5050396825396872,313.63617074163227,-0.00109375
SOC,Cell 3,3470.0,0.0,0.0,0.0,3.786040501347584,0.5051654846335718,-693.3043154019285,-0.008906249999999994
SOC,Cell 4,3470.0,0.0,0.0,0.0,3.7650040658753245,0.5145679012345703,939.4719551861685,0.005286983774799114
SOC,Cell 1,3480.0,0.0,0.0,0.0,3.7607448212386374,0.5144444444444398,951.5765167877578,0.005373889197050776
SOC,Cell 2,3480.0,0.0,0.0,0.0,3.7666316243057123,0.5051814058956963,243.65227074978915,-0.0022070312500000002
SOC,Cell 3,3480.0,0.0,-0.25,-0.25,3.785032558052079,0.5051654846335718,-644.8473505609242,-0.007792968749999995
SOC,Cell 4,3480.0,0.0,0.25,0.25,3.7657751452009856,0.5145679012345703,897.2195267578385,0.004626110802949225
SOC,Cell 1,3490.0,0.0,0.25,0.25,3.76151689107938,0.5144444444444398,908.3608690616844,0.004702153047419428
SOC,Cell 2,3490.0,0.0,-0.25,-0.25,3.766465326653888,0.5051814058956963,239.76556847714733,-0.0019311523437500003
SOC,Cell 3,3490.0,0.0,0.0,0.0,3.7855581381848546,0.5053132387706877,-661.8731455791117,-0.008068847656249996
SOC,Cell 4,3490.0,0.0,0.0,0.0,3.7650697179773127,0.5144276094276118,919.5236245592108,0.005297846952580572
SOC,Cell 1,3500.0,0.0,0.0,0.0,3.7608128151091846,0.5143055555555509,929.7638649892557,0.005364383916492
SOC,Cell 2,3500.0,0.0,0.0,0.0,3.767721678833158,0.5053231292517053,173.31260465478198,-0.0029397583007812504
SOC,Cell 3,3500.0,0.0,-0.25,-0.25,3.7846482080700574,0.5053132387706877,-615.7351579042595,-0.007060241699218746
SOC,Cell 4,3500.0,0.0,0.25,0.25,3.7658350671934486,0.5144276094276118,877.8063922495505,0.004635616083508
SOC,Cell 1,3510.0,0.0,0.25,0.25,3.761577237626244,0.5143055555555509,887.2039101266461,0.0046938359269305
SOC,Cell 2,3510.0,0.0,-0.25,-0.25,3.76745679779233,0.5053231292517053,172.77769327865346,-0.002572288513183594
SOC,Cell 3,3510.0,0.0,0.0,0.0,3.7852589438051307,0.5054609929078036,-634.9339740368796,-0.007427711486816403
SOC,Cell 4,3510.0,0.0,0.0,0.0,3.765123988354904,0.5142873176206533,900.6329384072365,0.0053061640730695005
SOC,Cell 1,3520.0,0.0,0.0,0.0,3.7608658923857097,0.514166666666662,909.242715577362,0.005357106436064187
SOC,Cell 2,3520.0,0.0,0.0,0.0,3.768626250889944,0.5054648526077143,109.50703221703944,-0.003500752449035645
SOC,Cell 3,3520.0,0.0,-0.25,-0.25,3.7844229432315055,0.5054609929078036,-590.8317385044768,-0.006499247550964353
SOC,Cell 4,3520.0,0.0,0.25,0.25,3.765883774800033,0.5142873176206533,859.4257577493202,0.004642893563935813
SOC,Cell 1,3530.0,0.0,0.25,0.25,3.7616233816494695,0.514166666666662,867.2995778279433,0.004687468131556164
SOC,Cell 2,3530.0,0.0,-0.25,-0.25,3.768284768469347,0.5054648526077143,111.99294908687415,-0.003063158392906189
SOC,Cell 3,3530.0,0.0,0.0,0.0,3.78509790181913,0.5056087470449194,-611.9390027795158,-0.006936841607093808
SOC,Cell 4,3530.0,0.0,0.0,0.0,3.765167243435432,0.5141470258136948,882.7499594473268,0.0053125318684438365
SOC,Cell 1,3540.0,0.0,0.0,0.0,3.7609055220597067,0.5140277777777731,889.9348434953273,0.005351534615111644
SOC,Cell 2,3540.0,0.0,-0.25,-0.25,3.7693866961645965,0.5056065759637234,51.58942425209307,-0.003930263593792916
SOC,Cell 3,3540.0,0.0,0.0,0.0,3.784317591916605,0.5056087470449194,-569.6242038505654,-0.006069736406207083
SOC,Cell 4,3540.0,0.0,0.25,0.25,3.765921783917783,0.5141470258136948,842.0266970137986,0.0046484653848883565
SOC,Cell 1,3550.0,0.0,0.25,0.25,3.761656847421175,0.5140277777777731,848.5692415526383,0.004682592788222688
SOC,Cell 2,3550.0,0.0,0.0,0.0,3.7703772839546694,0.5057482993197324,-5.701479212167669,-0.004688980644568802
SOC,Cell 3,3550.0,0.0,-0.25,-0.25,3.7836429404372867,0.5056087470449194,-529.9031161897339,-0.005311019355431198
SOC,Cell 4,3550.0,0.0,0.0,0.0,3.7652001436298934,0.5140067340067362,865.8226193642761,0.005317407211777312
SOC,Cell 1,3560.0,0.0,0.0,0.0,3.760933037176703,0.5138888888888842,871.7658336020867,0.005347268689694852
SOC,Cell 2,3560.0,0.0,-0.25,-0.25,3.769878445748199,0.5057482993197324,2.454799574587753,-0.004102858063997701
SOC,Cell 3,3560.0,0.0,0.0,0.0,3.784458228627943,0.5057565011820353,-555.1240513304942,-0.005897141936002298
SOC,Cell 4,3560.0,0.0,0.25,0.25,3.76594962188193,0.5140067340067362,825.5607649272466,0.004652731310305148
SOC,Cell 1,3570.0,0.0,0.25,0.25,3.7616786490737164,0.5138888888888842,830.9451340331779,0.004678860103482996
SOC,Cell 2,3570.0,0.0,0.0,0.0,3.7708418117421014,0.5058900226757415,-52.570288111059426,-0.0048400008059979885
SOC,Cell 3,3570.0,0.0,-0.25,-0.25,3.7837999164558864,0.5057565011820353,-516.6717499139866,-0.005159999194002011
SOC,Cell 4,3570.0,0.0,0.0,0.0,3.7652230126769526,0.5138664421997777,849.8072510301353,0.005321139896517005
SOC,Cell 1,3580.0,0.0,0.0,0.0,3.7609493384263475,0.5137499999999953,854.6708861059934,0.005344002590547622
SOC,Cell 2,3580.0,0.0,-0.25,-0.25,3.7703186188315576,0.5058900226757415,-42.25979685834682,-0.00423500070524824
SOC,Cell 3,3580.0,0.0,0.0,0.0,3.7846290688112565,0.5059042553191512,-543.0781728364138,-0.005764999294751759
SOC,Cell 4,3580.0,0.0,0.25,0.25,3.765967608444683,0.5138664421997777,809.9854972026768,0.0046559974094523785
SOC,Cell 1,3590.0,0.0,0.25,0.25,3.761689673524918,0.5137499999999953,814.3635351567132,0.0046760022667291685
SOC,Cell 2,3590.0,0.0,0.0,0.0,3.771260214684278,0.5060317460317505,-95.23772604915234,-0.00495562561709221
SOC,Cell 3,3590.0,0.0,-0.25,-0.25,3.7839824672122253,0.5059042553191512,-505.7329700946091,-0.00504437438290779
SOC,Cell 4,3590.0,0.0,0.0,0.0,3.765236262401241,0.5137261503928192,834.6606193520922,0.005323997733270832
SOC,Cell 1,3600.0,0.0,0.0,0.0,3.760955347206576,0.5136111111111064,838.5861812226681,0.005341501983388022
SOC,Cell 2,3600.0,0.0,-0.25,-0.25,3.7707175355641747,0.5060317460317505,-82.98166444284897,-0.004336172414955684
SOC,Cell 3,3600.0,0.0,0.0,0.0,3.7848214070604937,0.506052009456267,-533.1716316416604,-0.005663827585044316
SOC,Cell 4,3600.0,0.0,0.25,0.25,3.7659762953615505,0.5137261503928192,795.2556592959144,0.004658498016611978
Electrochemical,Cell 1,0.0,2.5,0.25,2.75,3.982064065887455,0.8,0.0,-0.060014630586120374
Electrochemical,Cell 2,0.0,2.5,0.0,2.5,3.945280337275225,0.76,-3.637978807091713e-12,-0.05845160113107496
Electrochemical,Cell 3,0.0,2.5,-0.25,2.25,3.9095096089426438,0.72,0.0,-0.05724692476410312
Electrochemical,Cell 4,0.0,2.5,0.0,2.5,3.9637701239323655,0.78,0.0,-0.05918350596294818
Electrochemical,Cell 1,10.0,2.5,0.25,2.75,3.971002057090456,0.7984722222222222,433.93896996434705,-0.058518570668630004
Electrochemical,Cell 2,10.0,2.5,0.0,2.5,3.9356908875930343,0.7585827664399093,371.4393414412225,-0.05826100588793959
Electrochemical,Cell 3,10.0,2.5,-0.25,2.25,3.9019827716371025,0.7186702127659574,308.93978981868713,-0.058351883654737494
Electrochemical,Cell 4,10.0,2.5,0.0,2.5,3.953919825791109,0.7785970819304153,371.43914657641653,-0.05896668053497248
Electrochemical,Cell 1,20.0,2.5,0.25,2.75,3.9634756774178768,0.7969444444444445,722.7337615328947,-0.05730212556656797
Electrochemical,Cell 2,20.0,2.5,0.0,2.5,3.9296861424720286,0.7571655328798186,601.2054827769316,-0.058166137021343024
Electrochemical,Cell 3,20.0,2.5,-0.25,2.25,3.8976780780929094,0.7173404255319149,479.67628109612593,-0.05937377942452575
Electrochemical,Cell 4,20.0,2.5,0.0,2.5,3.947665187341252,0.7771941638608306,601.2058406533906,-0.05885862705011546
Electrochemical,Cell 1,30.0,2.5,0.25,2.75,3.9575301865576957,0.7954166666666667,950.2194638907067,-0.05624804753667804
Electrochemical,Cell 2,30.0,2.5,0.0,2.5,3.9251471433766647,0.7557482993197279,772.9422599004065,-0.058091178734828997
Electrochemical,Cell 3,30.0,2.5,-0.25,2.25,3.894552730459464,0.7160106382978724,595.6654775956004,-0.06027415650562742
Electrochemical,Cell 4,30.0,2.5,0.0,2.5,3.9429082473886896,0.7757912457912459,772.9426897282065,-0.05877319736066864
Electrochemical,Cell 1,40.0,2.5,0.25,2.75,3.9524737354632875,0.7938888888888889,1144.083319594751,-0.05532615061795408
Electrochemical,Cell 2,40.0,2.5,0.0,2.5,3.9213751185554684,0.7543310657596372,914.1582888839657,-0.05802597430612376
Electrochemical,Cell 3,40.0,2.5,-0.25,2.25,3.89198358097121,0.7146808510638298,684.2327059762262,-0.061062365850016176
Electrochemical,Cell 4,40.0,2.5,0.0,2.5,3.9389412599522937,0.7743883277216612,914.157082019763,-0.05869884400647207
Electrochemical,Cell 1,50.0,2.5,0.25,2.75,3.9480100506524334,0.7923611111111111,1315.8160454854878,-0.05451684374840035
Electrochemical,Cell 2,50.0,2.5,0.0,2.5,3.9180832758563158,0.7529138321995464,1036.1593776084374,-0.0579669280893547
Electrochemical,Cell 3,50.0,2.5,-0.25,2.25,3.8897256178154413,0.7133510638297873,756.502572669724,-0.06175062019138848
Electrochemical,Cell 4,50.0,2.5,0.0,2.5,3.9354718864376146,0.7729854096520765,1036.1608266481708,-0.058631478817836424
Electrochemical,Cell 1,60.0,2.5,0.25,2.75,3.9439789109206647,0.7908333333333333,1471.4598363501568,-0.05380458280330904
Electrochemical,Cell 2,60.0,2.5,0.0,2.5,3.9151223470821352,0.7514965986394557,1144.844529033664,-0.05791212644957313
Electrochemical,Cell 3,60.0,2.5,-0.25,2.25,3.887656074169215,0.7120212765957448,818.2295239223608,-0.06235054236547275
Electrochemical,Cell 4,60.0,2.5,0.0,2.5,3.9323477608042383,0.7715824915824918,1144.8434001069036,-0.058568929393886984
Electrochemical,Cell 1,70.0,2.5,0.25,2.75,3.940282714950509,0.7893055555555555,1614.5914238812306,-0.053176505458601475
Electrochemical,Cell 2,70.0,2.5,0.0,2.5,3.912405993758442,0.750079365079365,1243.6206848516704,-0.05786047837723128
Electrochemical,Cell 3,70.0,2.5,-0.25,2.25,3.8857084972140905,0.7106914893617022,872.6490984072431,-0.06287275413943812
Electrochemical,Cell 4,70.0,2.5,0.0,2.5,3.9294802731981315,0.7701795735129071,1243.6201100613725,-0.058509952334950405
Electrochemical,Cell 1,80.0,2.5,0.25,2.75,3.936859241270546,0.7877777777777777,1747.4178112197155,-0.05262172254580296
Electrochemical,Cell 2,80.0,2.5,0.0,2.5,3.9098814452385424,0.7486621315192743,1334.552331380779,-0.0578113069889602
Electrochemical,Cell 3,80.0,2.5,-0.25,2.25,3.8838449014041405,0.7093617021276597,921.6878448410313,-0.0633267557578428
Electrochemical,Cell 4,80.0,2.5,0.0,2.5,3.9268154722321755,0.7687766554433224,1334.5536432984663,-0.058453778863953115
Electrochemical,Cell 1,90.0,2.5,0.25,2.75,3.933661946182952,0.7862499999999999,1871.5597220947518,-0.052130840225175626
Electrochemical,Cell 2,90.0,2.5,0.0,2.5,3.9075106374271464,0.7472448979591836,1419.1322294477213,-0.05776412297151871
Electrochemical,Cell 3,90.0,2.5,-0.25,2.25,3.8820393285449675,0.7080319148936172,966.704765901731,-0.06372093964737667
Electrochemical,Cell 4,90.0,2.5,0.0,2.5,3.924314408047796,0.7673737373737377,1419.1331220595275,-0.05839985356595802
Electrochemical,Cell 1,100.0,2.5,0.25,2.75,3.9306554913757776,0.7847222222222221,1988.2271574279366,-0.05169573065782274
Electrochemical,Cell 2,100.0,2.5,0.0,2.5,3.905266017543116,0.7458276643990929,1498.4369312608105,-0.0577185725042527
Electrochemical,Cell 3,100.0,2.5,-0.25,2.25,3.880274274817989,0.7067021276595746,1008.6466180786811,-0.06406270654736793
Electrochemical,Cell 4,100.0,2.5,0.0,2.5,3.921948784312298,0.765970819304153,1498.4365764668073,-0.05834777354678306
Electrochemical,Cell 1,110.0,2.5,0.25,2.75,3.9278130379094844,0.7831944444444443,2098.3222012973038,-0.05130934937437261
Electrochemical,Cell 2,110.0,2.5,0.0,2.5,3.9031274643774085,0.7444104308390022,1573.2443671091423,-0.05767439792745514
Electrochemical,Cell 3,110.0,2.5,-0.25,2.25,3.8785380708262727,0.7053723404255321,1048.1662093351786,-0.06435857217307202
Electrochemical,Cell 4,110.0,2.5,0.0,2.5,3.919697966353624,0.7645679012345683,1573.2431444464091,-0.058297245307236054
Electrochemical,Cell 1,120.0,2.5,0.25,2.75,3.92511357191798,0.7816666666666665,2202.540948733863,-0.05096557464732044
Electrochemical,Cell 2,120.0,2.5,0.0,2.5,3.9010797981765,0.7429931972789114,1644.1332024011172,-0.05763140654769542
Electrochemical,Cell 3,120.0,2.5,-0.25,2.25,3.8768226869821762,0.7040425531914896,1085.7250919570317,-0.06461426251433622
Electrochemical,Cell 4,120.0,2.5,0.0,2.5,3.9175464187031572,0.7631649831649836,1644.1325102546434,-0.058248049317109765
Electrochemical,Cell 1,130.0,2.5,0.25,2.75,3.9225398279321237,0.7801388888888887,2301.453058872069,-0.050659071523783274
Electrochemical,Cell 2,130.0,2.5,0.0,2.5,3.899110747523546,0.7415759637188207,1711.5676114942216,-0.05758944516185357
Electrochemical,Cell 3,130.0,2.5,-0.25,2.25,3.87512187493033,0.702712765957447,1121.6824227653933,-0.06483479860761315
Electrochemical,Cell 4,130.0,2.5,0.0,2.5,3.915481656494646,0.7617620650953989,1711.5670691510059,-0.058200011746445394
Electrochemical,Cell 1,140.0,2.5,0.25,2.75,3.9200768454780315,0.7786111111111109,2395.557280671727,-0.05038517884289141
Electrochemical,Cell 2,140.0,2.5,0.0,2.5,3.897209860440906,0.74015873015873,1775.9424987289785,-0.057548386312034086
Electrochemical,Cell 3,140.0,2.5,-0.25,2.25,3.8734305320785616,0.7013829787234045,1156.32674686597,-0.0650245804351428
Electrochemical,Cell 4,140.0,2.5,0.0,2.5,3.9134930019792944,0.7603591470258142,1775.9424859661558,-0.05815298718799888
Electrochemical,Cell 1,150.0,2.5,0.25,2.75,3.917712821326159,0.7770833333333331,2485.2418478204772,-0.05013984056872668
Electrochemical,Cell 2,150.0,2.5,0.0,2.5,3.8953690580582676,0.7387414965986393,1837.5532835642625,-0.05750813447971293
Electrochemical,Cell 3,150.0,2.5,-0.25,2.25,3.8717449872774856,0.700053191489362,1189.8647604509322,-0.06518746788398783
Electrochemical,Cell 4,150.0,2.5,0.0,2.5,3.9115723237783673,0.7589562289562295,1837.5515768251535,-0.058106867624282896
Electrochemical,Cell 1,160.0,2.5,0.25,2.75,3.9154370485576306,0.7755555555555553,2570.867249354352,-0.0499195060963506
Electrochemical,Cell 2,160.0,2.5,0.0,2.5,3.8935813012560807,0.7373242630385486,1896.6552644335607,-0.05746860943815398
Electrochemical,Cell 3,160.0,2.5,-0.25,2.25,3.8700625846217616,0.6987234042553194,1222.4435277706657,-0.06532684551576089
Electrochemical,Cell 4,160.0,2.5,0.0,2.5,3.9097123412012604,0.7575533108866448,1896.6570484177391,-0.05806155944875451
Electrochemical,Cell 1,170.0,2.5,0.25,2.75,3.913241220151077,0.7740277777777775,2652.7081183273594,-0.04972108709173245
Electrochemical,Cell 2,170.0,2.5,0.0,2.5,3.891840729548939,0.7359070294784579,1953.4548854109198,-0.057429747476020865
Electrochemical,Cell 3,170.0,2.5,-0.25,2.25,3.8683806576226334,0.6973936170212769,1254.2009204037558,-0.06544567368613044
Electrochemical,Cell 4,170.0,2.5,0.0,2.5,3.9079073942648614,0.7561503928170601,1953.455080818494,-0.05801699302054322
Electrochemical,Cell 1,180.0,2.5,0.25,2.75,3.9111176008163318,0.7724999999999997,2731.02808840902,-0.04954187784261985
Electrochemical,Cell 2,180.0,2.5,0.0,2.5,3.8901424368414252,0.7344897959183672,2008.1184979724603,-0.05739149834262744
Electrochemical,Cell 3,180.0,2.5,-0.25,2.25,3.8666978010520596,0.6960638297872344,1285.2085437732248,-0.06554655220061492
Electrochemical,Cell 4,180.0,2.5,0.0,2.5,3.9061524062257993,0.7547474747474754,2008.120490583413,-0.057973108581986114
Electrochemical,Cell 1,190.0,2.5,0.25,2.75,3.909059484572439,0.770972222222222,2806.0585450332137,-0.049379514569144925
Electrochemical,Cell 2,190.0,2.5,0.0,2.5,3.8884816872006356,0.7330725623582764,2060.8089041956882,-0.05735381540250504
Electrochemical,Cell 3,190.0,2.5,-0.25,2.25,3.8650120325937314,0.6947340425531918,1315.5595403267662,-0.06563175058423143
Electrochemical,Cell 4,190.0,2.5,0.0,2.5,3.9044427620146616,0.7533445566778907,2060.8116152336406,-0.05792985415079027
Electrochemical,Cell 1,200.0,2.5,0.25,2.75,3.9070608105682596,0.7694444444444442,2878.013311115785,-0.04923192901112963
Electrochemical,Cell 2,200.0,2.5,0.0,2.5,3.886854312322866,0.7316553287981857,2111.665405288066,-0.05731666025827392
Electrochemical,Cell 3,200.0,2.5,-0.25,2.25,3.8633219240939685,0.6934042553191493,1345.317727311372,-0.06570325819689893
Electrochemical,Cell 4,200.0,2.5,0.0,2.5,3.9027743320612958,0.751941638608306,2111.668476061084,-0.057887185629615034
Electrochemical,Cell 1,210.0,2.5,0.25,2.75,3.9051163933860114,0.7679166666666664,2947.0772560364367,-0.049097315356106244
Electrochemical,Cell 2,210.0,2.5,0.0,2.5,3.8852566293392368,0.730238095238095,2160.8070611870644,-0.05728000127468481
Electrochemical,Cell 3,210.0,2.5,-0.25,2.25,3.861626190171705,0.6920744680851068,1374.5384654804493,-0.06576281595919527
Electrochemical,Cell 4,210.0,2.5,0.0,2.5,3.9011435553550946,0.7505387205387213,2160.8083887343637,-0.05784506730485882
Electrochemical,Cell 1,220.0,2.5,0.25,2.75,3.9032213683016495,0.7663888888888886,3013.429060718562,-0.04897409118543651
Electrochemical,Cell 2,220.0,2.5,0.0,2.5,3.8836852396411077,0.7288208616780043,2208.341757725899,-0.05724381110073148
Electrochemical,Cell 3,220.0,2.5,-0.25,2.25,3.8599240232318457,0.6907446808510642,1403.254983816815,-0.06581194995236962
Electrochemical,Cell 4,220.0,2.5,0.0,2.5,3.8995470694293095,0.7491358024691366,2208.342502134401,-0.05780346693700449
Electrochemical,Cell 1,230.0,2.5,0.25,2.75,3.901371855320093,0.7648611111111108,3077.2108532229176,-0.04886087902421558
Electrochemical,Cell 2,230.0,2.5,0.0,2.5,3.882137302841894,0.7274036281179136,2254.352372654197,-0.05720806950336492
Electrochemical,Cell 3,230.0,2.5,-0.25,2.25,3.8582147745177537,0.6894148936170217,1431.494472625407,-0.06585199577775375
Electrochemical,Cell 4,230.0,2.5,0.0,2.5,3.8979822059410636,0.7477328843995519,2254.3521863095084,-0.0577623617701549
Electrochemical,Cell 1,240.0,2.5,0.25,2.75,3.8995642437837486,0.763333333333333,3138.55849474496,-0.048756472420548744
Electrochemical,Cell 2,240.0,2.5,0.0,2.5,3.8806101500291383,0.7259863945578229,2298.9151778574706,-0.05717275883441724
Electrochemical,Cell 3,240.0,2.5,-0.25,2.25,3.8564981288196134,0.6880851063829792,1459.2715512559812,-0.06588412366208575
Electrochemical,Cell 4,240.0,2.5,0.0,2.5,3.8964464308326656,0.7463299663299672,2298.914696357271,-0.05772173127086393
Electrochemical,Cell 1,250.0,2.5,0.25,2.75,3.8977954638393193,0.7618055555555552,3197.5886746455626,-0.04865981859163157
Electrochemical,Cell 2,250.0,2.5,0.0,2.5,3.879101451175032,0.7245691609977322,2342.091387558801,-0.05713786560934282
Electrochemical,Cell 3,250.0,2.5,-0.25,2.25,3.8547739986269933,0.6867553191489366,1486.5941590954963,-0.06590935822408886
Electrochemical,Cell 4,250.0,2.5,0.0,2.5,3.894937575908113,0.7449270482603825,2342.0919943807894,-0.057681559789050235
Electrochemical,Cell 1,260.0,2.5,0.25,2.75,3.8960624954755074,0.7602777777777774,3254.4200176768413,-0.048569993539491756
Electrochemical,Cell 2,260.0,2.5,0.0,2.5,3.8776088642636406,0.7231519274376415,2383.9441199296634,-0.05710337662150583
Electrochemical,Cell 3,260.0,2.5,-0.25,2.25,3.8530423196976846,0.6854255319148941,1513.4736582004602,-0.0659285952299252
Electrochemical,Cell 4,260.0,2.5,0.0,2.5,3.8934534073882756,0.7435241301907978,2383.950882656369,-0.057641831252021006
Electrochemical,Cell 1,270.0,2.5,0.25,2.75,3.8943628437884774,0.7587499999999996,3309.1513611338764,-0.04848619192679715
Electrochemical,Cell 2,270.0,2.5,0.0,2.5,3.8761302849250034,0.7217346938775507,2424.5259751902013,-0.05706928151492824
Electrochemical,Cell 3,270.0,2.5,-0.25,2.25,3.8513033376183623,0.6840957446808515,1539.912565659049,-0.06594261958740795
Electrochemical,Cell 4,270.0,2.5,0.0,2.5,3.8919920953801395,0.7421212121212131,2424.5406956537227,-0.057602534490797344
Electrochemical,Cell 1,280.0,2.5,0.25,2.75,3.8926941475889683,0.7572222222222218,3361.878513785181,-0.04840770809145456
Electrochemical,Cell 2,280.0,2.5,0.0,2.5,3.874663643836644,0.72031746031746,2463.8888692637483,-0.05703557049727208
Electrochemical,Cell 3,280.0,2.5,-0.25,2.25,3.8495572502366966,0.682765957446809,1565.9210740273666,-0.0659521166795177
Electrochemical,Cell 4,280.0,2.5,0.0,2.5,3.890551789612225,0.7407182940516284,2463.9130204114335,-0.05756365832700387
Electrochemical,Cell 1,290.0,2.5,0.25,2.75,3.8910541156030343,0.755694444444444,3412.6967495083604,-0.04833392298092253
Electrochemical,Cell 2,290.0,2.5,0.0,2.5,3.8732067782530804,0.7189002267573693,2502.090452074248,-0.05700223280097254
Electrochemical,Cell 3,290.0,2.5,-0.25,2.25,3.8478045513196335,0.6814361702127665,1591.5019759981428,-0.06595768713573558
Electrochemical,Cell 4,290.0,2.5,0.0,2.5,3.8891307028085214,0.7393153759820437,2502.1177841089193,-0.057525192354199804
Electrochemical,Cell 1,300.0,2.5,0.25,2.75,3.8894408173042985,0.7541666666666662,3461.6876383704202,-0.04826429646561704
Electrochemical,Cell 2,300.0,2.5,0.0,2.5,3.8717586204348207,0.7174829931972786,2539.1343233205844,-0.05696926999306466
Electrochemical,Cell 3,300.0,2.5,-0.25,2.25,3.8460465612234582,0.680106382978724,1616.6277052159621,-0.06595986112058987
Electrochemical,Cell 4,300.0,2.5,0.0,2.5,3.887727263824189,0.737912457912459,2539.195964392464,-0.05748712836980231
Electrochemical,Cell 1,310.0,2.5,0.25,2.75,3.887852378211629,0.7526388888888884,3508.931480233479,-0.04819835532224943
Electrochemical,Cell 2,310.0,2.5,0.0,2.5,3.8703169993983453,0.7160657596371879,2575.0803861760614,-0.05693667103627926
Electrochemical,Cell 3,310.0,2.5,-0.25,2.25,3.8442835462045344,0.6787765957446814,1641.3231186733087,-0.06595909452640461
Electrochemical,Cell 4,310.0,2.5,0.0,2.5,3.8863398945944096,0.7365095398428743,2575.1892275661558,-0.057449458819698554
Electrochemical,Cell 1,320.0,2.5,0.25,2.75,3.8862870752053826,0.7511111111111106,3554.503754977306,-0.048135684829563666
Electrochemical,Cell 2,320.0,2.5,0.0,2.5,3.8688797509294517,0.7146485260770972,2609.9890684748643,-0.05690442504904049
Electrochemical,Cell 3,320.0,2.5,-0.25,2.25,3.842515732973127,0.6774468085106389,1665.6199980643341,-0.06595578473706254
Electrochemical,Cell 4,320.0,2.5,0.0,2.5,3.8849671102987573,0.7351066217732896,2610.1362797726433,-0.057412176408815366
Electrochemical,Cell 1,330.0,2.5,0.25,2.75,3.8847433085252976,0.7495833333333328,3598.4755658325957,-0.0480759218714568
Electrochemical,Cell 2,330.0,2.5,0.0,2.5,3.8674445673138274,0.7132312925170065,2643.9287156595565,-0.05687251972412644
Electrochemical,Cell 3,330.0,2.5,-0.25,2.25,3.8407446771337788,0.6761170212765963,1689.497401448625,-0.0659502870948605
Electrochemical,Cell 4,330.0,2.5,0.0,2.5,3.8836074946938792,0.7337037037037049,2644.072926173558,-0.05737527492516056
Electrochemical,Cell 1,340.0,2.5,0.25,2.75,3.8832196428710533,0.748055555555555,3640.910873053881,-0.04801874977101589
Electrochemical,Cell 2,340.0,2.5,0.0,2.5,3.866012496959875,0.7118140589569157,2676.7999912275372,-0.05684097926622973
Electrochemical,Cell 3,340.0,2.5,-0.25,2.25,3.838973129002015,0.6747872340425538,1712.8881144222596,-0.06594291965664223
Electrochemical,Cell 4,340.0,2.5,0.0,2.5,3.882259721346703,0.7323007856341202,2677.030893410163,-0.05733874943627207
Electrochemical,Cell 1,350.0,2.5,0.25,2.75,3.8817146734398036,0.7465277777777772,3681.873643368878,-0.04796388981335165
Electrochemical,Cell 2,350.0,2.5,0.0,2.5,3.8645802325310314,0.710396825396825,2708.723423276202,-0.05680977973622756
Electrochemical,Cell 3,350.0,2.5,-0.25,2.25,3.8372005587149047,0.6734574468085113,1735.871188368529,-0.06593393945173502
Electrochemical,Cell 4,350.0,2.5,0.0,2.5,3.8809224579714017,0.7308978675645355,2709.0430963892177,-0.0573025944364955
Electrochemical,Cell 1,360.0,2.5,0.25,2.75,3.8802271246338687,0.7449999999999994,3721.4219955370354,-0.04791109874897339
Electrochemical,Cell 2,360.0,2.5,0.0,2.5,3.863145482154453,0.7089795918367343,2739.769142457073,-0.05677890864898386
Electrochemical,Cell 3,360.0,2.5,-0.25,2.25,3.835427146150983,0.6721276595744687,1758.49783790937,-0.06592357449031734
Electrochemical,Cell 4,360.0,2.5,0.0,2.5,3.879594467427282,0.7294949494949508,2740.1376380390248,-0.05726680588097585
Electrochemical,Cell 1,370.0,2.5,0.25,2.75,3.878755800341715,0.7434722222222216,3759.610676665245,-0.047860163594563424
Electrochemical,Cell 2,370.0,2.5,0.0,2.5,3.8617060359742412,0.7075623582766436,2770.0037324868026,-0.05674835464101165
Electrochemical,Cell 3,370.0,2.5,-0.25,2.25,3.8336555119794347,0.6707978723404262,1780.7172151540249,-0.06591203865072848
Electrochemical,Cell 4,370.0,2.5,0.0,2.5,3.878274528006553,0.728092031425366,2770.3422760792164,-0.05723137969765589
Electrochemical,Cell 1,380.0,2.5,0.25,2.75,3.877299558625662,0.7419444444444439,3796.4922115376285,-0.04781089752663583
Electrochemical,Cell 2,380.0,2.5,0.0,2.5,3.860263780778967,0.7061451247165529,2799.2906450049995,-0.056718148976528646
Electrochemical,Cell 3,380.0,2.5,-0.25,2.25,3.8318885401323266,0.6694680851063837,1802.469961234521,-0.06589952076208969
Electrochemical,Cell 4,380.0,2.5,0.0,2.5,3.876961449443968,0.7266891133557813,2799.6832550393156,-0.05719631218420473
Electrochemical,Cell 1,390.0,2.5,0.25,2.75,3.875857306610278,0.7404166666666661,3832.1166293964484,-0.04776313684092343
Electrochemical,Cell 2,390.0,2.5,0.0,2.5,3.8588153300547052,0.7047278911564622,2827.75826853935,-0.056688266797114514
Electrochemical,Cell 3,390.0,2.5,-0.25,2.25,3.8301259971381554,0.6681382978723411,1823.8313748860387,-0.06588616734533387
Electrochemical,Cell 4,390.0,2.5,0.0,2.5,3.8756540566567708,0.7252861952861966,2828.185922150693,-0.057161599860651585
Electrochemical,Cell 1,400.0,2.5,0.25,2.75,3.874428010065318,0.7388888888888883,3866.5311662228796,-0.04771673811334907
Electrochemical,Cell 2,400.0,2.5,0.0,2.5,3.8573589598113776,0.7033106575963715,2855.453045655093,-0.05665870083419673
Electrochemical,Cell 3,400.0,2.5,-0.25,2.25,3.8283687649954827,0.6668085106382986,1844.829184940243,-0.06587211243463917
Electrochemical,Cell 4,400.0,2.5,0.0,2.5,3.8743512017682256,0.7238832772166119,2855.8742778865926,-0.057127239515526784
Electrochemical,Cell 1,410.0,2.5,0.25,2.75,3.8730106744104713,0.7373611111111105,3899.780816970379,-0.04767157560204051
Electrochemical,Cell 2,410.0,2.5,0.0,2.5,3.8558931770589493,0.7018934240362807,2882.4113361456402,-0.056629446057590634
Electrochemical,Cell 3,410.0,2.5,-0.25,2.25,3.8266193345544064,0.6654787234042561,1865.4218761961342,-0.0658574827830326
Electrochemical,Cell 4,410.0,2.5,0.0,2.5,3.8730517542351377,0.7224803591470272,2882.771157669751,-0.05709322819336764
Electrochemical,Cell 1,420.0,2.5,0.25,2.75,3.8716043385977317,0.7358333333333327,3931.908548780054,-0.04762753900819512
Electrochemical,Cell 2,420.0,2.5,0.0,2.5,3.8544184745182837,0.70047619047619,2908.5734595781432,-0.05660051699848855
Electrochemical,Cell 3,420.0,2.5,-0.25,2.25,3.8248796531879226,0.6641489361702135,1885.5900875225643,-0.06584238656742139
Electrochemical,Cell 4,420.0,2.5,0.0,2.5,3.8717545858159057,0.7210774410774425,2908.899073649085,-0.05705956296043684
Electrochemical,Cell 1,430.0,2.5,0.25,2.75,3.8702080548881113,0.7343055555555549,3962.956283189256,-0.04758453129682144
Electrochemical,Cell 2,430.0,2.5,0.0,2.5,3.852932957499298,0.6990589569160993,2934.0007467861433,-0.05657190310039873
Electrochemical,Cell 3,430.0,2.5,-0.25,2.25,3.823150686014556,0.662819148936171,1905.3543698751914,-0.06582691307995789
Electrochemical,Cell 4,430.0,2.5,0.0,2.5,3.870458565098496,0.7196745230078578,2934.2804435508297,-0.05702624085102939
Electrochemical,Cell 1,440.0,2.5,0.25,2.75,3.868820890738468,0.7327777777777771,3992.964613762898,-0.047542467137294736
Electrochemical,Cell 2,440.0,2.5,0.0,2.5,3.8514357067148746,0.6976417233560086,2958.708919524488,-0.05654360316814759
Electrochemical,Cell 3,440.0,2.5,-0.25,2.25,3.8214339066451073,0.6614893617021285,1924.7107407514711,-0.0658111435037917
Electrochemical,Cell 4,440.0,2.5,0.0,2.5,3.8691625563558874,0.7182716049382731,2958.9375804866904,-0.05699325887778328
Electrochemical,Cell 1,450.0,2.5,0.25,2.75,3.8674419180841197,0.7312499999999993,4021.9732651191234,-0.047501271332700476
Electrochemical,Cell 2,450.0,2.5,0.0,2.5,3.849925871210474,0.6962244897959179,2982.7134315339754,-0.056515616029889734
Electrochemical,Cell 3,450.0,2.5,-0.25,2.25,3.819730496657235,0.6601595744680859,1943.6637218103233,-0.06579514793472371
Electrochemical,Cell 4,450.0,2.5,0.0,2.5,3.867865430239644,0.7168686868686884,2982.892115071816,-0.05696061417737185
Electrochemical,Cell 1,460.0,2.5,0.25,2.75,3.866070370194473,0.7297222222222215,4050.0127549485,-0.04746087989589497
Electrochemical,Cell 2,460.0,2.5,0.0,2.5,3.8484025024140647,0.6948072562358272,3006.037373167608,-0.05648793922632969
Electrochemical,Cell 3,460.0,2.5,-0.25,2.25,3.818041710175891,0.6588297872340434,1962.2109062912027,-0.06577898841949184
Electrochemical,Cell 4,460.0,2.5,0.0,2.5,3.8665662199477806,0.7154657687991037,3006.1568139062256,-0.05692830598001708
Electrochemical,Cell 1,470.0,2.5,0.25,2.75,3.864705338885984,0.7281944444444437,4077.1201239341244,-0.04742123448787207
Electrochemical,Cell 2,470.0,2.5,0.0,2.5,3.8468650509301394,0.6933900226757365,3028.689267081263,-0.05646057273655192
Electrochemical,Cell 3,470.0,2.5,-0.25,2.25,3.8163687546194263,0.6575000000000009,1980.347341849156,-0.06576271952742721
Electrochemical,Cell 4,470.0,2.5,0.0,2.5,3.8652637344139515,0.714062850729519,3028.755905894781,-0.05689633065690739
Electrochemical,Cell 1,480.0,2.5,0.25,2.75,3.8633459195722093,0.7266666666666659,4103.331283689249,-0.04738228365867721
Electrochemical,Cell 2,480.0,2.5,0.0,2.5,3.8453129909223223,0.6919727891156457,3050.6806785900226,-0.056433515981002255
Electrochemical,Cell 3,480.0,2.5,-0.25,2.25,3.8147126912280114,0.6561702127659583,1998.0691870868307,-0.06574638890855879
Electrochemical,Cell 4,480.0,2.5,0.0,2.5,3.863956848679443,0.7126599326599343,3050.709861043968,-0.056864685464090195
Electrochemical,Cell 1,490.0,2.5,0.25,2.75,3.861991215313052,0.7251388888888881,4128.68070719306,-0.04734398209102521
Electrochemical,Cell 2,490.0,2.5,0.0,2.5,3.843745804657751,0.690555555555555,3072.0276077930794,-0.05640676744516783
Electrochemical,Cell 3,490.0,2.5,-0.25,2.25,3.8130739371976174,0.6548404255319158,2015.3950190548821,-0.0657300353776119
Electrochemical,Cell 4,490.0,2.5,0.0,2.5,3.8626444244902665,0.7112570145903496,3072.039618486393,-0.05683336751447619
Electrochemical,Cell 1,500.0,2.5,0.25,2.75,3.860640351211791,0.7236111111111103,4153.200607403167,-0.04730629008128824
Electrochemical,Cell 2,500.0,2.5,0.0,2.5,3.842162742229328,0.6891383219954643,3092.76209775636,-0.056380322536916605
Electrochemical,Cell 3,500.0,2.5,-0.25,2.25,3.811453172716442,0.6535106382978733,2032.3265642042022,-0.06571369484131265
Electrochemical,Cell 4,500.0,2.5,0.0,2.5,3.8613254406951834,0.7098540965207649,3092.760006059547,-0.0568023753084001
Electrochemical,Cell 1,510.0,2.5,0.25,2.75,3.8592926851844367,0.7220833333333325,4176.909878191129,-0.04726917581786938
Electrochemical,Cell 2,510.0,2.5,0.0,2.5,3.8405636036027424,0.6877210884353736,3112.8952938090915,-0.0563541807028784
Electrochemical,Cell 3,510.0,2.5,-0.25,2.25,3.8098508399410695,0.6521808510638307,2048.870191383679,-0.06569739810597205
Electrochemical,Cell 4,510.0,2.5,0.0,2.5,3.8599989410236484,0.7084511784511802,3112.8826261413233,-0.0567717080046368
Electrochemical,Cell 1,520.0,2.5,0.25,2.75,3.8579472286140506,0.7205555555555547,4199.844169928418,-0.04723260675140055
Electrochemical,Cell 2,520.0,2.5,0.0,2.5,3.838948099533119,0.6863038548752829,3132.4483278500957,-0.0563283394772147
Electrochemical,Cell 3,520.0,2.5,-0.25,2.25,3.8082671395664063,0.6508510638297882,2065.0370949058647,-0.0656811714708601
Electrochemical,Cell 4,520.0,2.5,0.0,2.5,3.858663761025815,0.7070482603815955,3132.429914376655,-0.05674136221391153
Electrochemical,Cell 1,530.0,2.5,0.25,2.75,3.8566031041174322,0.7190277777777769,4222.03203648793,-0.047196555549081635
Electrochemical,Cell 2,530.0,2.5,0.0,2.5,3.8373161461523155,0.6848866213151922,3151.438974626257,-0.056302796913255945
Electrochemical,Cell 3,530.0,2.5,-0.25,2.25,3.806702595684583,0.6495212765957457,2080.820143440614,-0.06566503969658372
Electrochemical,Cell 4,530.0,2.5,0.0,2.5,3.8573188365871074,0.7056453423120108,3151.4195402207224,-0.05671133562270821
Electrochemical,Cell 1,540.0,2.5,0.25,2.75,3.8552594190306455,0.7174999999999991,4243.501457292341,-0.04716099790537415
Electrochemical,Cell 2,540.0,2.5,0.0,2.5,3.8356680143712305,0.6834693877551015,3169.8755257307166,-0.05627755251649696
Electrochemical,Cell 3,540.0,2.5,-0.25,2.25,3.8051570474585934,0.6481914893617031,2096.2354082313013,-0.06564902204168435
Electrochemical,Cell 4,540.0,2.5,0.0,2.5,3.855963113431492,0.7042424242424261,3169.8692562715223,-0.05668162586948444
Electrochemical,Cell 1,550.0,2.5,0.25,2.75,3.8539153478528423,0.7159722222222213,4264.275780133294,-0.04712591318635269
Electrochemical,Cell 2,550.0,2.5,0.0,2.5,3.834003714409949,0.6820521541950108,3187.783779438905,-0.056252602942149135
Electrochemical,Cell 3,550.0,2.5,-0.25,2.25,3.803630345546405,0.6468617021276606,2111.293866716105,-0.06563313568078251
Electrochemical,Cell 4,550.0,2.5,0.0,2.5,3.8545957360196113,0.7028395061728414,3187.7882209303425,-0.05665223240868753
Electrochemical,Cell 1,560.0,2.5,0.25,2.75,3.852570090201203,0.7144444444444435,4284.375753711454,-0.04709128355217507
Electrochemical,Cell 2,560.0,2.5,0.0,2.5,3.832323517401675,0.68063492063492,3205.1843047117036,-0.05622794567132973
Electrochemical,Cell 3,560.0,2.5,-0.25,2.25,3.802122222471987,0.645531914893618,2126.0069832841873,-0.0656173954513725
Electrochemical,Cell 4,560.0,2.5,0.0,2.5,3.853215722671146,0.7014365881032567,3205.1927217976627,-0.05662315308485602
Electrochemical,Cell 1,570.0,2.5,0.25,2.75,3.8512227099139715,0.7129166666666658,4303.8273753217245,-0.047057091729783576
Electrochemical,Cell 2,570.0,2.5,0.0,2.5,3.830627903483406,0.6792176870748293,3222.0947663707884,-0.05620357867274876
Electrochemical,Cell 3,570.0,2.5,-0.25,2.25,3.8006326721141197,0.6442021276595755,2140.370970876321,-0.06560181586797006
Electrochemical,Cell 4,570.0,2.5,0.0,2.5,3.8518221344778665,0.700033670033672,3222.0984170886404,-0.05659438584807545
Electrochemical,Cell 1,580.0,2.5,0.25,2.75,3.8498723190518915,0.711388888888888,4322.652912960657,-0.04702332301644816
Electrochemical,Cell 2,580.0,2.5,0.0,2.5,3.828917755401698,0.6778004535147386,3238.521602972276,-0.056179501759235445
Electrochemical,Cell 3,580.0,2.5,-0.25,2.25,3.7991612794381675,0.642872340425533,2154.3954671248684,-0.06558640814876275
Electrochemical,Cell 4,580.0,2.5,0.0,2.5,3.850414103617879,0.6986307519640873,3238.519359870297,-0.05656592895366954
Electrochemical,Cell 1,590.0,2.5,0.25,2.75,3.8485180213309347,0.7098611111111102,4340.8736847677565,-0.04698996435922606
Electrochemical,Cell 2,590.0,2.5,0.0,2.5,3.8271940135390876,0.6763832199546479,3254.475060848443,-0.056155713997143225
Electrochemical,Cell 3,590.0,2.5,-0.25,2.25,3.797707711437293,0.6415425531914905,2168.083173264041,-0.06557118271200893
Electrochemical,Cell 4,590.0,2.5,0.0,2.5,3.848990816820742,0.6972278338945026,3254.469161405894,-0.05653778071001162
Electrochemical,Cell 1,600.0,2.5,0.25,2.75,3.847159558241895,0.7083333333333324,4358.4322413154305,-0.04695700506162741
Electrochemical,Cell 2,600.0,2.5,0.0,2.5,3.825458371960781,0.6749659863945572,3269.8882169681783,-0.05613221466364879
Electrochemical,Cell 3,600.0,2.5,-0.25,2.25,3.796272511285628,0.6402127659574479,2181.3478133611525,-0.0655561495796335
Electrochemical,Cell 4,600.0,2.5,0.0,2.5,3.8475521607223433,0.6958249158249179,3269.8832013922693,-0.05650994002873837
Electrochemical,Cell 1,610.0,2.5,0.25,2.75,3.8457949299837533,0.7068055555555546,4375.483869369352,-0.04692443358733404
Electrochemical,Cell 2,610.0,2.5,0.0,2.5,3.82371080107672,0.6735487528344665,3284.9139996248086,-0.056109001521294014
Electrochemical,Cell 3,610.0,2.5,-0.25,2.25,3.794853609202823,0.6388829787234054,2194.345704571192,-0.06554131533335242
Electrochemical,Cell 4,610.0,2.5,0.0,2.5,3.8460963987250363,0.6944219977553332,3284.909701647517,-0.05648240466852237
Electrochemical,Cell 1,620.0,2.5,0.25,2.75,3.844423562692788,0.7052777777777768,4392.005335822524,-0.046892240844749924
Electrochemical,Cell 2,620.0,2.5,0.0,2.5,3.8219529142506854,0.6721315192743758,3299.5224010048078,-0.05608607333859143
Electrochemical,Cell 3,620.0,2.5,-0.25,2.25,3.793450787303692,0.6375531914893628,2207.0398099790973,-0.06552668647966792
Electrochemical,Cell 4,620.0,2.5,0.0,2.5,3.8446232776103413,0.6930190796857485,3299.5187019084296,-0.05645517319403489
Electrochemical,Cell 1,630.0,2.5,0.25,2.75,3.843044593521845,0.703749999999999,4408.006585489247,-0.0468604184502677
Electrochemical,Cell 2,630.0,2.5,0.0,2.5,3.820186157207005,0.670714285714285,3313.7170130192862,-0.056063428801473865
Electrochemical,Cell 3,630.0,2.5,-0.25,2.25,3.7920634710285652,0.6362234042553203,2219.4269986218915,-0.0655122686645487
Electrochemical,Cell 4,630.0,2.5,0.0,2.5,3.8431323559440216,0.6916161616161638,3313.713809601759,-0.05642824401824792
Electrochemical,Cell 1,640.0,2.5,0.25,2.75,3.8416569415278494,0.7022222222222212,4423.522667167851,-0.04682895869955033
Electrochemical,Cell 2,640.0,2.5,0.0,2.5,3.8184118801906983,0.6692970521541943,3327.5248923924773,-0.056041066575722484
Electrochemical,Cell 3,640.0,2.5,-0.25,2.25,3.790690846464582,0.6348936170212778,2231.526267169217,-0.06549806677217754
Electrochemical,Cell 4,640.0,2.5,0.0,2.5,3.8416230876442343,0.6902132435465791,3327.5233003074354,-0.05640161547773147
Electrochemical,Cell 1,650.0,2.5,0.25,2.75,3.840259626787486,0.7006944444444434,4438.576237313257,-0.0467978547268794
Electrochemical,Cell 2,650.0,2.5,0.0,2.5,3.816631560358095,0.6678798185941036,3340.967218599799,-0.05601898537372502
Electrochemical,Cell 3,650.0,2.5,-0.25,2.25,3.7893320616848003,0.6335638297872352,2243.35650242748,-0.0654840850116618
Electrochemical,Cell 4,650.0,2.5,0.0,2.5,3.840095109488404,0.6888103254769944,3340.9662448763447,-0.05637528599131
Electrochemical,Cell 1,660.0,2.5,0.25,2.75,3.8388520378467046,0.6991666666666656,4453.1494610961745,-0.04676710063813723
Electrochemical,Cell 2,660.0,2.5,0.0,2.5,3.8148471718899204,0.6664625850340129,3354.0191296055164,-0.05599718407059809
Electrochemical,Cell 3,660.0,2.5,-0.25,2.25,3.7879867714404543,0.6322340425531927,2254.8864466319537,-0.0654703268523897
Electrochemical,Cell 4,660.0,2.5,0.0,2.5,3.838548568087445,0.6874074074074097,3354.018581008557,-0.056349254243972705
Electrochemical,Cell 1,670.0,2.5,0.25,2.75,3.837433351018169,0.6976388888888878,4467.247311598935,-0.046736690908392144
Electrochemical,Cell 2,670.0,2.5,0.0,2.5,3.8130604990651937,0.6650453514739222,3366.6806254096155,-0.05597566147297893
Electrochemical,Cell 3,670.0,2.5,-0.25,2.25,3.7866543454490476,0.6309042553191502,2266.1111267003535,-0.06545679529757276
Electrochemical,Cell 4,670.0,2.5,0.0,2.5,3.8369835120850033,0.686004489337825,3366.680308704057,-0.05632351879589682
Electrochemical,Cell 1,680.0,2.5,0.25,2.75,3.8360027490404334,0.69611111111111,4480.874485621487,-0.04670662050903266
Electrochemical,Cell 2,680.0,2.5,0.0,2.5,3.8112733501348486,0.6636281179138315,3378.9517060120925,-0.05595441640337714
Electrochemical,Cell 3,680.0,2.5,-0.25,2.25,3.7853341460340575,0.6295744680851076,2277.0258458327116,-0.0654434928883135
Electrochemical,Cell 4,680.0,2.5,0.0,2.5,3.8354001205516832,0.6846015712682403,3378.951427962831,-0.05629807822575973
Electrochemical,Cell 1,690.0,2.5,0.25,2.75,3.8345589574374466,0.6945833333333322,4494.087923648209,-0.04667688448939459
Electrochemical,Cell 2,690.0,2.5,0.0,2.5,3.80948707692762,0.6622108843537408,3390.8818772224913,-0.0559334476008969
Electrochemical,Cell 3,690.0,2.5,-0.25,2.25,3.7840250374764484,0.6282446808510651,2287.6734596512847,-0.06543042191681755
Electrochemical,Cell 4,690.0,2.5,0.0,2.5,3.833798259987326,0.6831986531986556,3390.8820763877848,-0.056272930906589365
Electrochemical,Cell 1,700.0,2.5,0.25,2.75,3.833101355894514,0.6930555555555544,4506.873218886094,-0.04664747879407764
Electrochemical,Cell 2,700.0,2.5,0.0,2.5,3.8077035968135573,0.66079365079365,3402.4575244305706,-0.055912753970173375
Electrochemical,Cell 3,700.0,2.5,-0.25,2.25,3.782726487453118,0.6269148936170226,2298.039318831032,-0.06541758415781058
Electrochemical,Cell 4,700.0,2.5,0.0,2.5,3.8321785184135932,0.6817957351290709,3402.457575181961,-0.056248075542979274
Electrochemical,Cell 1,710.0,2.5,0.25,2.75,3.8316290105084256,0.6915277777777766,4519.254179067908,-0.04661839945553104
Electrochemical,Cell 2,710.0,2.5,0.0,2.5,3.805924527396937,0.6593764172335593,3413.6938918901687,-0.05589233437990508
Electrochemical,Cell 3,710.0,2.5,-0.25,2.25,3.781437738973007,0.62558510638298,2308.131707051636,-0.06540498115110276
Electrochemical,Cell 4,710.0,2.5,0.0,2.5,3.830541354969003,0.6803928170594862,3413.694378462562,-0.056223510727067744
Electrochemical,Cell 1,720.0,2.5,0.25,2.75,3.830141047110074,0.6899999999999988,4531.2511657876785,-0.04658964283620111
Electrochemical,Cell 2,720.0,2.5,0.0,2.5,3.804151376334382,0.6579591836734686,3424.611837410328,-0.0558721877162993
Electrochemical,Cell 3,720.0,2.5,-0.25,2.25,3.7801579260958067,0.6242553191489375,2317.9705236979935,-0.06539261421944034
Electrochemical,Cell 4,720.0,2.5,0.0,2.5,3.828887346295457,0.6789898989899015,3424.6120908664416,-0.056199235067137844
Electrochemical,Cell 1,730.0,2.5,0.25,2.75,3.8286368425340447,0.688472222222221,4542.860057740401,-0.04656120571126092
Electrochemical,Cell 2,730.0,2.5,0.0,2.5,3.8023858699973645,0.6565419501133779,3435.1999385449453,-0.055852312926886846
Electrochemical,Cell 3,730.0,2.5,-0.25,2.25,3.7788865880533775,0.622925531914895,2327.538307596844,-0.06538048433032326
Electrochemical,Cell 4,730.0,2.5,0.0,2.5,3.82721747543135,0.6775869809203168,3435.2005267507993,-0.05617524730261674
Electrochemical,Cell 1,740.0,2.5,0.25,2.75,3.827115461902133,0.6869444444444432,4554.118957840793,-0.046533084865595556
Electrochemical,Cell 2,740.0,2.5,0.0,2.5,3.8006292028639193,0.6551247165532872,3445.496225305302,-0.055832708933097434
Electrochemical,Cell 3,740.0,2.5,-0.25,2.25,3.7776227299665304,0.6215957446808524,2336.871874487534,-0.06536859244538487
Electrochemical,Cell 4,740.0,2.5,0.0,2.5,3.82553246449923,0.6761840628507321,3445.496579394414,-0.05615154604432724
Electrochemical,Cell 1,750.0,2.5,0.25,2.75,3.825576451181436,0.6854166666666655,4565.015466851919,-0.046505277557426325
Electrochemical,Cell 2,750.0,2.5,0.0,2.5,3.7988829459974682,0.6537074829931965,3455.4843665027875,-0.05581337471979057
Electrochemical,Cell 3,750.0,2.5,-0.25,2.25,3.7763659572897947,0.6202659574468099,2345.9513562210323,-0.06535693915445646
Electrochemical,Cell 4,750.0,2.5,0.0,2.5,3.8238336235479418,0.6747811447811474,3455.4842104698837,-0.05612813008648312
Electrochemical,Cell 1,760.0,2.5,0.25,2.75,3.8240190924522914,0.6838888888888877,4575.57695617675,-0.046477781037605435
Electrochemical,Cell 2,760.0,2.5,0.0,2.5,3.7971482305815716,0.6522902494331058,3465.1849922602414,-0.05579430926777966
Electrochemical,Cell 3,760.0,2.5,-0.25,2.25,3.7751155510759,0.6189361702127674,2354.791712880751,-0.06534552502502719
Electrochemical,Cell 4,760.0,2.5,0.0,2.5,3.822122073894281,0.6733782267115627,3465.185363083445,-0.05610499813868633
Electrochemical,Cell 1,770.0,2.5,0.25,2.75,3.822442875558178,0.6823611111111099,4585.814547341256,-0.04645059280185472
Electrochemical,Cell 2,770.0,2.5,0.0,2.5,3.7954261214592533,0.650873015873015,3474.6116270719394,-0.05577551158464634
Electrochemical,Cell 3,770.0,2.5,-0.25,2.25,3.7738708231270413,0.6176063829787248,2363.4073512724453,-0.0653343505012088
Electrochemical,Cell 4,770.0,2.5,0.0,2.5,3.8203991414984486,0.671975308641978,3474.611653995409,-0.0560821489624357
Electrochemical,Cell 1,780.0,2.5,0.25,2.75,3.8208474600702216,0.6808333333333321,4595.728973153167,-0.046423710536545974
Electrochemical,Cell 2,780.0,2.5,0.0,2.5,3.7937176998737283,0.6494557823129243,3483.7605947976845,-0.05575698069780724
Electrochemical,Cell 3,780.0,2.5,-0.25,2.25,3.7726313355869867,0.6162765957446823,2371.79070813028,-0.06532341582875181
Electrochemical,Cell 4,780.0,2.5,0.0,2.5,3.818666381308045,0.6705723905723933,3483.760091599528,-0.056059581371607985
Electrochemical,Cell 1,790.0,2.5,0.25,2.75,3.819232552562189,0.6793055555555543,4605.3267902691005,-0.046397132031522195
Electrochemical,Cell 2,790.0,2.5,0.0,2.5,3.792023842098195,0.6480385487528336,3492.635925868908,-0.05573871564869582
Electrochemical,Cell 3,790.0,2.5,-0.25,2.25,3.7713965902379356,0.6149468085106398,2379.943290927815,-0.06531272119216709
Electrochemical,Cell 4,790.0,2.5,0.0,2.5,3.816925382662599,0.6691694725028086,3492.634729460191,-0.05603729418141486
Electrochemical,Cell 1,800.0,2.5,0.25,2.75,3.8175978613088852,0.6777777777777765,4614.627752157321,-0.046370855148682506
Electrochemical,Cell 2,800.0,2.5,0.0,2.5,3.790345194561101,0.6466213151927429,3501.2522728772456,-0.05572071550098531
Electrochemical,Cell 3,800.0,2.5,-0.25,2.25,3.770166034638122,0.6136170212765972,2387.87534812932,-0.065302266732363
Electrochemical,Cell 4,800.0,2.5,0.0,2.5,3.8151777169687926,0.6677665544332239,3501.251457416427,-0.05601528620903046
Electrochemical,Cell 1,810.0,2.5,0.25,2.75,3.8159432859922813,0.6762499999999987,4623.641558341748,-0.04634487789368648
Electrochemical,Cell 2,810.0,2.5,0.0,2.5,3.7886822894372596,0.6452040816326522,3509.62096618125,-0.05570297933807294
Electrochemical,Cell 3,810.0,2.5,-0.25,2.25,3.7689391290367396,0.6122872340425547,2395.5988677931155,-0.06529205253236035
Electrochemical,Cell 4,810.0,2.5,0.0,2.5,3.8134250640686687,0.6663636363636392,3509.619785269937,-0.05599355630439236
Electrochemical,Cell 1,820.0,2.5,0.25,2.75,3.8142688841479897,0.6747222222222209,4632.373280448986,-0.04631919838168095
Electrochemical,Cell 2,820.0,2.5,0.0,2.5,3.787035602734729,0.6437868480725615,3517.743470347381,-0.055685506255110026
Electrochemical,Cell 3,820.0,2.5,-0.25,2.25,3.7677154989705337,0.6109574468085122,2403.112082147103,-0.06528207855523882
Electrochemical,Cell 4,820.0,2.5,0.0,2.5,3.8116692010607647,0.6649607182940545,3517.7419232753637,-0.055972103346567895
Electrochemical,Cell 1,830.0,2.5,0.25,2.75,3.812574813834602,0.6731944444444431,4640.831699465621,-0.046293814800425284
Electrochemical,Cell 2,830.0,2.5,0.0,2.5,3.7854054307241265,0.6423696145124708,3525.6265443310476,-0.05566829536685235
Electrochemical,Cell 3,830.0,2.5,-0.25,2.25,3.7664947377887494,0.6096276595744696,2410.419735208746,-0.06527234474255343
Electrochemical,Cell 4,830.0,2.5,0.0,2.5,3.80991188755034,0.6635578002244698,3525.6246528442716,-0.05595092622699847
Electrochemical,Cell 1,840.0,2.5,0.25,2.75,3.8108613583399094,0.6716666666666653,4649.0276100628325,-0.04626872541345542
Electrochemical,Cell 2,840.0,2.5,0.0,2.5,3.7837919305468377,0.64095238095238,3533.2785170888856,-0.05565134580739347
Electrochemical,Cell 3,840.0,2.5,-0.25,2.25,3.7652764608054894,0.6082978723404271,2417.5278298090852,-0.06526285099901386
Electrochemical,Cell 4,840.0,2.5,0.0,2.5,3.8081548715179587,0.662154882154885,3533.276596992677,-0.05593002385692804
Electrochemical,Cell 1,850.0,2.5,0.25,2.75,3.809128950133112,0.6701388888888875,4656.970209166916,-0.046243928556771355
Electrochemical,Cell 2,850.0,2.5,0.0,2.5,3.7821951369496043,0.6395351473922893,3540.707556383044,-0.055634656728243706
Electrochemical,Cell 3,850.0,2.5,-0.25,2.25,3.76406030685834,0.6069680851063846,2424.443317398295,-0.06525359719871691
Electrochemical,Cell 4,850.0,2.5,0.0,2.5,3.8063998835548194,0.6607519640853003,3540.705521699594,-0.05590939516686161
Electrochemical,Cell 1,860.0,2.5,0.25,2.75,3.8073781704842315,0.6686111111111097,4664.667758985556,-0.0462194226313755
Electrochemical,Cell 2,860.0,2.5,0.0,2.5,3.780614980526905,0.6381179138321986,3547.9199254060295,-0.0556182272954969
Electrochemical,Cell 3,860.0,2.5,-0.25,2.25,3.7628459619841714,0.605638297872342,2431.170544061785,-0.06524458317732842
Electrochemical,Cell 4,860.0,2.5,0.0,2.5,3.804648619639636,0.6593490460157156,3547.917873699993,-0.05588903910580988
Electrochemical,Cell 1,870.0,2.5,0.25,2.75,3.8056097426995708,0.6670833333333319,4672.129080064011,-0.046195206096364155
Electrochemical,Cell 2,870.0,2.5,0.0,2.5,3.7790512799801506,0.6367006802721079,3554.9228279561394,-0.055602056693432725
Electrochemical,Cell 3,870.0,2.5,-0.25,2.25,3.761633132775178,0.6043085106382995,2437.715104101435,-0.06523580875202974
Electrochemical,Cell 4,870.0,2.5,0.0,2.5,3.8029027108311917,0.6579461279461309,3554.9208759374924,-0.0558689546418115
Electrochemical,Cell 1,880.0,2.5,0.25,2.75,3.80382456311834,0.6655555555555541,4679.359982084252,-0.04617127747436891
Electrochemical,Cell 2,880.0,2.5,0.0,2.5,3.7775037787645616,0.6352834467120172,3561.7214627557078,-0.055586144119710794
Electrochemical,Cell 3,880.0,2.5,-0.25,2.25,3.7604215698052044,0.602978723404257,2444.0813800409437,-0.06522727371308058
Electrochemical,Cell 4,880.0,2.5,0.0,2.5,3.801163735735456,0.6565432098765462,3561.719219498227,-0.05584914076369418
Electrochemical,Cell 1,890.0,2.5,0.25,2.75,3.802023650660539,0.6640277777777763,4686.368120646492,-0.046147635329444325
Electrochemical,Cell 2,890.0,2.5,0.0,2.5,3.775972136832296,0.6338662131519265,3568.3207344808034,-0.055570488786786804
Electrochemical,Cell 3,890.0,2.5,-0.25,2.25,3.7592110759817765,0.6016489361702144,2450.271843134984,-0.06521897782191269
Electrochemical,Cell 4,890.0,2.5,0.0,2.5,3.7994331693447707,0.6551402918069615,3568.3185746103227,-0.05582959647636681
Electrochemical,Cell 1,900.0,2.5,0.25,2.75,3.800208146965919,0.6624999999999985,4693.162392607532,-0.046124278266803
Electrochemical,Cell 2,900.0,2.5,0.0,2.5,3.7744559034456606,0.6324489795918358,3574.728655736417,-0.05555508992868609
Electrochemical,Cell 3,900.0,2.5,-0.25,2.25,3.75800142457418,0.6003191489361719,2456.293507572429,-0.06521092085855693
Electrochemical,Cell 4,900.0,2.5,0.0,2.5,3.7977123577293606,0.6537373737373768,3574.726694435969,-0.05581032080100686
Electrochemical,Cell 1,910.0,2.5,0.25,2.75,3.7983793305439177,0.6609722222222207,4699.750663991058,-0.046101204936984275
Electrochemical,Cell 2,910.0,2.5,0.0,2.5,3.772954576390672,0.6310317460317451,3580.9517988895714,-0.05553994679327179
Electrochemical,Cell 3,910.0,2.5,-0.25,2.25,3.756792436769375,0.5989893617021294,2462.1516582358445,-0.06520310258327164
Electrochemical,Cell 4,910.0,2.5,0.0,2.5,3.796002539430292,0.6523344556677921,3580.95016971519,-0.05579131277774811
Electrochemical,Cell 1,920.0,2.5,0.25,2.75,3.79653865439194,0.659444444444443,4706.134207678452,-0.04607841404267463
Electrochemical,Cell 2,920.0,2.5,0.0,2.5,3.771467637251763,0.6296145124716543,3586.9925959433604,-0.05552505863458652
Electrochemical,Cell 3,920.0,2.5,-0.25,2.25,3.755583984188137,0.5976595744680868,2467.8493740792155,-0.06519552273562751
Electrochemical,Cell 4,920.0,2.5,0.0,2.5,3.7943048759700932,0.6509315375982074,3586.9900163117054,-0.0557725714634167
Electrochemical,Cell 1,930.0,2.5,0.25,2.75,3.7946876293094203,0.6579166666666652,4712.3195729350555,-0.04605590430910762
Electrochemical,Cell 2,930.0,2.5,0.0,2.5,3.7699945279510643,0.6281972789115636,3592.852759864727,-0.05551042471820804
Electrochemical,Cell 3,930.0,2.5,-0.25,2.25,3.7543760244071374,0.5963297872340443,2473.384377230373,-0.06518818101330012
Electrochemical,Cell 4,930.0,2.5,0.0,2.5,3.7926203671014775,0.6495286195286227,3592.850191318965,-0.05575409592986131
Electrochemical,Cell 1,940.0,2.5,0.25,2.75,3.792827828968143,0.6563888888888874,4718.316272632693,-0.046033674489838416
Electrochemical,Cell 2,940.0,2.5,0.0,2.5,3.768534571726404,0.6267800453514729,3598.542104978096,-0.055496044344217635
Electrochemical,Cell 3,940.0,2.5,-0.25,2.25,3.7531684011959614,0.5950000000000017,2478.7664463698848,-0.06518107719316117
Electrochemical,Cell 4,940.0,2.5,0.0,2.5,3.790949826372197,0.648125701459038,3598.5396816889406,-0.05573588526707632
Electrochemical,Cell 1,950.0,2.5,0.25,2.75,3.7909609214014766,0.6548611111111096,4724.131313408786,-0.046011723375516206
Electrochemical,Cell 2,950.0,2.5,0.0,2.5,3.767087099754538,0.6253628117913822,3604.0665997088254,-0.05548191681949071
Electrochemical,Cell 3,950.0,2.5,-0.25,2.25,3.751961035663579,0.5936702127659592,2484.000517580015,-0.0651742110202214
Electrochemical,Cell 4,950.0,2.5,0.0,2.5,3.7892939532459504,0.6467227833894533,3604.0644766807636,-0.05571793858187375
Electrochemical,Cell 1,960.0,2.5,0.25,2.75,3.7890886292879395,0.6533333333333318,4729.771646144618,-0.04599004978681338
Electrochemical,Cell 2,960.0,2.5,0.0,2.5,3.7656514212458996,0.6239455782312915,3609.432212482254,-0.055468041466127625
Electrochemical,Cell 3,960.0,2.5,-0.25,2.25,3.750753869633934,0.5923404255319167,2489.091582699242,-0.06516758224158992
Electrochemical,Cell 4,960.0,2.5,0.0,2.5,3.787653305702584,0.6453198653198686,3609.4305655536227,-0.05570025499780062
Electrochemical,Cell 1,970.0,2.5,0.25,2.75,3.787212710552734,0.651805555555554,4735.244169062926,-0.04596865257284964
Electrochemical,Cell 2,970.0,2.5,0.0,2.5,3.7642268308050753,0.6225283446712008,3614.6449117237353,-0.0554544176213593
Electrochemical,Cell 3,970.0,2.5,-0.25,2.25,3.7495468646572667,0.5910106382978741,2494.044686224608,-0.06516119060784015
Electrochemical,Cell 4,970.0,2.5,0.0,2.5,3.7860283024846626,0.6439169472502839,3614.6439375666523,-0.05568283365501246
Electrochemical,Cell 1,980.0,2.5,0.25,2.75,3.7853350095768783,0.6502777777777762,4740.547474015432,-0.04594753061781578
Electrochemical,Cell 2,980.0,2.5,0.0,2.5,3.762812659400768,0.6211111111111101,3619.706183565788,-0.055441044623032815
Electrochemical,Cell 3,980.0,2.5,-0.25,2.25,3.7483400178743045,0.5896808510638316,2498.863417972977,-0.06515503586298604
Electrochemical,Cell 4,980.0,2.5,0.0,2.5,3.7844192895636715,0.6425140291806992,3619.703779912008,-0.055665673702543494
Electrochemical,Cell 1,990.0,2.5,0.25,2.75,3.7834573189753766,0.6487499999999984,4745.685571364248,-0.045926682822375414
Electrochemical,Cell 2,990.0,2.5,0.0,2.5,3.761408279150521,0.6196938775510193,3624.6132830254355,-0.05542792180708069
Electrochemical,Cell 3,990.0,2.5,-0.25,2.25,3.747133477146389,0.5883510638297891,2503.5395899823516,-0.06514911766590441
Electrochemical,Cell 4,990.0,2.5,0.0,2.5,3.782826468684889,0.6411111111111145,3624.6110164559905,-0.055648774304009926
Electrochemical,Cell 1,1000.0,2.5,0.25,2.75,3.7815813514962966,0.6472222222222206,4750.668703094901,-0.04590610810602132
Electrochemical,Cell 2,1000.0,2.5,0.0,2.5,3.7600129222410827,0.6182766439909286,3629.378036642909,-0.0554150485703503
Electrochemical,Cell 3,1000.0,2.5,-0.25,2.25,3.745927171967073,0.5870212765957465,2508.086070741704,-0.06514343583702494
Electrochemical,Cell 4,1000.0,2.5,0.0,2.5,3.781249832526014,0.6397081930415298,3629.3760319416324,-0.05563213464966513
Electrochemical,Cell 1,1010.0,2.5,0.25,2.75,3.7797088132262067,0.6456944444444428,4755.5025979321335,-0.04588580541640858
Electrochemical,Cell 2,1010.0,2.5,0.0,2.5,3.758625896682099,0.6168594104308379,3634.0054270454093,-0.05540242430287383
Electrochemical,Cell 3,1010.0,2.5,-0.25,2.25,3.7447211444977144,0.585691489361704,2512.5071018947083,-0.06513799014024986
Electrochemical,Cell 4,1010.0,2.5,0.0,2.5,3.779689308804043,0.6383052749719451,3634.0038299859734,-0.055615753940093014
Electrochemical,Cell 1,1020.0,2.5,0.25,2.75,3.7778413464180813,0.644166666666665,4760.192945032093,-0.045865773723485916
Electrochemical,Cell 2,1020.0,2.5,0.0,2.5,3.757246523303786,0.6154421768707472,3638.500436860111,-0.055390048408803454
Electrochemical,Cell 3,1020.0,2.5,-0.25,2.25,3.7435154517413363,0.5843617021276615,2516.806964653868,-0.06513278034696741
Electrochemical,Cell 4,1020.0,2.5,0.0,2.5,3.77814472013282,0.6369023569023604,3638.499414206035,-0.055599631391326475
Electrochemical,Cell 1,1030.0,2.5,0.25,2.75,3.7759805122535672,0.6426388888888872,4764.745396180522,-0.045846012018718046
Electrochemical,Cell 2,1030.0,2.5,0.0,2.5,3.755874139381597,0.6140249433106565,3642.8680487141974,-0.0553779203063315
Electrochemical,Cell 3,1030.0,2.5,-0.25,2.25,3.7423101645738432,0.5830319148936189,2520.989977601952,-0.06512780623665118
Electrochemical,Cell 4,1030.0,2.5,0.0,2.5,3.7766157935697295,0.6354994388327757,3642.8677882189004,-0.05558376623473829
Electrochemical,Cell 1,1040.0,2.5,0.25,2.75,3.774127831017033,0.6411111111111094,4769.1590609526365,-0.045826519314792424
Electrochemical,Cell 2,1040.0,2.5,0.0,2.5,3.7545081288727222,0.6126077097505658,3647.1104949445107,-0.055366039416657145
Electrochemical,Cell 3,1040.0,2.5,-0.25,2.25,3.7411053667892302,0.5817021276595764,2525.0604946160047,-0.06512306759738185
Electrochemical,Cell 4,1040.0,2.5,0.0,2.5,3.775102217069533,0.634096520763191,3647.1088680343128,-0.05556815770697796
Electrochemical,Cell 1,1050.0,2.5,0.25,2.75,3.7722846943276305,0.6395833333333316,4773.4352960868555,-0.04580729464112244
Electrochemical,Cell 2,1050.0,2.5,0.0,2.5,3.7531479708630564,0.6111904761904751,3651.2227083199323,-0.055354405143202674
Electrochemical,Cell 3,1050.0,2.5,-0.25,2.25,3.7399013075314858,0.5803723404255339,2529.00895175634,-0.06511856411133002
Electrochemical,Cell 4,1050.0,2.5,0.0,2.5,3.7736036162653277,0.6326936026936063,3651.221230930114,-0.05555280505415604
Electrochemical,Cell 1,1060.0,2.5,0.25,2.75,3.770452303528566,0.6380555555555538,4777.583510619191,-0.045788337046162864
Electrochemical,Cell 2,1060.0,2.5,0.0,2.5,3.7517930090208482,0.6097732426303843,3655.2158390643854,-0.05534301696670766
Electrochemical,Cell 3,1060.0,2.5,-0.25,2.25,3.7386980134695587,0.5790425531914913,2532.8470988687304,-0.0651142956404907
Electrochemical,Cell 4,1060.0,2.5,0.0,2.5,3.7721194492512193,0.6312906846240216,3655.214612042124,-0.0555377075587744
Electrochemical,Cell 1,1070.0,2.5,0.25,2.75,3.7686317706610333,0.636527777777776,4781.608320714549,-0.04576964559796251
Electrochemical,Cell 2,1070.0,2.5,0.0,2.5,3.750442682604534,0.6083560090702936,3659.0939658668212,-0.055331874353973846
Electrochemical,Cell 3,1070.0,2.5,-0.25,2.25,3.737495609502664,0.5777127659574488,2536.5786753788493,-0.06511026199232228
Electrochemical,Cell 4,1070.0,2.5,0.0,2.5,3.7706491697929483,0.6298877665544369,3659.0931102793475,-0.055522864507519754
Electrochemical,Cell 1,1080.0,2.5,0.25,2.75,3.7668240714841366,0.6349999999999982,4785.514314456974,-0.04575121938274757
Electrochemical,Cell 2,1080.0,2.5,0.0,2.5,3.749096458371226,0.6069387755102029,3662.8611674163294,-0.05532097678496446
Electrochemical,Cell 3,1080.0,2.5,-0.25,2.25,3.7362942318589303,0.5763829787234063,2540.2072550048356,-0.06510646298228587
Electrochemical,Cell 4,1080.0,2.5,0.0,2.5,3.769192185477939,0.6284848484848522,3662.860824550771,-0.0555082752014049
Electrochemical,Cell 1,1090.0,2.5,0.25,2.75,3.7650300414866087,0.6334722222222204,4789.306053409762,-0.045733057504511114
Electrochemical,Cell 2,1090.0,2.5,0.0,2.5,3.74775383157946,0.6055215419501122,3666.5215224019557,-0.05531032375273656
Electrochemical,Cell 3,1090.0,2.5,-0.25,2.25,3.7350940250771885,0.5750531914893637,2543.7364379856244,-0.06510289843567357
Electrochemical,Cell 4,1090.0,2.5,0.0,2.5,3.7677478667297057,0.6270819304152675,3666.521853765378,-0.05549393895567441
Electrochemical,Cell 1,1100.0,2.5,0.25,2.75,3.7632504112633427,0.6319444444444426,4792.983692338253,-0.045715159081285275
Electrochemical,Cell 2,1100.0,2.5,0.0,2.5,3.7464143381046187,0.6041043083900215,3670.077944678902,-0.05529991475794657
Electrochemical,Cell 3,1100.0,2.5,-0.25,2.25,3.7338951411359473,0.5737234042553212,2547.1698496076106,-0.06509956818783404
Electrochemical,Cell 4,1100.0,2.5,0.0,2.5,3.7663155842510143,0.6256790123456828,3670.0771130395806,-0.05547985509108863
Electrochemical,Cell 1,1110.0,2.5,0.25,2.75,3.761485773199429,0.6304166666666648,4796.5470725336,-0.04569752324554566
Electrochemical,Cell 2,1110.0,2.5,0.0,2.5,3.7450776267452373,0.6026870748299308,3673.524911129025,-0.055289749273115384
Electrochemical,Cell 3,1110.0,2.5,-0.25,2.25,3.732697837883269,0.5723936170212787,2550.501795748538,-0.06509647200234102
Electrochemical,Cell 4,1110.0,2.5,0.0,2.5,3.764894719031311,0.6242760942760981,3673.5241892075355,-0.055466022931278294
Electrochemical,Cell 1,1120.0,2.5,0.25,2.75,3.7597365111403866,0.628888888888887,4800.004280828897,-0.045680149152560724
Electrochemical,Cell 2,1120.0,2.5,0.0,2.5,3.743743228232762,0.6012698412698401,3676.8720329353346,-0.05527982685309331
Electrochemical,Cell 3,1120.0,2.5,-0.25,2.25,3.731502248064018,0.5710638297872361,2553.7389171228633,-0.06509360975776804
Electrochemical,Cell 4,1120.0,2.5,0.0,2.5,3.7634845402659276,0.6228731762065134,3676.8715030263775,-0.055452441842592654
Electrochemical,Cell 1,1130.0,2.5,0.25,2.75,3.758002911023102,0.6273611111111093,4803.359060618181,-0.04566303597094639
Electrochemical,Cell 2,1130.0,2.5,0.0,2.5,3.7424107642578974,0.5998526077097494,3680.122664988241,-0.0552701470368708
Electrochemical,Cell 3,1130.0,2.5,-0.25,2.25,3.730308534361039,0.5697340425531936,2556.8855150678082,-0.06509098132353604
Electrochemical,Cell 4,1130.0,2.5,0.0,2.5,3.762084356093401,0.6214702581369287,3680.1224284409764,-0.0554391111918773
Electrochemical,Cell 1,1140.0,2.5,0.25,2.75,3.75628513046921,0.6258333333333315,4806.615135367287,-0.045646182885136735
Electrochemical,Cell 2,1140.0,2.5,0.0,2.5,3.741079886294509,0.5984353741496586,3683.280162178191,-0.055260709375827166
Electrochemical,Cell 3,1140.0,2.5,-0.25,2.25,3.7291168776821553,0.5684042553191511,2559.9445797601543,-0.06508858656785622
Electrochemical,Cell 4,1140.0,2.5,0.0,2.5,3.7606934739292357,0.620067340067344,3683.280339396155,-0.05542603035938064
Electrochemical,Cell 1,1150.0,2.5,0.25,2.75,3.7545832060419406,0.6243055555555537,4809.776209720981,-0.04562958909514572
Electrochemical,Cell 2,1150.0,2.5,0.0,2.5,3.7397502752699405,0.5970181405895679,3686.34787939566,-0.05525151343367361
Electrochemical,Cell 3,1150.0,2.5,-0.25,2.25,3.7279274622393537,0.5670744680851085,2562.919120197589,-0.06508642536934048
Electrochemical,Cell 4,1150.0,2.5,0.0,2.5,3.7593112058076543,0.6186644219977593,3686.3486098367466,-0.05541319873867229
Electrochemical,Cell 1,1160.0,2.5,0.25,2.75,3.752897069044338,0.6227777777777759,4812.845085390906,-0.04561325381498968
Electrochemical,Cell 2,1160.0,2.5,0.0,2.5,3.7384216414084763,0.5956009070294772,3689.3291408575096,-0.055242558786234075
Electrochemical,Cell 3,1160.0,2.5,-0.25,2.25,3.726740474794761,0.565744680851066,2565.8121631534077,-0.065084497617098
Electrochemical,Cell 4,1160.0,2.5,0.0,2.5,3.7579368778139077,0.6172615039281746,3689.330098077462,-0.05540061573479551
Electrochemical,Cell 1,1170.0,2.5,0.25,2.75,3.7512265638306124,0.6212499999999981,4815.8226013959875,-0.045597176270142994
Electrochemical,Cell 2,1170.0,2.5,0.0,2.5,3.7370937528788244,0.5941836734693865,3692.2242759776927,-0.05523384500515269
Electrochemical,Cell 3,1170.0,2.5,-0.25,2.25,3.7255561205407295,0.5644148936170235,2568.625143712855,-0.06508280319571702
Electrochemical,Cell 4,1170.0,2.5,0.0,2.5,3.756569852627533,0.6158585858585899,3692.2251562704732,-0.055388280756765995
Electrochemical,Cell 1,1180.0,2.5,0.25,2.75,3.7495714192414997,0.6197222222222203,4818.712150373391,-0.04558135570418249
Electrochemical,Cell 2,1180.0,2.5,0.0,2.5,3.73576638260944,0.5927664399092958,3695.0359892401248,-0.05522537168595065
Electrochemical,Cell 3,1180.0,2.5,-0.25,2.25,3.724374610682698,0.5630851063829809,2571.359029145533,-0.06508134199494592
Electrochemical,Cell 4,1180.0,2.5,0.0,2.5,3.7552094857753606,0.6144556677890052,3695.03681397784,-0.05537619323498573
Electrochemical,Cell 1,1190.0,2.5,0.25,2.75,3.7479315082643403,0.6181944444444425,4821.489010717778,-0.04556579132435445
Electrochemical,Cell 2,1190.0,2.5,0.0,2.5,3.734439590245141,0.5913492063492051,3697.7392921439205,-0.05521713828600765
Electrochemical,Cell 3,1190.0,2.5,-0.25,2.25,3.7231964085125777,0.5617553191489384,2573.9887963770307,-0.06508011367771882
Electrochemical,Cell 4,1190.0,2.5,0.0,2.5,3.7538553985238923,0.6130527497194205,3697.7400927426934,-0.055364352511678386
Electrochemical,Cell 1,1200.0,2.5,0.25,2.75,3.7463060697653563,0.6166666666666647,4824.197757303261,-0.04555048247266819
Electrochemical,Cell 2,1200.0,2.5,0.0,2.5,3.733112813294295,0.5899319727891144,3700.3785681955706,-0.05520914464457227
Electrochemical,Cell 3,1200.0,2.5,-0.25,2.25,3.7220213043187176,0.5604255319148959,2576.558623224354,-0.06507911854290534
Electrochemical,Cell 4,1200.0,2.5,0.0,2.5,3.752506629375874,0.6116498316498358,3700.3793452388454,-0.05535275818626609
Electrochemical,Cell 1,1200.0000000000002,0.0,0.25,0.25,3.8018565511391036,0.6166666666666647,4824.197757303261,0.009999998901079278
Electrochemical,Cell 2,1200.0000000000002,0.0,0.0,0.0,3.7883219579388667,0.5899319727891144,3700.3785681955706,0.0
Electrochemical,Cell 3,1200.0000000000002,0.0,-0.25,-0.25,3.7771004239605435,0.5604255319148959,2576.558623224354,-0.009999998901079278
Electrochemical,Cell 4,1200.0000000000002,0.0,0.0,0.0,3.8078593875621403,0.6116498316498358,3700.3793452388454,0.0
Electrochemical,Cell 1,1210.0,0.0,0.25,0.25,3.810174382765007,0.6165277777777758,4455.423539523339,0.009999999038444368
Electrochemical,Cell 2,1210.0,0.0,0.0,0.0,3.7968376081728223,0.5899319727891144,3331.537723131536,0.0
Electrochemical,Cell 3,1210.0,0.0,-0.25,-0.25,3.785998385274344,0.5605732860520117,2207.63073722421,-0.009999999038444368
Electrochemical,Cell 4,1210.0,0.0,0.0,0.0,3.816162537066102,0.6116498316498358,3331.5390143754594,0.0
Electrochemical,Cell 1,1220.0,0.0,0.25,0.25,3.814594546658343,0.6163888888888869,4228.188037271834,0.009999999158638822
Electrochemical,Cell 2,1220.0,0.0,0.0,0.0,3.8016575586260966,0.5899319727891144,3104.2436946279813,0.0
Electrochemical,Cell 3,1220.0,0.0,-0.25,-0.25,3.791264563285894,0.5607210401891276,1980.3138482856439,-0.009999999158638822
Electrochemical,Cell 4,1220.0,0.0,0.0,0.0,3.8207744093539944,0.6116498316498358,3104.24296585708,0.0
Electrochemical,Cell 1,1230.0,0.0,0.25,0.25,3.8176147944645527,0.616249999999998,4058.941019074039,0.009999999263808968
Electrochemical,Cell 2,1230.0,0.0,0.0,0.0,3.8050187981960155,0.5899319727891144,2934.937925296199,0.0
Electrochemical,Cell 3,1230.0,0.0,-0.25,-0.25,3.7950401180581466,0.5608687943262435,1810.9389240915723,-0.009999999263808968
Electrochemical,Cell 4,1230.0,0.0,0.0,0.0,3.8239790540578467,0.6116498316498358,2934.9376515316726,0.0
Electrochemical,Cell 1,1240.0,0.0,0.25,0.25,3.819917950855013,0.616111111111109,3920.1532096228693,0.009999999355832848
Electrochemical,Cell 2,1240.0,0.0,0.0,0.0,3.807626430290407,0.5899319727891144,2796.090398591281,0.0
Electrochemical,Cell 3,1240.0,0.0,-0.25,-0.25,3.798033346382817,0.5610165484633594,1672.0228847423934,-0.009999999355832848
Electrochemical,Cell 4,1240.0,0.0,0.0,0.0,3.8264600617924804,0.6116498316498358,2796.092091621791,0.0
Electrochemical,Cell 1,1250.0,0.0,0.25,0.25,3.8217764856743868,0.6159722222222201,3800.4900501956913,0.009999999436353742
Electrochemical,Cell 2,1250.0,0.0,0.0,0.0,3.8097672155441744,0.5899319727891144,2676.38063494605,0.0
Electrochemical,Cell 3,1250.0,0.0,-0.25,-0.25,3.8005369258833097,0.5611643026004752,1552.2537729551982,-0.009999999436353742
Electrochemical,Cell 4,1250.0,0.0,0.0,0.0,3.8284932063469856,0.6116498316498358,2676.3796047143915,0.0
Electrochemical,Cell 1,1260.0,0.0,0.25,0.25,3.8233317632787385,0.6158333333333312,3694.0683318831707,0.009999999506809524
Electrochemical,Cell 2,1260.0,0.0,0.0,0.0,3.8115898467814686,0.5899319727891144,2569.902598826393,0.0
Electrochemical,Cell 3,1260.0,0.0,-0.25,-0.25,3.8027036061076727,0.5613120567375911,1445.743225877022,-0.009999999506809524
Electrochemical,Cell 4,1260.0,0.0,0.0,0.0,3.8302212399348328,0.6116498316498358,2569.9051167379257,0.0
Electrochemical,Cell 1,1270.0,0.0,0.25,0.25,3.824664803307528,0.6156944444444423,3597.495645325068,0.009999999568458333
Electrochemical,Cell 2,1270.0,0.0,0.0,0.0,3.8131788187432827,0.5899319727891144,2473.287296431554,0.0
Electrochemical,Cell 3,1270.0,0.0,-0.25,-0.25,3.804622071514639,0.561459810874707,1349.078563396658,-0.009999999568458333
Electrochemical,Cell 4,1270.0,0.0,0.0,0.0,3.8317255811208497,0.6116498316498358,2473.2875316563113,0.0
Electrochemical,Cell 1,1280.0,0.0,0.25,0.25,3.8258251517374515,0.6155555555555534,3508.7030532424137,0.009999999622401041
Electrochemical,Cell 2,1280.0,0.0,0.0,0.0,3.8145863060527074,0.5899319727891144,2384.453044494214,0.0
Electrochemical,Cell 3,1280.0,0.0,-0.25,-0.25,3.8063460820433725,0.5616075650118229,1260.1963200690411,-0.009999999622401041
Electrochemical,Cell 4,1280.0,0.0,0.0,0.0,3.833056195688382,0.6116498316498358,2384.4523363215594,0.0
Electrochemical,Cell 1,1290.0,0.0,0.25,0.25,3.8268484400571303,0.6154166666666645,3426.1974172268256,0.009999999669600912
Electrochemical,Cell 2,1290.0,0.0,0.0,0.0,3.8158495124199927,0.5899319727891144,2301.9054937133624,0.0
Electrochemical,Cell 3,1290.0,0.0,-0.25,-0.25,3.807914454775757,0.5617553191489387,1177.6076320261288,-0.009999999669600912
Electrochemical,Cell 4,1290.0,0.0,0.0,0.0,3.834248848151179,0.6116498316498358,2301.9049903284176,0.0
Electrochemical,Cell 1,1300.0,0.0,0.25,0.25,3.8277602658885894,0.6152777777777756,3348.904867182785,0.009999999710900797
Electrochemical,Cell 2,1300.0,0.0,0.0,0.0,3.816995076546357,0.5899319727891144,2224.5709900882903,0.0
Electrochemical,Cell 3,1300.0,0.0,-0.25,-0.25,3.809355225099208,0.5619030732860546,1100.2384225246562,-0.009999999710900797
Electrochemical,Cell 4,1300.0,0.0,0.0,0.0,3.8353291549074138,0.6116498316498358,2224.5717598358897,0.0
Electrochemical,Cell 1,1310.0,0.0,0.25,0.25,3.8285791107423415,0.6151388888888867,3276.0510117114136,0.009999999747038198
Electrochemical,Cell 2,1310.0,0.0,0.0,0.0,3.818042132624494,0.5899319727891144,2151.678515639902,0.0
Electrochemical,Cell 3,1310.0,0.0,-0.25,-0.25,3.8106887152174505,0.5620508274231705,1027.3118929809061,-0.009999999747038198
Electrochemical,Cell 4,1310.0,0.0,0.0,0.0,3.836315552698835,0.6116498316498358,2151.679979598797,0.0
Electrochemical,Cell 1,1320.0,0.0,0.25,0.25,3.8293187395851556,0.6149999999999978,3207.0597252976886,0.009999999778658423
Electrochemical,Cell 2,1320.0,0.0,0.0,0.0,3.8190049501921095,0.5899319727891144,2082.653535095389,0.0
Electrochemical,Cell 3,1320.0,0.0,-0.25,-0.25,3.811930088773037,0.5621985815602863,958.2502728622921,-0.009999999778658423
Electrochemical,Cell 4,1320.0,0.0,0.0,0.0,3.8372217771662873,0.6116498316498358,2082.654355459679,0.0
Electrochemical,Cell 1,1330.0,0.0,0.25,0.25,3.829990252876728,0.6148611111111089,3141.4654948328853,0.009999999806326121
Electrochemical,Cell 2,1330.0,0.0,0.0,0.0,3.8198951701178214,0.5899319727891144,2017.0250981252793,0.0
Electrochemical,Cell 3,1330.0,0.0,-0.25,-0.25,3.813091531312404,0.5623463356974022,892.5901498141509,-0.009999999806326121
Electrochemical,Cell 4,1330.0,0.0,0.0,0.0,3.838058964046148,0.6116498316498358,2017.0266547361098,0.0
Electrochemical,Cell 1,1340.0,0.0,0.25,0.25,3.8306029154621717,0.61472222222222,3078.8785968407706,0.009999999830535357
Electrochemical,Cell 2,1340.0,0.0,0.0,0.0,3.8207222041142286,0.5899319727891144,1954.4117286116343,0.0
Electrochemical,Cell 3,1340.0,0.0,-0.25,-0.25,3.8141833303817365,0.5624940898345181,829.9405263436288,-0.009999999830535357
Electrochemical,Cell 4,1340.0,0.0,0.0,0.0,3.8388362705027177,0.6116498316498358,1954.4105125225906,0.0
Electrochemical,Cell 1,1350.0,0.0,0.25,0.25,3.8311639078942807,0.614583333333331,3018.997537423393,0.009999999851718438
Electrochemical,Cell 2,1350.0,0.0,0.0,0.0,3.8214938957358413,0.5899319727891144,1894.4945992219727,0.0
Electrochemical,Cell 3,1350.0,0.0,-0.25,-0.25,3.8152133793122456,0.562641843971634,770.0034296409699,-0.009999999851718438
Electrochemical,Cell 4,1350.0,0.0,0.0,0.0,3.839561024012931,0.6116498316498358,1894.4969278932076,0.0
Electrochemical,Cell 1,1360.0,0.0,0.25,0.25,3.83167892688913,0.6144444444444421,2961.583480811023,0.009999999870253634
Electrochemical,Cell 2,1360.0,0.0,0.0,0.0,3.822215743908955,0.5899319727891144,1837.0545197001593,0.0
Electrochemical,Cell 3,1360.0,0.0,-0.25,-0.25,3.816188206929821,0.5627895981087498,712.5335987997748,-0.009999999870253634
Electrochemical,Cell 4,1360.0,0.0,0.0,0.0,3.840238725606749,0.6116498316498358,1837.0559965930734,0.0
Electrochemical,Cell 1,1370.0,0.0,0.25,0.25,3.832153228769142,0.6143055555555532,2906.414537724139,0.00999999988647193
Electrochemical,Cell 2,1370.0,0.0,0.0,0.0,3.8228933375894547,0.5899319727891144,1781.8640757265784,0.0
Electrochemical,Cell 3,1370.0,0.0,-0.25,-0.25,3.8171136447675185,0.5629373522458657,657.3121467084034,-0.00999999988647193
Electrochemical,Cell 4,1370.0,0.0,0.0,0.0,3.8408746833652474,0.6116498316498358,1781.862944918761,0.0
Electrochemical,Cell 1,1380.0,0.0,0.25,0.25,3.832590474908685,0.6141666666666643,2853.3377384609576,0.009999999900662939
Electrochemical,Cell 2,1380.0,0.0,0.0,0.0,3.823530639111947,0.5899319727891144,1728.765769134643,0.0
Electrochemical,Cell 3,1380.0,0.0,-0.25,-0.25,3.817993903131154,0.5630851063829816,604.1840743203738,-0.009999999900662939
Electrochemical,Cell 4,1380.0,0.0,0.0,0.0,3.841472620412892,0.6116498316498358,1728.7631274268279,0.0
Electrochemical,Cell 1,1390.0,0.0,0.25,0.25,3.832994633368182,0.6140277777777754,2802.184680131446,0.009999999913080072
Electrochemical,Cell 2,1390.0,0.0,0.0,0.0,3.824131846518109,0.5899319727891144,1677.5886517335166,0.0
Electrochemical,Cell 3,1390.0,0.0,-0.25,-0.25,3.8188334496616085,0.5632328605200975,552.9829032518937,-0.009999999913080072
Electrochemical,Cell 4,1390.0,0.0,0.0,0.0,3.8420365385549218,0.6116498316498358,1677.5865584925232,0.0
Electrochemical,Cell 1,1400.0,0.0,0.25,0.25,3.833368893474809,0.6138888888888865,2752.820194377606,0.009999999923945064
Electrochemical,Cell 2,1400.0,0.0,0.0,0.0,3.824700189714212,0.5899319727891144,1628.2031884507414,0.0
Electrochemical,Cell 3,1400.0,0.0,-0.25,-0.25,3.8196359695424547,0.5633806146572133,503.5726211659471,-0.009999999923945064
Electrochemical,Cell 4,1400.0,0.0,0.0,0.0,3.842569590400087,0.6116498316498358,1628.2004441354838,0.0
Electrochemical,Cell 1,1410.0,0.0,0.25,0.25,3.8337161415015375,0.6137499999999976,2705.1213769196984,0.009999999933451931
Electrochemical,Cell 2,1410.0,0.0,0.0,0.0,3.8252388429614927,0.5899319727891144,1580.4803075014097,0.0
Electrochemical,Cell 3,1410.0,0.0,-0.25,-0.25,3.820404758401958,0.5635283687943292,455.83188087476424,-0.009999999933451931
Electrochemical,Cell 4,1410.0,0.0,0.0,0.0,3.843074736404355,0.6116498316498358,1580.4790983836938,0.0
Electrochemical,Cell 1,1420.0,0.0,0.25,0.25,3.834038656223552,0.6136111111111087,2658.9913451590683,0.00999999994177044
Electrochemical,Cell 2,1420.0,0.0,0.0,0.0,3.825750133381016,0.5899319727891144,1534.3276619348471,0.0
Electrochemical,Cell 3,1420.0,0.0,-0.25,-0.25,3.821142523591477,0.5636761229314451,409.6621541675456,-0.00999999994177044
Electrochemical,Cell 4,1420.0,0.0,0.0,0.0,3.843554235703124,0.6116498316498358,1534.3278433632186,0.0
Electrochemical,Cell 1,1430.0,0.0,0.25,0.25,3.834338482935643,0.6134722222222198,2614.3427102884034,0.009999999949049135
Electrochemical,Cell 2,1430.0,0.0,0.0,0.0,3.826236232945935,0.5899319727891144,1489.6584319444082,0.0
Electrochemical,Cell 3,1430.0,0.0,-0.25,-0.25,3.8218516607841626,0.563823877068561,364.9765948520378,-0.009999999949049135
Electrochemical,Cell 4,1430.0,0.0,0.0,0.0,3.844010157161769,0.6116498316498358,1489.6595075974801,0.0
Electrochemical,Cell 1,1440.0,0.0,0.25,0.25,3.8346172878025775,0.6133333333333308,2571.1040905022637,0.009999999955417994
Electrochemical,Cell 2,1440.0,0.0,0.0,0.0,3.82669889139565,0.5899319727891144,1446.4036544275768,0.0
Electrochemical,Cell 3,1440.0,0.0,-0.25,-0.25,3.822534182322274,0.5639716312056768,321.70299376079834,-0.009999999955417994
Electrochemical,Cell 4,1440.0,0.0,0.0,0.0,3.8444441798391535,0.6116498316498358,1446.4038179927848,0.0
Electrochemical,Cell 1,1450.0,0.0,0.25,0.25,3.8348765125378006,0.6131944444444419,2529.2133419871425,0.009999999960990744
Electrochemical,Cell 2,1450.0,0.0,0.0,0.0,3.8271397867812667,0.5899319727891144,1404.4963347049015,0.0
Electrochemical,Cell 3,1450.0,0.0,-0.25,-0.25,3.823191897148473,0.5641193853427927,279.7765140470692,-0.009999999960990744
Electrochemical,Cell 4,1450.0,0.0,0.0,0.0,3.844857828905754,0.6116498316498358,1404.496545390215,0.0
Electrochemical,Cell 1,1460.0,0.0,0.25,0.25,3.835117573341078,0.613055555555553,2488.608609126999,0.009999999965866901
Electrochemical,Cell 2,1460.0,0.0,0.0,0.0,3.8275603795790873,0.5899319727891144,1363.878173710269,0.0
Electrochemical,Cell 3,1460.0,0.0,-0.25,-0.25,3.8238265331105095,0.5642671394799086,239.13469835557953,-0.009999999965866901
Electrochemical,Cell 4,1460.0,0.0,0.0,0.0,3.8452525265625077,0.6116498316498358,1363.8771563006558,0.0
Electrochemical,Cell 1,1470.0,0.0,0.25,0.25,3.83534161076634,0.6129166666666641,2449.239706778677,0.009999999970133538
Electrochemical,Cell 2,1470.0,0.0,0.0,0.0,3.8279619936269005,0.5899319727891144,1324.4960256510712,0.0
Electrochemical,Cell 3,1470.0,0.0,-0.25,-0.25,3.82443945819471,0.5644148936170245,199.72869429211983,-0.009999999970133538
Electrochemical,Cell 4,1470.0,0.0,0.0,0.0,3.845629477527485,0.6116498316498358,1324.4943363549864,0.0
Electrochemical,Cell 1,1480.0,0.0,0.25,0.25,3.835549876299905,0.6127777777777752,2411.0506401855537,0.009999999973866846
Electrochemical,Cell 2,1480.0,0.0,0.0,0.0,3.828346075088881,0.5899319727891144,1286.2897397129054,0.0
Electrochemical,Cell 3,1480.0,0.0,-0.25,-0.25,3.825032202314751,0.5645626477541403,161.50242358565743,-0.009999999973866846
Electrochemical,Cell 4,1480.0,0.0,0.0,0.0,3.8459900063159047,0.6116498316498358,1286.290007239004,0.0
Electrochemical,Cell 1,1490.0,0.0,0.25,0.25,3.8357433248506467,0.6126388888888863,2373.998121344495,0.00999999997713349
Electrochemical,Cell 2,1490.0,0.0,0.0,0.0,3.8287131908274707,0.5899319727891144,1249.2392434803405,0.0
Electrochemical,Cell 3,1490.0,0.0,-0.25,-0.25,3.8256059463207146,0.5647104018912562,124.41268594897747,-0.00999999997713349
Electrochemical,Cell 4,1490.0,0.0,0.0,0.0,3.8463348901219767,0.6116498316498358,1249.2311201872944,0.0
Electrochemical,Cell 1,1500.0,0.0,0.25,0.25,3.8359222669024478,0.6124999999999974,2338.0674119363393,0.009999999979991804
Electrochemical,Cell 2,1500.0,0.0,0.0,0.0,3.8290643780948437,0.5899319727891144,1213.3013171062048,0.0
Electrochemical,Cell 3,1500.0,0.0,-0.25,-0.25,3.826161844544759,0.5648581560283721,88.41669793265828,-0.009999999979991804
Electrochemical,Cell 4,1500.0,0.0,0.0,0.0,3.8466647546782005,0.6116498316498358,1213.2909265214512,0.0
Electrochemical,Cell 1,1510.0,0.0,0.25,0.25,3.8360880578164167,0.6123611111111085,2303.1956813812167,0.00999999998249283
Electrochemical,Cell 2,1510.0,0.0,0.0,0.0,3.8294010998430736,0.5899319727891144,1178.4115127793739,0.0
Electrochemical,Cell 3,1510.0,0.0,-0.25,-0.25,3.8267009788143396,0.565005910165488,53.47383699753186,-0.00999999998249283
Electrochemical,Cell 4,1510.0,0.0,0.0,0.0,3.846980990911013,0.6116498316498358,1178.4052438006947,0.0
Electrochemical,Cell 1,1520.0,0.0,0.25,0.25,3.83624215729189,0.6122222222222196,2269.3146520583746,0.009999999984681226
Electrochemical,Cell 2,1520.0,0.0,0.0,0.0,3.8297251375536105,0.5899319727891144,1144.4890638499273,0.0
Electrochemical,Cell 3,1520.0,0.0,-0.25,-0.25,3.8272243476942798,0.5651536643026038,19.5455931922711,-0.009999999984681226
Electrochemical,Cell 4,1520.0,0.0,0.0,0.0,3.8472851787338582,0.6116498316498358,1144.49981440981,0.0
Electrochemical,Cell 1,1530.0,0.0,0.25,0.25,3.836384666413088,0.6120833333333306,2236.4172019308844,0.009999999986596073
Electrochemical,Cell 2,1530.0,0.0,0.0,0.0,3.830034385296898,0.5899319727891144,1111.6364405712666,0.0
Electrochemical,Cell 3,1530.0,0.0,-0.25,-0.25,3.8277327855128265,0.5653014184397197,-13.400002317169992,-0.009999999986596073
Electrochemical,Cell 4,1530.0,0.0,0.0,0.0,3.8475764560128507,0.6116498316498358,1111.616530844749,0.0
Electrochemical,Cell 1,1540.0,0.0,0.25,0.25,3.836514879533204,0.6119444444444417,2204.5323758448667,0.009999999988271564
Electrochemical,Cell 2,1540.0,0.0,0.0,0.0,3.830331323351846,0.5899319727891144,1079.7379142102218,0.0
Electrochemical,Cell 3,1540.0,0.0,-0.25,-0.25,3.8282271429363144,0.5654491725768356,-45.39694393689024,-0.009999999988271564
Electrochemical,Cell 4,1540.0,0.0,0.0,0.0,3.8478555364779634,0.6116498316498358,1079.7210729888284,0.0
Electrochemical,Cell 1,1550.0,0.0,0.25,0.25,3.836635092895432,0.6118055555555528,2173.5520271447094,0.009999999989737619
Electrochemical,Cell 2,1550.0,0.0,0.0,0.0,3.8306175086528857,0.5899319727891144,1048.720268567573,0.0
Electrochemical,Cell 3,1550.0,0.0,-0.25,-0.25,3.828708164414957,0.5655969267139515,-76.4753742674875,-0.009999999989737619
Electrochemical,Cell 4,1550.0,0.0,0.0,0.0,3.8481243569766495,0.6116498316498358,1048.7195183948788,0.0
Electrochemical,Cell 1,1560.0,0.0,0.25,0.25,3.836746980198967,0.6116666666666639,2143.395699531243,0.009999999991020418
Electrochemical,Cell 2,1560.0,0.0,0.0,0.0,3.8308944033820183,0.5899319727891144,1018.513741903309,0.0
Electrochemical,Cell 3,1560.0,0.0,-0.25,-0.25,3.8291765135901517,0.5657446808510673,-106.6626980360736,-0.009999999991020418
Electrochemical,Cell 4,1560.0,0.0,0.0,0.0,3.8483847085724445,0.6116498316498358,1018.5239499742202,0.0
Electrochemical,Cell 1,1570.0,0.0,0.25,0.25,3.836849800486384,0.611527777777775,2114.0926239234027,0.009999999992142865
Electrochemical,Cell 2,1570.0,0.0,0.0,0.0,3.8311591784311494,0.5899319727891144,989.25305091669,0.0
Electrochemical,Cell 3,1570.0,0.0,-0.25,-0.25,3.829632823350476,0.5658924349881832,-135.9859458832393,-0.009999999992142865
Electrochemical,Cell 4,1570.0,0.0,0.0,0.0,3.8486342470356636,0.6116498316498358,989.2452533914875,0.0
Electrochemical,Cell 1,1580.0,0.0,0.25,0.25,3.8369427971591965,0.6113888888888861,2085.672342652095,0.009999999993125007
Electrochemical,Cell 2,1580.0,0.0,0.0,0.0,3.8314144808936925,0.5899319727891144,960.8103507820852,0.0
Electrochemical,Cell 3,1580.0,0.0,-0.25,-0.25,3.830077685735453,0.5660401891252991,-164.4708555098698,-0.009999999993125007
Electrochemical,Cell 4,1580.0,0.0,0.0,0.0,3.8488744220621642,0.6116498316498358,960.8107563417325,0.0
Electrochemical,Cell 1,1590.0,0.0,0.25,0.25,3.8370280114090423,0.6112499999999972,2058.0362050885174,0.00999999999398438
Electrochemical,Cell 2,1590.0,0.0,0.0,0.0,3.83166127757032,0.5899319727891144,933.1372031840219,0.0
Electrochemical,Cell 3,1590.0,0.0,-0.25,-0.25,3.830511640234991,0.566187943262415,-192.1417212310639,-0.00999999999398438
Electrochemical,Cell 4,1590.0,0.0,0.0,0.0,3.8491065426857842,0.6116498316498358,933.1538098997553,0.0
Electrochemical,Cell 1,1600.0,0.0,0.25,0.25,3.8371064247198516,0.6111111111111083,2031.1334745388563,0.009999999994736332
Electrochemical,Cell 2,1600.0,0.0,0.0,0.0,3.8319000894183657,0.5899319727891144,906.2060752721882,0.0
Electrochemical,Cell 3,1600.0,0.0,-0.25,-0.25,3.8309351889959444,0.5663356973995308,-219.02173250886017,-0.009999999994736332
Electrochemical,Cell 4,1600.0,0.0,0.0,0.0,3.8493316419786128,0.6116498316498358,906.2203924828063,0.0
Electrochemical,Cell 1,1610.0,0.0,0.25,0.25,3.8371774369183984,0.6109722222222194,2004.9857706720818,0.00999999999539429
Electrochemical,Cell 2,1610.0,0.0,0.0,0.0,3.8321298398446073,0.5899319727891144,880.0664777254678,0.0
Electrochemical,Cell 3,1610.0,0.0,-0.25,-0.25,3.8313488014443338,0.5664834515366467,-245.133181646494,-0.00999999999539429
Electrochemical,Cell 4,1610.0,0.0,0.0,0.0,3.8495481330246077,0.6116498316498358,880.0839092244969,0.0
Electrochemical,Cell 1,1620.0,0.0,0.25,0.25,3.837240931657308,0.6108333333333305,1979.5921798174734,0.009999999995970003
Electrochemical,Cell 2,1620.0,0.0,0.0,0.0,3.8323516458666034,0.5899319727891144,854.6609062844145,0.0
Electrochemical,Cell 3,1620.0,0.0,-0.25,-0.25,3.8317529385106868,0.5666312056737626,-270.4985865961155,-0.009999999995970003
Electrochemical,Cell 4,1620.0,0.0,0.0,0.0,3.8497572242347697,0.6116498316498358,854.6808949169936,0.0
Electrochemical,Cell 1,1630.0,0.0,0.25,0.25,3.8372976333157673,0.6106944444444415,1954.9128361767343,0.009999999996473753
Electrochemical,Cell 2,1630.0,0.0,0.0,0.0,3.8325657445524683,0.5899319727891144,829.9740442881957,0.0
Electrochemical,Cell 3,1630.0,0.0,-0.25,-0.25,3.8321480455662384,0.5667789598108784,-295.14024978139605,-0.009999999996473753
Electrochemical,Cell 4,1630.0,0.0,0.0,0.0,3.8499591627291245,0.6116498316498358,829.9943710736698,0.0
Electrochemical,Cell 1,1640.0,0.0,0.25,0.25,3.8373476966481044,0.6105555555555526,1930.9338032478518,0.009999999996914534
Electrochemical,Cell 2,1640.0,0.0,0.0,0.0,3.8327724169501147,0.5899319727891144,805.9884878159901,0.0
Electrochemical,Cell 3,1640.0,0.0,-0.25,-0.25,3.8325345636112305,0.5669267139479943,-319.0807327088987,-0.009999999996914534
Electrochemical,Cell 4,1640.0,0.0,0.0,0.0,3.8501541326130253,0.6116498316498358,806.0101466567176,0.0
Electrochemical,Cell 1,1650.0,0.0,0.25,0.25,3.8373914387343713,0.6104166666666637,1907.6340347981122,0.009999999997300217
Electrochemical,Cell 2,1650.0,0.0,0.0,0.0,3.832971991064669,0.5899319727891144,782.6846454330771,0.0
Electrochemical,Cell 3,1650.0,0.0,-0.25,-0.25,3.832912695361119,0.5670744680851102,-342.3323270217761,-0.009999999997300217
Electrochemical,Cell 4,1650.0,0.0,0.0,0.0,3.8503425313598614,0.6116498316498358,782.7043127636753,0.0
Electrochemical,Cell 1,1660.0,0.0,0.25,0.25,3.8374290052794113,0.6102777777777748,1884.9999102080149,0.00999999999763769
Electrochemical,Cell 2,1660.0,0.0,0.0,0.0,3.8331645548883606,0.5899319727891144,760.053484060034,0.0
Electrochemical,Cell 3,1660.0,0.0,-0.25,-0.25,3.833282882861622,0.5672222222222261,-364.9183915575343,-0.00999999999763769
Electrochemical,Cell 4,1660.0,0.0,0.0,0.0,3.850524408733521,0.6116498316498358,760.0686078646213,0.0
Electrochemical,Cell 1,1670.0,0.0,0.25,0.25,3.8374604564959487,0.6101388888888859,1863.0215386983682,0.009999999997932978
Electrochemical,Cell 2,1670.0,0.0,0.0,0.0,3.833350237747817,0.5899319727891144,738.0841377722536,0.0
Electrochemical,Cell 3,1670.0,0.0,-0.25,-0.25,3.8336455069682414,0.5673699763593419,-386.85986332991433,-0.009999999997932978
Electrochemical,Cell 4,1670.0,0.0,0.0,0.0,3.8506998819886835,0.6116498316498358,738.0917255120949,0.0
Electrochemical,Cell 1,1680.0,0.0,0.25,0.25,3.8374858597568693,0.609999999999997,1841.6887643477842,0.009999999998191357
Electrochemical,Cell 2,1680.0,0.0,0.0,0.0,3.8335294290605946,0.5899319727891144,716.7527781564677,0.0
Electrochemical,Cell 3,1680.0,0.0,-0.25,-0.25,3.8340009438010143,0.5675177304964578,-408.1777398036377,-0.009999999998191357
Electrochemical,Cell 4,1680.0,0.0,0.0,0.0,3.850869127182146,0.6116498316498358,716.7593427641623,0.0
Electrochemical,Cell 1,1690.0,0.0,0.25,0.25,3.8375057403715727,0.6098611111111081,1820.97017774838,0.009999999998417438
Electrochemical,Cell 2,1690.0,0.0,0.0,0.0,3.833702520215081,0.5899319727891144,696.0353509578381,0.0
Electrochemical,Cell 3,1690.0,0.0,-0.25,-0.25,3.834349471591192,0.5676654846335737,-428.8889029035647,-0.009999999998417438
Electrochemical,Cell 4,1690.0,0.0,0.0,0.0,3.851032702414245,0.6116498316498358,696.0381648404218,0.0
Electrochemical,Cell 1,1700.0,0.0,0.25,0.25,3.8375202726575903,0.6097222222222192,1800.8506560312273,0.009999999998615259
Electrochemical,Cell 2,1700.0,0.0,0.0,0.0,3.8338697146003082,0.5899319727891144,675.9170075810325,0.0
Electrochemical,Cell 3,1700.0,0.0,-0.25,-0.25,3.834691172312864,0.5678132387706896,-449.0016869256399,-0.009999999998615259
Electrochemical,Cell 4,1700.0,0.0,0.0,0.0,3.8511907067157027,0.6116498316498358,675.9175643859453,0.0
Electrochemical,Cell 1,1710.0,0.0,0.25,0.25,3.837529687854473,0.6095833333333303,1781.3124908290238,0.009999999998788351
Electrochemical,Cell 2,1710.0,0.0,0.0,0.0,3.834031366815818,0.5899319727891144,656.3754305474868,0.0
Electrochemical,Cell 3,1710.0,0.0,-0.25,-0.25,3.83502647114801,0.5679609929078054,-468.5398262297067,-0.009999999998788351
Electrochemical,Cell 4,1710.0,0.0,0.0,0.0,3.8513434515286455,0.6116498316498358,656.3764253245718,0.0
Electrochemical,Cell 1,1720.0,0.0,0.25,0.25,3.8375343173693452,0.6094444444444413,1762.3334176990395,0.009999999998939807
Electrochemical,Cell 2,1720.0,0.0,0.0,0.0,3.834187545900211,0.5899319727891144,637.4011668953681,0.0
Electrochemical,Cell 3,1720.0,0.0,-0.25,-0.25,3.835355656067967,0.5681087470449213,-487.52106873879916,-0.009999999998939807
Electrochemical,Cell 4,1720.0,0.0,0.0,0.0,3.8514911722952014,0.6116498316498358,637.3970173776397,0.0
Electrochemical,Cell 1,1730.0,0.0,0.25,0.25,3.8375340861355554,0.6093055555555524,1743.9089557144503,0.00999999999907233
Electrochemical,Cell 2,1730.0,0.0,0.0,0.0,3.8343385346586927,0.5899319727891144,618.9748653593815,0.0
Electrochemical,Cell 3,1730.0,0.0,-0.25,-0.25,3.835679016825428,0.5682565011820372,-505.96331204656553,-0.00999999999907233
Electrochemical,Cell 4,1730.0,0.0,0.0,0.0,3.8516339044048484,0.6116498316498358,618.9707361734363,0.0
Electrochemical,Cell 1,1740.0,0.0,0.0,0.0,3.8375293792624583,0.6091666666666635,1726.0144471677675,0.00999999999918829
Electrochemical,Cell 2,1740.0,0.0,0.0,0.0,3.8344846948135034,0.5899319727891144,601.073421943147,0.0
Electrochemical,Cell 3,1740.0,0.0,-0.25,-0.25,3.835996650851394,0.5684042553191531,-523.8763809020609,-0.00999999999918829
Electrochemical,Cell 4,1740.0,0.0,0.25,0.25,3.8517720547313354,0.6116498316498358,601.0717652340827,0.0
Electrochemical,Cell 1,1750.0,0.0,0.0,0.0,3.8389093842927875,0.6091666666666635,1646.129016849917,0.008749999999289753
Electrochemical,Cell 2,1750.0,0.0,0.0,0.0,3.8346263524462123,0.5899319727891144,583.6752224223274,0.0
Electrochemical,Cell 3,1750.0,0.0,-0.25,-0.25,3.8363087713235107,0.5685520094562689,-541.2749812303434,-0.009999999999289754
Electrochemical,Cell 4,1750.0,0.0,0.25,0.25,3.8505156289270377,0.6115095398428773,646.1792482919773,0.00125
Electrochemical,Cell 1,1760.0,0.0,0.0,0.0,3.840129258340774,0.6091666666666635,1570.2041465725201,0.0076562499993785334
Electrochemical,Cell 2,1760.0,0.0,0.0,0.0,3.8347633902692673,0.5899319727891144,566.779761228634,0.0
Electrochemical,Cell 3,1760.0,0.0,-0.25,-0.25,3.8366156313132835,0.5686997635933848,-558.1754811493965,-0.009999999999378536
Electrochemical,Cell 4,1760.0,0.0,0.25,0.25,3.849411296746611,0.6113692480359187,688.3081943462862,0.0023437500000000003
Electrochemical,Cell 1,1770.0,0.0,0.0,0.0,3.841208325938072,0.6091666666666635,1498.0488292914583,0.0066992187494562165
Electrochemical,Cell 2,1770.0,0.0,0.0,0.0,3.8348960967996755,0.5899319727891144,550.3671260301599,0.0
Electrochemical,Cell 3,1770.0,0.0,-0.25,-0.25,3.836917430280849,0.5688475177305007,-574.5919324037163,-0.009999999999456218
Electrochemical,Cell 4,1770.0,0.0,0.25,0.25,3.848439512621299,0.6112289562289602,727.6455493667754,0.0033007812500000003
Electrochemical,Cell 1,1780.0,0.0,0.0,0.0,3.8421640055844946,0.6091666666666635,1429.4587920433305,0.005861816405774189
Electrochemical,Cell 2,1780.0,0.0,0.0,0.0,3.835024631465923,0.5899319727891144,534.4235436188756,0.0
Electrochemical,Cell 3,1780.0,0.0,-0.25,-0.25,3.8372143580749323,0.5689952718676166,-590.537925240943,-0.009999999999524192
Electrochemical,Cell 4,1780.0,0.0,0.25,0.25,3.847583449068339,0.6110886644220017,764.3543118858892,0.004138183593750001
Electrochemical,Cell 1,1790.0,0.0,0.0,0.0,3.843011366657308,0.6091666666666635,1364.2495271372131,0.005129089355052415
Electrochemical,Cell 2,1790.0,0.0,0.0,0.0,3.8351491026061666,0.5899319727891144,518.9376841304729,0.0
Electrochemical,Cell 3,1790.0,0.0,-0.25,-0.25,3.837506565044439,0.5691430260047324,-606.0257504090252,-0.009999999999583668
Electrochemical,Cell 4,1790.0,0.0,0.25,0.25,3.8468282635982813,0.6109483726150432,798.594630139396,0.00487091064453125
Electrochemical,Cell 1,1800.0,0.0,0.0,0.0,3.843763577636879,0.6091666666666635,1302.247606089461,0.0044879531856708635
Electrochemical,Cell 2,1800.0,0.0,0.0,0.0,3.8352696299886397,0.5899319727891144,503.8978604204167,0.0
Electrochemical,Cell 3,1800.0,0.0,-0.25,-0.25,3.8377941971342615,0.5692907801418483,-621.0673501698348,-0.00999999999963571
Electrochemical,Cell 4,1800.0,0.0,0.25,0.25,3.8461609605986946,0.6108080808080847,830.5182438616716,0.005512046813964844
Electrochemical,Cell 1,1800.0000000000002,1.25,0.0,1.25,3.8132632766724104,0.6091666666666635,1302.24760608946,-0.02601234777879743
Electrochemical,Cell 2,1800.0000000000002,1.25,0.0,1.25,3.805035214265371,0.5899319727891144,503.8978604204167,-0.030234415723268883
Electrochemical,Cell 3,1800.0000000000002,1.25,-0.25,1.0,3.807688074036811,0.5692907801418483,-621.0673501698348,-0.04010612309708608
Electrochemical,Cell 4,1800.0000000000002,1.25,0.25,1.5,3.815811378730298,0.6108080808080847,830.5182438616728,-0.02483753505443157
Electrochemical,Cell 1,1810.0,1.25,0.0,1.25,3.8092467915408457,0.6084722222222191,1428.9937297600536,-0.02655036041038614
Electrochemical,Cell 2,1810.0,1.25,0.0,1.25,3.8009648638602913,0.589223356009069,674.9981880066298,-0.03022151692621455
Electrochemical,Cell 3,1810.0,1.25,-0.25,1.0,3.803287684499743,0.5686997635933849,-449.96729729954245,-0.04010274493389014
Electrochemical,Cell 4,1810.0,1.25,0.25,1.5,3.810966284153559,0.6099663299663338,1045.97222862881,-0.024258697862320596
Electrochemical,Cell 1,1820.0,1.25,0.0,1.25,3.8070144865860143,0.6077777777777746,1487.7134739045564,-0.027029920489092807
Electrochemical,Cell 2,1820.0,1.25,0.0,1.25,3.79840480204253,0.5885147392290238,775.6077073433407,-0.030215357982393255
Electrochemical,Cell 3,1820.0,1.25,-0.25,1.0,3.800544320784407,0.5681087470449215,-349.35864030962216,-0.04010146656223983
Electrochemical,Cell 4,1820.0,1.25,0.25,1.5,3.8077904646757426,0.609124579124583,1188.4714989006575,-0.023759140889510807
Electrochemical,Cell 1,1830.0,1.25,0.0,1.25,3.805356238807607,0.6070833333333302,1520.372551236783,-0.027450415357981737
Electrochemical,Cell 2,1830.0,1.25,0.0,1.25,3.796436498786605,0.5878061224489785,847.8288267689932,-0.030210487051240343
Electrochemical,Cell 3,1830.0,1.25,-0.25,1.0,3.7984714207788124,0.5675177304964582,-277.1410217820303,-0.04010052703581542
Electrochemical,Cell 4,1830.0,1.25,0.25,1.5,3.805269102903499,0.6082828282828321,1300.255662700735,-0.023322723730063583
Electrochemical,Cell 1,1840.0,1.25,0.0,1.25,3.803975553404749,0.6063888888888858,1540.3591807420744,-0.027818370424391642
Electrochemical,Cell 2,1840.0,1.25,0.0,1.25,3.7947782144147686,0.5870975056689332,905.1749453202901,-0.030206264969380336
Electrochemical,Cell 3,1840.0,1.25,-0.25,1.0,3.796750923261963,0.5669267139479948,-219.80104623788793,-0.040099764090718124
Electrochemical,Cell 4,1840.0,1.25,0.25,1.5,3.803111469360229,0.6074410774410812,1394.9690140363164,-0.022940889654107795
Electrochemical,Cell 1,1850.0,1.25,0.0,1.25,3.8027585588039954,0.6056944444444413,1553.0019551086284,-0.028140081243423813
Electrochemical,Cell 2,1850.0,1.25,0.0,1.25,3.793316462086293,0.5863888888888878,953.1016045160177,-0.030202460479245057
Electrochemical,Cell 3,1850.0,1.25,-0.25,1.0,3.79525413356012,0.5663356973995314,-171.87782006167663,-0.04009912108563386
Electrochemical,Cell 4,1850.0,1.25,0.25,1.5,3.8011975405582676,0.6065993265993304,1478.1867149963966,-0.02260660582621677
Electrochemical,Cell 1,1860.0,1.25,0.0,1.25,3.801640875054005,0.6049999999999969,1561.3492161991862,-0.028421172026947786
Electrochemical,Cell 2,1860.0,1.25,0.0,1.25,3.7919846522475176,0.5856802721088425,994.7840780531333,-0.030198936238736467
Electrochemical,Cell 3,1860.0,1.25,-0.25,1.0,3.793905441929601,0.565744680851068,-130.1888996725006,-0.04009856638205592
Electrochemical,Cell 4,1860.0,1.25,0.25,1.5,3.799455220522406,0.6057575757575795,1553.1940395683202,-0.022313808221165105
Electrochemical,Cell 1,1870.0,1.25,0.0,1.25,3.800589662103214,0.6043055555555524,1567.0174322866337,-0.02866665481378164
Electrochemical,Cell 2,1870.0,1.25,0.0,1.25,3.7907470417309206,0.5849716553287972,1031.9314283368512,-0.030195623673207654
Electrochemical,Cell 3,1870.0,1.25,-0.25,1.0,3.7926646991484776,0.5651536643026046,-93.04076675202987,-0.040098084329742247
Electrochemical,Cell 4,1870.0,1.25,0.25,1.5,3.797843648266484,0.6049158249158286,1621.8170663186675,-0.022057262020344515
Electrochemical,Cell 1,1880.0,1.25,0.0,1.25,3.799587841153335,0.603611111111108,1570.8777670086145,-0.028880952162087116
Electrochemical,Cell 2,1880.0,1.25,0.0,1.25,3.7895834091384777,0.584263038548752,1065.5147018641583,-0.03019248186109421
Electrochemical,Cell 3,1880.0,1.25,-0.25,1.0,3.791509024769581,0.5645626477541412,-59.463667483636755,-0.04009766469152729
Electrochemical,Cell 4,1880.0,1.25,0.25,1.5,3.7963380803012807,0.6040740740740778,1685.1310103708042,-0.02183241447922779
Electrochemical,Cell 1,1890.0,1.25,0.0,1.25,3.798623831148537,0.6029166666666635,1573.5259492444088,-0.0290679422969705
Electrochemical,Cell 2,1890.0,1.25,0.0,1.25,3.788479038213769,0.5835544217687066,1096.2362819965747,-0.030189479418306662
Electrochemical,Cell 3,1890.0,1.25,-0.25,1.0,3.7904215081311423,0.5639716312056778,-28.74501714319831,-0.040097299857968005
Electrochemical,Cell 4,1890.0,1.25,0.25,1.5,3.7949199533978946,0.6032323232323269,1743.9305586019466,-0.02163528825520695
Electrochemical,Cell 1,1900.0,1.25,0.0,1.25,3.797688775806363,0.6022222222222191,1575.4197849239204,-0.02923102401882071
Electrochemical,Cell 2,1900.0,1.25,0.0,1.25,3.787422285393833,0.5828458049886613,1124.6474733741525,-0.030186592574164263
Electrochemical,Cell 3,1900.0,1.25,-0.25,1.0,3.789388967948412,0.5633806146572145,-0.3332317527338091,-0.04009698458808454
Electrochemical,Cell 4,1900.0,1.25,0.25,1.5,3.793574227888503,0.602390572390576,1798.8580635624671,-0.021462407754590834
Electrochemical,Cell 1,1910.0,1.25,0.0,1.25,3.7967767432530874,0.6015277777777747,1576.8719285169723,-0.029373178449883023
Electrochemical,Cell 2,1910.0,1.25,0.0,1.25,3.78640477042435,0.582137188208616,1151.1442054443178,-0.030183804579003107
Electrochemical,Cell 3,1910.0,1.25,-0.25,1.0,3.7884020298141237,0.5627895981087511,26.163549246254206,-0.04009671520387797
Electrochemical,Cell 4,1910.0,1.25,0.25,1.5,3.7922894926999344,0.6015488215488252,1850.3978542414634,-0.021310737450445788
Electrochemical,Cell 1,1920.0,1.25,0.0,1.25,3.795883983419204,0.6008333333333302,1578.083367402343,-0.029497018949862598
Electrochemical,Cell 2,1920.0,1.25,0.0,1.25,3.7854205058417802,0.5814285714285707,1176.0089948797395,-0.030181103300627822
Electrochemical,Cell 3,1920.0,1.25,-0.25,1.0,3.7874539008662045,0.5621985815602877,51.02892691218199,-0.040096488966299755
Electrochemical,Cell 4,1920.0,1.25,0.25,1.5,3.79105711556814,0.6007070707070743,1898.914325024346,-0.021177624917450497
Electrochemical,Cell 1,1930.0,1.25,0.0,1.25,3.7950078893138874,0.6001388888888858,1579.1918275660873,-0.02960483410240321
Electrochemical,Cell 2,1930.0,1.25,0.0,1.25,3.7844649599559066,0.5807199546485254,1199.4547887828194,-0.030178479235616243
Electrochemical,Cell 3,1930.0,1.25,-0.25,1.0,3.786539524084688,0.5616075650118243,74.47357839716642,-0.04009630373876422
Electrochemical,Cell 4,1930.0,1.25,0.25,1.5,3.789870211478072,0.5998653198653234,1944.6987704621997,-0.021060750785369342
Electrochemical,Cell 1,1940.0,1.25,0.0,1.25,3.794146417524916,0.5994444444444413,1580.3009986955572,-0.029698627475589098
Electrochemical,Cell 2,1940.0,1.25,0.0,1.25,3.7835343337978475,0.5800113378684801,1221.6584678612817,-0.030175924623053733
Electrochemical,Cell 3,1940.0,1.25,-0.25,1.0,3.785654602525196,0.5610165484633609,96.67492010464503,-0.040096157894975365
Electrochemical,Cell 4,1940.0,1.25,0.25,1.5,3.7887229562284666,0.5990235690235726,1988.0006727145305,-0.020958086400176275
Electrochemical,Cell 1,1950.0,1.25,0.0,1.25,3.793298026526041,0.5987499999999969,1581.4847262920534,-0.029780153342969896
Electrochemical,Cell 2,1950.0,1.25,0.0,1.25,3.782625462139057,0.5793027210884348,1242.7660673050596,-0.03017343328623263
Electrochemical,Cell 3,1950.0,1.25,-0.25,1.0,3.784795541853111,0.5604255319148975,117.78011256460763,-0.04009605023931181
Electrochemical,Cell 4,1950.0,1.25,0.25,1.5,3.7876104207141426,0.5981818181818217,2029.0344212652108,-0.020867857499152855
Electrochemical,Cell 1,1960.0,1.25,0.0,1.25,3.7924614629705484,0.5980555555555525,1582.797747122066,-0.02985094729573895
Electrochemical,Cell 2,1960.0,1.25,0.0,1.25,3.7817357325186114,0.5785941043083895,1262.8969356325106,-0.030171000285942322
Electrochemical,Cell 3,1960.0,1.25,-0.25,1.0,3.783959351149527,0.5598345153664341,137.91053412638757,-0.04009597988488436
Electrochemical,Cell 4,1960.0,1.25,0.25,1.5,3.7865284549788085,0.5973400673400708,2067.9835976862532,-0.020788512239821727
Electrochemical,Cell 1,1970.0,1.25,0.0,1.25,3.7916356419221713,0.597361111111108,1584.2822824908133,-0.02991235337778761
Electrochemical,Cell 2,1970.0,1.25,0.0,1.25,3.780862844662444,0.5778854875283442,1282.1548456453602,-0.03016862153237596
Electrochemical,Cell 3,1970.0,1.25,-0.25,1.0,3.783143468307878,0.5592434988179708,157.16912326377587,-0.040095946185533
Electrochemical,Cell 4,1970.0,1.25,0.25,1.5,3.785473392913764,0.59649831649832,2105.013879539929,-0.02071869301140534
Electrochemical,Cell 1,1980.0,1.25,0.0,1.25,3.7908197083025574,0.5966666666666636,1585.9657015747066,-0.029965548066065762
Electrochemical,Cell 2,1980.0,1.25,0.0,1.25,3.7800049193390963,0.5771768707482989,1300.6235648845977,-0.03016629378779753
Electrochemical,Cell 3,1980.0,1.25,-0.25,1.0,3.7823458517463413,0.5586524822695074,175.63704029148812,-0.0400959486613209
Electrochemical,Cell 4,1980.0,1.25,0.25,1.5,3.7844421423276753,0.5956565656565691,2140.268033607804,-0.020657212322302235
Electrochemical,Cell 1,1990.0,1.25,0.0,1.25,3.7900131339004046,0.5959722222222191,1587.8569524924837,-0.030011561794747003
Electrochemical,Cell 2,1990.0,1.25,0.0,1.25,3.7791604523757685,0.5764682539682536,1318.369222118643,-0.030164014590201387
Electrochemical,Cell 3,1990.0,1.25,-0.25,1.0,3.7815647126147613,0.558061465721044,193.38458290982953,-0.04009598697329253
Electrochemical,Cell 4,1990.0,1.25,0.25,1.5,3.7834321775354285,0.5948148148148182,2173.8656819250073,-0.02060303178205147
Electrochemical,Cell 1,2000.0,1.25,0.0,1.25,3.7892152116028184,0.5952777777777747,1589.9703868073411,-0.03005129545616143
Electrochemical,Cell 2,2000.0,1.25,0.0,1.25,3.7783280085266524,0.5757596371882083,1335.4540610645527,-0.03016178168744396
Electrochemical,Cell 3,2000.0,1.25,-0.25,1.0,3.7807986107275724,0.5574704491725806,210.46755705145688,-0.040096060866821916
Electrochemical,Cell 4,2000.0,1.25,0.25,1.5,3.7824410995067623,0.5939730639730674,2205.9231019653257,-0.020555242419332886
Electrochemical,Cell 1,2010.0,1.25,0.0,1.25,3.7884258083381543,0.5945833333333302,1592.2916048715992,-0.0300855391759494
Electrochemical,Cell 2,2010.0,1.25,0.0,1.25,3.7775066924468956,0.575051020408163,1351.9159503878655,-0.030159593758374282
Electrochemical,Cell 3,2010.0,1.25,-0.25,1.0,3.7800463843275134,0.5568794326241172,226.93025782424775,-0.04009617014810404
Electrochemical,Cell 4,2010.0,1.25,0.25,1.5,3.781467234527208,0.5931313131313165,2236.5250953048658,-0.020513050088186265
Electrochemical,Cell 1,2020.0,1.25,0.25,1.5,3.7876442405652178,0.5938888888888858,1594.830159679398,-0.030114982639120765
Electrochemical,Cell 2,2020.0,1.25,0.0,1.25,3.7766952510470624,0.5743424036281177,1367.807990230729,-0.030157449095168737
Electrochemical,Cell 3,2020.0,1.25,-0.25,1.0,3.779306784355963,0.5562884160756538,242.82007983848143,-0.040096314741445274
Electrochemical,Cell 4,2020.0,1.25,0.0,1.25,3.780508596882062,0.5922895622895656,2265.7726196507538,-0.020475758826993602
Electrochemical,Cell 1,2030.0,1.25,0.25,1.5,3.7854815651602793,0.5930555555555524,1660.06490536208,-0.028890231197877893
Electrochemical,Cell 2,2030.0,1.25,0.0,1.25,3.775893080498227,0.5736337868480724,1383.154424611861,-0.030155346936604016
Electrochemical,Cell 3,2030.0,1.25,-0.25,1.0,3.7785790238323225,0.5556973995271904,258.16586897627576,-0.04009649453519777
Electrochemical,Cell 4,2030.0,1.25,0.0,1.25,3.7809542620217886,0.5915881032547733,2231.2323151164906,-0.02169276096065796
Electrochemical,Cell 1,2040.0,1.25,0.25,1.5,3.7834823687154735,0.5922222222222191,1722.025074289024,-0.027818063140854395
Electrochemical,Cell 2,2040.0,1.25,0.0,1.25,3.775099153001466,0.5729251700680271,1397.9979439016643,-0.030153286074599033
Electrochemical,Cell 3,2040.0,1.25,-0.25,1.0,3.7778620306975186,0.555106382978727,273.00772010889204,-0.040096709566289086
Electrochemical,Cell 4,2040.0,1.25,0.0,1.25,3.7812561142563865,0.5908866442199809,2198.960805877026,-0.02275727378707667
Electrochemical,Cell 1,2050.0,1.25,0.25,1.5,3.781626937097612,0.5913888888888857,1780.886971807469,-0.02687941053461288
Electrochemical,Cell 2,2050.0,1.25,0.0,1.25,3.774312918270268,0.5722165532879818,1412.360044376761,-0.030151265951418055
Electrochemical,Cell 3,2050.0,1.25,-0.25,1.0,3.777155154050388,0.5545153664302637,287.3688899209317,-0.040096959804544245
Electrochemical,Cell 4,2050.0,1.25,0.0,1.25,3.781432648275801,0.5901851851851886,2168.8253712530463,-0.02368836327715626
Electrochemical,Cell 1,2060.0,1.25,0.25,1.5,3.7798978194300488,0.5905555555555524,1836.8244559446207,-0.026057588438220692
Electrochemical,Cell 2,2060.0,1.25,0.0,1.25,3.773533618565036,0.5715079365079365,1426.2715152664932,-0.03014928579464481
Electrochemical,Cell 3,2060.0,1.25,-0.25,1.0,3.7764575772482023,0.5539243498818003,301.27948637527584,-0.04009724532182564
Electrochemical,Cell 4,2060.0,1.25,0.0,1.25,3.7814997839611997,0.5894837261503962,2140.7110788831014,-0.02450271166968351
Electrochemical,Cell 1,2070.0,1.25,0.25,1.5,3.7782797770224494,0.589722222222219,1889.99755284918,-0.025337997763827228
Electrochemical,Cell 2,2070.0,1.25,0.0,1.25,3.7727607324989196,0.5707993197278912,1439.7525904982722,-0.030147345171543796
Electrochemical,Cell 3,2070.0,1.25,-0.25,1.0,3.7757687217848854,0.5533333333333369,314.76006384761195,-0.04009756615100016
Electrochemical,Cell 4,2070.0,1.25,0.0,1.25,3.7814715648574246,0.5887822671156039,2114.501341145853,-0.025214916273492698
Electrochemical,Cell 1,2080.0,1.25,0.25,1.5,3.7767594552621966,0.5888888888888857,1940.5562531980036,-0.024707864335195357
Electrochemical,Cell 2,2080.0,1.25,0.0,1.25,3.771993707719875,0.5700907029478459,1452.8252626489339,-0.0301454436067265
Electrochemical,Cell 3,2080.0,1.25,-0.25,1.0,3.7750879904229566,0.5527423167848735,327.8323910633601,-0.040097922366189975
Electrochemical,Cell 4,2080.0,1.25,0.0,1.25,3.781360206625544,0.5880808080808115,2090.087766005667,-0.025837749622569368
Electrochemical,Cell 1,2090.0,1.25,0.25,1.5,3.7753251435175366,0.5880555555555523,1988.6414681497574,-0.024156010767920913
Electrochemical,Cell 2,2090.0,1.25,0.0,1.25,3.771232104939665,0.5693820861678006,1465.506547862904,-0.030143580795586176
Electrochemical,Cell 3,2090.0,1.25,-0.25,1.0,3.7744149090460755,0.5521513002364101,340.5133440970021,-0.04009831402249283
Electrochemical,Cell 4,2090.0,1.25,0.0,1.25,3.781176408388857,0.5873793490460192,2067.3656388039035,-0.026382387782845712
Electrochemical,Cell 1,2100.0,1.25,0.25,1.5,3.7739665690594455,0.587222222222219,2034.3856998164913,-0.023672656873308197
Electrochemical,Cell 2,2100.0,1.25,0.0,1.25,3.77047549608279,0.5686734693877553,1477.813314235671,-0.03014175644321885
Electrochemical,Cell 3,2100.0,1.25,-0.25,1.0,3.773749008925187,0.5515602836879467,352.82003708967136,-0.040098741198160946
Electrochemical,Cell 4,2100.0,1.25,0.0,1.25,3.780929510886744,0.5866778900112268,2046.2355796631887,-0.026858609821519438
Electrochemical,Cell 1,2110.0,1.25,0.25,1.5,3.7726747162604255,0.5863888888888856,2077.913779379583,-0.023249244982066528
Electrochemical,Cell 2,2110.0,1.25,0.0,1.25,3.769723528399741,0.56796485260771,1489.759362729852,-0.03013997034548566
Electrochemical,Cell 3,2110.0,1.25,-0.25,1.0,3.773089925285845,0.5509692671394834,364.7656193372395,-0.040099203945423385
Electrochemical,Cell 4,2110.0,1.25,0.0,1.25,3.780627681744141,0.5859764309764345,2026.6026979923095,-0.0272749724554945
Electrochemical,Cell 1,2120.0,1.25,0.25,1.5,3.7714417468592685,0.5855555555555523,2119.33968275665,-0.02287828736682396
Electrochemical,Cell 2,2120.0,1.25,0.0,1.25,3.7689758183090722,0.5672562358276647,1501.3599912134523,-0.030138222279560412
Electrochemical,Cell 3,2120.0,1.25,-0.25,1.0,3.7724371999394,0.55037825059102,376.36722414284714,-0.04009970238195363
Electrochemical,Cell 4,2120.0,1.25,0.0,1.25,3.780278025664072,0.5852749719416421,2008.3780879233636,-0.02763896278753466
Electrochemical,Cell 1,2130.0,1.25,0.25,1.5,3.7702607385958364,0.5847222222222189,2158.772952346767,-0.022553232149682995
Electrochemical,Cell 2,2130.0,1.25,0.0,1.25,3.7682320587502582,0.5665476190476194,1512.6274937216658,-0.030136512099827383
Electrochemical,Cell 3,2130.0,1.25,-0.25,1.0,3.7717905729134475,0.5497872340425566,387.63446549325477,-0.040100236544694454
Electrochemical,Cell 4,2130.0,1.25,0.0,1.25,3.7798867359307495,0.5845735129068498,1991.4777685455529,-0.027957132030644274
Electrochemical,Cell 1,2140.0,1.25,0.25,1.5,3.7691255208873655,0.5838888888888856,2196.3212111591747,-0.022268346190838978
Electrochemical,Cell 2,2140.0,1.25,0.0,1.25,3.767492038917947,0.5658390022675741,1523.570369415589,-0.030134839745523074
Electrochemical,Cell 3,2140.0,1.25,-0.25,1.0,3.7711498174470304,0.5491962174940932,398.57594711008187,-0.040100806460954784
Electrochemical,Cell 4,2140.0,1.25,0.0,1.25,3.7794593056047874,0.5838720538720574,1975.818170861873,-0.02823521265665057
Electrochemical,Cell 1,2150.0,1.25,0.25,1.5,3.768030861836642,0.5830555555555522,2232.076917392793,-0.022018613513720975
Electrochemical,Cell 2,2150.0,1.25,0.0,1.25,3.76675551487664,0.5651303854875288,1534.1987331007585,-0.030133205124285925
Electrochemical,Cell 3,2150.0,1.25,-0.25,1.0,3.770514567024542,0.5486052009456298,409.2059399856994,-0.040101412247040134
Electrochemical,Cell 4,2150.0,1.25,0.0,1.25,3.7790005156936886,0.5831705948372651,1961.3209426313092,-0.028478220559661576
Electrochemical,Cell 1,2160.0,1.25,0.25,1.5,3.7669721121590896,0.5822222222222189,2266.1301154933176,-0.021799644990840437
Electrochemical,Cell 2,2160.0,1.25,0.0,1.25,3.7660221089591905,0.5644217687074835,1544.5284138803981,-0.03013160804018151
Electrochemical,Cell 3,2160.0,1.25,-0.25,1.0,3.7698845558074616,0.5480141843971664,419.53509020103525,-0.0401020539788719
Electrochemical,Cell 4,2160.0,1.25,0.0,1.25,3.778514319391543,0.5824691358024727,1947.921576213663,-0.028690544304040215
Electrochemical,Cell 1,2170.0,1.25,0.25,1.5,3.7659449958058655,0.5813888888888855,2298.5746036233586,-0.021607599647830177
Electrochemical,Cell 2,2170.0,1.25,0.0,1.25,3.765291746700873,0.5637131519274382,1554.563024404124,-0.03013004853733063
Electrochemical,Cell 3,2170.0,1.25,-0.25,1.0,3.7692596782876873,0.547423167848703,429.5681144235907,-0.04010273164354691
Electrochemical,Cell 4,2170.0,1.25,0.0,1.25,3.7780044544903815,0.5817676767676804,1935.545875378395,-0.028876024358865136
Electrochemical,Cell 1,2180.0,1.25,0.25,1.5,3.764945988458857,0.5805555555555522,2329.4877947549276,-0.021439117240687
Electrochemical,Cell 2,2180.0,1.25,0.0,1.25,3.7645643052262474,0.5630045351473929,1564.3084589109021,-0.030128526608194713
Electrochemical,Cell 3,2180.0,1.25,-0.25,1.0,3.7686397454015608,0.5468321513002397,439.31317260798255,-0.040103445281780635
Electrochemical,Cell 4,2180.0,1.25,0.0,1.25,3.777474122654962,0.581066217732888,1924.1267195642754,-0.02903802103474052
Electrochemical,Cell 1,2190.0,1.25,0.25,1.5,3.7639719344382954,0.5797222222222188,2358.945716285649,-0.02129125740395145
Electrochemical,Cell 2,2190.0,1.25,0.0,1.25,3.7638394254214624,0.5622959183673476,1573.7802158822014,-0.030127042074533518
Electrochemical,Cell 3,2190.0,1.25,-0.25,1.0,3.768024397989691,0.5462411347517763,448.7850925084424,-0.04010419505726528
Electrochemical,Cell 4,2190.0,1.25,0.0,1.25,3.776925958312077,0.5803647586980957,1913.607508193072,-0.029179474368125343
Electrochemical,Cell 1,2200.0,1.25,0.25,1.5,3.7630199183721325,0.5788888888888855,2387.026227080423,-0.021161446998438048
Electrochemical,Cell 2,2200.0,1.25,0.0,1.25,3.7631170126350915,0.5615873015873023,1582.9834948191274,-0.030125594946060767
Electrochemical,Cell 3,2200.0,1.25,-0.25,1.0,3.76741358535673,0.5456501182033129,457.9873005375082,-0.04010498094189591
Electrochemical,Cell 4,2200.0,1.25,0.0,1.25,3.7763623211906503,0.5796632996633033,1903.9318044897304,-0.029302956994205327
Electrochemical,Cell 1,2210.0,1.25,0.25,1.5,3.7620875069568545,0.5780555555555521,2413.7969704448565,-0.021047434832225986
Electrochemical,Cell 2,2210.0,1.25,0.0,1.25,3.762396963077964,0.560878684807257,1591.9241129834336,-0.03012418521543544
Electrochemical,Cell 3,2210.0,1.25,-0.25,1.0,3.7668071841675848,0.5450591016548495,466.9262133760037,-0.04010580295717273
Electrochemical,Cell 4,2210.0,1.25,0.0,1.25,3.775785356595276,0.578961840628511,1895.0425708622647,-0.029410720096336232
Electrochemical,Cell 1,2220.0,1.25,0.25,1.5,3.7611725285720476,0.5772222222222188,2439.3232699456125,-0.02094725104101842
Electrochemical,Cell 2,2220.0,1.25,0.0,1.25,3.7616791121624527,0.5601700680272117,1600.610307838564,-0.030122812834688564
Electrochemical,Cell 3,2220.0,1.25,-0.25,1.0,3.7662049343778707,0.5444680851063861,475.61314661534493,-0.04010666122753506
Electrochemical,Cell 4,2220.0,1.25,0.0,1.25,3.7751968736981136,0.5782603815937186,1886.888660955291,-0.02950473337200757
Electrochemical,Cell 1,2230.0,1.25,0.25,1.5,3.760273029589541,0.5763888888888854,2463.6682640456193,-0.020859171927896117
Electrochemical,Cell 2,2230.0,1.25,0.0,1.25,3.7609632600184106,0.5594614512471664,1609.051731053023,-0.030121477737566973
Electrochemical,Cell 3,2230.0,1.25,-0.25,1.0,3.7656067348853917,0.5438770685579227,484.05409552053493,-0.04010755577606586
Electrochemical,Cell 4,2230.0,1.25,0.0,1.25,3.7745983419004894,0.5775589225589263,1879.4258871544134,-0.029586720176662164
Electrochemical,Cell 1,2240.0,1.25,0.25,1.5,3.7593873025986317,0.575555555555552,2486.8911381523876,-0.020781689278083167
Electrochemical,Cell 2,2240.0,1.25,0.0,1.25,3.760249331267381,0.5587528344671211,1617.2537339944865,-0.030120179920098626
Electrochemical,Cell 3,2240.0,1.25,-0.25,1.0,3.7650124740515745,0.5432860520094593,492.2555942482543,-0.04010848663797844
Electrochemical,Cell 4,2240.0,1.25,0.0,1.25,3.773991173915631,0.5768574635241339,1872.6072783980335,-0.029658188610698147
Electrochemical,Cell 1,2250.0,1.25,0.25,1.5,3.7585138530011086,0.5747222222222187,2509.047512127353,-0.02071348341639798
Electrochemical,Cell 2,2250.0,1.25,0.0,1.25,3.759537219444319,0.5580442176870758,1625.2229392438348,-0.03011891935734866
Electrochemical,Cell 3,2250.0,1.25,-0.25,1.0,3.7644220195866906,0.542695035460996,500.22474008344625,-0.0401094538667962
Electrochemical,Cell 4,2250.0,1.25,0.0,1.25,3.773376556664953,0.5761560044893416,1866.3903618569077,-0.0297204582047473
Electrochemical,Cell 1,2260.0,1.25,0.0,1.25,3.757651336742357,0.5738888888888853,2530.190452770251,-0.02065339961374734
Electrochemical,Cell 2,2260.0,1.25,0.0,1.25,3.7588267754875866,0.5573356009070305,1632.9668886424006,-0.03011769602207512
Electrochemical,Cell 3,2260.0,1.25,-0.25,1.0,3.763835240828491,0.5421040189125326,507.9685896291667,-0.04011045752045346
Electrochemical,Cell 4,2260.0,1.25,0.25,1.5,3.7727554852239527,0.5754545454545492,1860.7360084538914,-0.02977468352768445
Electrochemical,Cell 1,2270.0,1.25,0.0,1.25,3.758187452166387,0.5731944444444409,2487.870195366348,-0.021850427479734775
Electrochemical,Cell 2,2270.0,1.25,0.0,1.25,3.75811792037964,0.5566269841269852,1640.491578516794,-0.030116509894993003
Electrochemical,Cell 3,2270.0,1.25,-0.25,1.0,3.7632520503337554,0.5415130023640692,515.4932523103741,-0.040111497633843515
Electrochemical,Cell 4,2270.0,1.25,0.25,1.5,3.7707385542996175,0.5746127946127983,1918.1068420299414,-0.028571874835481563
Electrochemical,Cell 1,2280.0,1.25,0.0,1.25,3.7585760315985497,0.5724999999999965,2448.1062204091445,-0.022897432919894004
Electrochemical,Cell 2,2280.0,1.25,0.0,1.25,3.757410565910856,0.5559183673469399,1647.8032000654712,-0.03011536095638745
Electrochemical,Cell 3,2280.0,1.25,-0.25,1.0,3.7626723533003354,0.5409219858156058,522.8049023191545,-0.0401125742492118
Electrochemical,Cell 4,2280.0,1.25,0.25,1.5,3.7688730812230373,0.5737710437710475,1972.4953506542372,-0.027519166101244833
Electrochemical,Cell 1,2290.0,1.25,0.0,1.25,3.7588356904369724,0.571805555555552,2410.7504108726393,-0.023813173599889402
Electrochemical,Cell 2,2290.0,1.25,0.0,1.25,3.7567046107391953,0.5552097505668946,1654.9077636059155,-0.030114249198437637
Electrochemical,Cell 3,2290.0,1.25,-0.25,1.0,3.7620960289057686,0.5403309692671424,529.9095985741317,-0.040113687420587754
Electrochemical,Cell 4,2290.0,1.25,0.25,1.5,3.7671401925918424,0.5729292929292966,2024.0613769203055,-0.0265977995518266
Electrochemical,Cell 1,2300.0,1.25,0.0,1.25,3.758982711860759,0.5711111111111076,2375.6629096639726,-0.024614062475631637
Electrochemical,Cell 2,2300.0,1.25,0.0,1.25,3.75599996900778,0.5545011337868493,1661.8110390287839,-0.03011317461165519
Electrochemical,Cell 3,2300.0,1.25,-0.25,1.0,3.7615230171306133,0.539739952718679,536.8129904131661,-0.04011483717779479
Electrochemical,Cell 4,2300.0,1.25,0.25,1.5,3.765523351354781,0.5720875420875458,2072.956019311749,-0.02579136214341596
Electrochemical,Cell 1,2310.0,1.25,0.0,1.25,3.7590312757547326,0.5704166666666631,2342.7127996789304,-0.02531446085602894
Electrochemical,Cell 2,2310.0,1.25,0.0,1.25,3.755296584415789,0.553792517006804,1668.5185270490438,-0.03011213717819777
Electrochemical,Cell 3,2310.0,1.25,-0.25,1.0,3.7609532512975044,0.5391489361702156,543.5205461399298,-0.04011602355363469
Electrochemical,Cell 4,2310.0,1.25,0.25,1.5,3.7640081169030606,0.5712457912457949,2119.3220280001315,-0.02508549244240118
Electrochemical,Cell 1,2320.0,1.25,0.0,1.25,3.7589938094370847,0.5697222222222187,2311.775953721716,-0.025926934896699533
Electrochemical,Cell 2,2320.0,1.25,0.0,1.25,3.7545944012352264,0.5530839002267587,1675.0355196564306,-0.030111136884811346
Electrochemical,Cell 3,2320.0,1.25,-0.25,1.0,3.7603866752809627,0.5385579196217523,550.0374946884974,-0.04011724657642612
Electrochemical,Cell 4,2320.0,1.25,0.25,1.5,3.7625818406757805,0.570404040404044,2163.294325051729,-0.024467624198207524
Electrochemical,Cell 1,2330.0,1.25,0.0,1.25,3.758881217282089,0.5690277777777742,2282.734526870408,-0.02646247999639923
Electrochemical,Cell 2,2330.0,1.25,0.0,1.25,3.753893374086739,0.5523752834467134,1681.3670799842184,-0.030110173718008077
Electrochemical,Cell 3,2330.0,1.25,-0.25,1.0,3.7598232434847807,0.5379669030732889,556.3688256220789,-0.04011850626958885
Electrochemical,Cell 4,2330.0,1.25,0.25,1.5,3.7612334550199,0.5695622895622932,2205.0004083119848,-0.023926761938952927
Electrochemical,Cell 1,2340.0,1.25,0.0,1.25,3.7587030151732614,0.5683333333333298,2255.4776701149904,-0.02693071711837038
Electrochemical,Cell 2,2340.0,1.25,0.0,1.25,3.753193425630559,0.5516666666666681,1687.5185886240251,-0.030109247672932368
Electrochemical,Cell 3,2340.0,1.25,-0.25,1.0,3.7592627923565143,0.5373758865248255,562.5210189217794,-0.04011980272818879
Electrochemical,Cell 4,2340.0,1.25,0.25,1.5,3.7599532660251587,0.5687205387205423,2244.5608963943846,-0.023453284624500713
Electrochemical,Cell 1,2350.0,1.25,0.0,1.25,3.75846752668304,0.5676388888888854,2229.900715351426,-0.02734006460380389
Electrochemical,Cell 2,2350.0,1.25,0.0,1.25,3.7524944574422356,0.5509580498866228,1693.4956003309635,-0.03010835875188639
Electrochemical,Cell 3,2350.0,1.25,-0.25,1.0,3.7587053344551307,0.5367848699763621,568.4980910436004,-0.04012113594508869
Electrochemical,Cell 4,2350.0,1.25,0.25,1.5,3.758732702373058,0.5678787878787914,2282.0909562742286,-0.0230387738470768
Electrochemical,Cell 1,2360.0,1.25,0.0,1.25,3.7581819660645177,0.5669444444444409,2205.9062264922686,-0.027697888462105906
Electrochemical,Cell 2,2360.0,1.25,0.0,1.25,3.751796475339468,0.5502494331065775,1699.3022327467297,-0.03010750693606704
Electrochemical,Cell 3,2360.0,1.25,-0.25,1.0,3.7581508321401613,0.5361938534278987,574.3046351688542,-0.04012250594313669
Electrochemical,Cell 4,2360.0,1.25,0.25,1.5,3.7575643864041406,0.5670370370370406,2317.6977232016025,-0.022675863492092985
Electrochemical,Cell 1,2370.0,1.25,0.0,1.25,3.7578526747891545,0.5662499999999965,2183.401460157638,-0.028010633969235796
Electrochemical,Cell 2,2370.0,1.25,0.0,1.25,3.7510994506200674,0.5495408163265322,1704.9429563727244,-0.030106692215136396
Electrochemical,Cell 3,2370.0,1.25,-0.25,1.0,3.7575992542789556,0.5356028368794353,579.9450593348324,-0.04012391274180694
Electrochemical,Cell 4,2370.0,1.25,0.25,1.5,3.7564418187664614,0.5661952861952897,2351.4830820279726,-0.02235810820869194
Electrochemical,Cell 1,2380.0,1.25,0.0,1.25,3.7574852094143756,0.565555555555552,2162.2986249367436,-0.02828394074530948
Electrochemical,Cell 2,2380.0,1.25,0.0,1.25,3.7504033627791875,0.5488321995464869,1710.4220440779754,-0.030105914577895826
Electrochemical,Cell 3,2380.0,1.25,-0.25,1.0,3.757050577670882,0.5350118203309719,585.4235668003753,-0.040125356356017196
Electrochemical,Cell 4,2380.0,1.25,0.25,1.5,3.755359313863792,0.5653535353535388,2383.5433139561846,-0.022079868312314274
Electrochemical,Cell 1,2390.0,1.25,0.0,1.25,3.7570844123206717,0.5648611111111076,2142.5152065785824,-0.028522743446122992
Electrochemical,Cell 2,2390.0,1.25,0.0,1.25,3.749708197767581,0.5481235827664416,1715.7436015007188,-0.030105174012307796
Electrochemical,Cell 3,2390.0,1.25,-0.25,1.0,3.756504754786461,0.5344208037825086,590.7447158738973,-0.04012683681913108
Electrochemical,Cell 4,2390.0,1.25,0.25,1.5,3.7543118992208946,0.564511784511788,2413.969397115836,-0.021836209076233404
Electrochemical,Cell 1,2400.0,1.25,0.0,1.25,3.7566549142443213,0.5641666666666632,2123.928732630279,-0.028731359772413756
Electrochemical,Cell 2,2400.0,1.25,0.0,1.25,3.7490144020300424,0.5474149659863963,1720.8662217339006,-0.03010447034478558
Electrochemical,Cell 3,2400.0,1.25,-0.25,1.0,3.7559622138367685,0.5338297872340452,595.8669718878907,-0.040128353920736264
Electrochemical,Cell 4,2400.0,1.25,0.25,1.5,3.753295668294738,0.5636700336700371,2442.8018921288913,-0.021622812485518717
Electrochemical,Cell 1,2410.0,1.25,0.0,1.25,3.7561996943664373,0.5634722222222187,2106.538689388149,-0.028913567946998602
Electrochemical,Cell 2,2410.0,1.25,0.0,1.25,3.748321097793223,0.546706349206351,1725.868210669818,-0.030103803845666622
Electrochemical,Cell 3,2410.0,1.25,-0.25,1.0,3.755422090631726,0.5332387706855818,600.8686946462633,-0.04012990812910017
Electrochemical,Cell 4,2410.0,1.25,0.25,1.5,3.752305983492695,0.5628282828282862,2470.196492911321,-0.021435900575429122
Electrochemical,Cell 1,2420.0,1.25,0.0,1.25,3.7557221503443072,0.5627777777777743,2090.257825271813,-0.029072673762887417
Electrochemical,Cell 2,2420.0,1.25,0.0,1.25,3.7476284629941965,0.5459977324263057,1730.735341827727,-0.030103174442304363
Electrochemical,Cell 3,2420.0,1.25,-0.25,1.0,3.7548845565369433,0.5326477541371184,605.7355133832141,-0.04013149936702312
Electrochemical,Cell 4,2420.0,1.25,0.25,1.5,3.7513396836987662,0.5619865319865354,2496.2122255145423,-0.021272167410447615
Electrochemical,Cell 1,2430.0,1.25,0.0,1.25,3.755225094266524,0.5620833333333298,2075.021266948963,-0.029211569808904794
Electrochemical,Cell 2,2430.0,1.25,0.0,1.25,3.746936473883629,0.5452891156462604,1735.4721222005937,-0.030102582129836998
Electrochemical,Cell 3,2430.0,1.25,-0.25,1.0,3.7543495775636893,0.532056737588655,610.4722002031749,-0.0401331276669409
Electrochemical,Cell 4,2430.0,1.25,0.25,1.5,3.7503938326601296,0.5611447811447845,2520.922575296193,-0.02112872033607916
Electrochemical,Cell 1,2440.0,1.25,0.0,1.25,3.7547110420454195,0.5613888888888854,2060.7611447352087,-0.029332787084884425
Electrochemical,Cell 2,2440.0,1.25,0.0,1.25,3.7462451862876445,0.5445804988662151,1740.0755876750118,-0.030102026877153933
Electrochemical,Cell 3,2440.0,1.25,-0.25,1.0,3.753817203968096,0.5314657210401916,615.0754370982318,-0.040134793015801626
Electrochemical,Cell 4,2440.0,1.25,0.25,1.5,3.749465928626351,0.5603030303030336,2544.3900321096826,-0.02100302825891219
Electrochemical,Cell 1,2450.0,1.25,0.25,1.5,3.754182082621317,0.5606944444444409,2047.42313054807,-0.02943854022966084
Electrochemical,Cell 2,2450.0,1.25,0.0,1.25,3.7455545192755952,0.5438718820861698,1744.553468192371,-0.0301015087010886
Electrochemical,Cell 3,2450.0,1.25,-0.25,1.0,3.75328734072207,0.5308747044917282,619.5533806840083,-0.04013649548077369
Electrochemical,Cell 4,2450.0,1.25,0.0,1.25,3.748553661712549,0.5594612794612828,2566.683763183293,-0.02089287650076649
Electrochemical,Cell 1,2460.0,1.25,0.25,1.5,3.7522512813034727,0.5598611111111076,2097.4458196281475,-0.028280767024053296
Electrochemical,Cell 2,2460.0,1.25,0.0,1.25,3.744864558969215,0.5431632653061245,1748.9024341322292,-0.030101027561521995
Electrochemical,Cell 3,2460.0,1.25,-0.25,1.0,3.752760064158394,0.5302836879432649,623.9025437583805,-0.04013823503520771
Electrochemical,Cell 4,2460.0,1.25,0.0,1.25,3.7490454463142586,0.5587598204264904,2525.3587365019894,-0.022046327177121523
Electrochemical,Cell 1,2470.0,1.25,0.25,1.5,3.7504653963499464,0.5590277777777742,2144.8062060074335,-0.02726741303685986
Electrochemical,Cell 2,2470.0,1.25,0.0,1.25,3.7441753038325287,0.5424546485260792,1753.1251318745162,-0.030100583449356944
Electrochemical,Cell 3,2470.0,1.25,-0.25,1.0,3.7522353810959195,0.5296926713948015,628.1240328521067,-0.040140011690625504
Electrochemical,Cell 4,2470.0,1.25,0.0,1.25,3.7493930140007756,0.5580583613916981,2486.4455855132387,-0.02305543465820923
Electrochemical,Cell 1,2480.0,1.25,0.25,1.5,3.748806074230188,0.5581944444444409,2189.6690782551045,-0.026380430681131738
Electrochemical,Cell 2,2480.0,1.25,0.0,1.25,3.743486437120917,0.5417460317460339,1757.2481093299211,-0.030100176469250634
Electrochemical,Cell 3,2480.0,1.25,-0.25,1.0,3.7517129379346734,0.5291016548463381,632.2471158570008,-0.04014182566442165
Electrochemical,Cell 4,2480.0,1.25,0.0,1.25,3.7496141075167992,0.5573569023569057,2449.8285204718377,-0.023938246591840337
Electrochemical,Cell 1,2490.0,1.25,0.25,1.5,3.747257708614532,0.5573611111111075,2232.1496242232106,-0.025604028228425352
Electrochemical,Cell 2,2490.0,1.25,0.0,1.25,3.74279824330843,0.5410374149659886,1761.2522877539232,-0.030099806513628116
Electrochemical,Cell 3,2490.0,1.25,-0.25,1.0,3.751193013823775,0.5285106382978747,636.2515848706491,-0.04014367681707748
Electrochemical,Cell 4,2490.0,1.25,0.0,1.25,3.749724763999736,0.5566554433221134,2415.355893518597,-0.02471055452777894
Electrochemical,Cell 1,2500.0,1.25,0.25,1.5,3.7458064587020576,0.5565277777777742,2272.3735847165813,-0.024924387944953958
Electrochemical,Cell 2,2500.0,1.25,0.0,1.25,3.742110755915259,0.5403287981859433,1765.137667146566,-0.030099473563702184
Electrochemical,Cell 3,2500.0,1.25,-0.25,1.0,3.750675627927618,0.5279196217494113,640.1374397505856,-0.04014556515486531
Electrochemical,Cell 4,2500.0,1.25,0.0,1.25,3.74973881509656,0.555953984287321,2382.9019639912585,-0.025386176123374758
Electrochemical,Cell 1,2510.0,1.25,0.25,1.5,3.7444402124483678,0.5556944444444408,2310.4597149397787,-0.02432941930852557
Electrochemical,Cell 2,2510.0,1.25,0.0,1.25,3.7414240086080977,0.539620181405898,1768.9042475078568,-0.030099177601123683
Electrochemical,Cell 3,2510.0,1.25,-0.25,1.0,3.7501607985436642,0.5273286052009479,643.9046803621466,-0.04014749068449855
Electrochemical,Cell 4,2510.0,1.25,0.0,1.25,3.7496683660992622,0.5552525252525287,2352.347976819912,-0.02597720182532259
Electrochemical,Cell 1,2520.0,1.25,0.25,1.5,3.743148339054707,0.5548611111111075,2346.522972730703,-0.023808543113558206
Electrochemical,Cell 2,2520.0,1.25,0.0,1.25,3.740738032211195,0.5389115646258527,1772.552264782833,-0.03009891860907738
Electrochemical,Cell 3,2520.0,1.25,-0.25,1.0,3.749648543104414,0.5267375886524845,647.5533065781979,-0.04014945341313221
Electrochemical,Cell 4,2520.0,1.25,0.0,1.25,3.749523993521273,0.5545510662177363,2323.5832913028103,-0.026494210776298464
Electrochemical,Cell 1,2530.0,1.25,0.25,1.5,3.7419211456167623,0.5540277777777741,2380.7061854748954,-0.02335250263084068
Electrochemical,Cell 2,2530.0,1.25,0.0,1.25,3.740052343067282,0.5382029478458074,1776.1229152477208,-0.03009869676327992
Electrochemical,Cell 3,2530.0,1.25,-0.25,1.0,3.7491384160410086,0.5261465721040212,651.1218944889351,-0.04015145362376117
Electrochemical,Cell 4,2530.0,1.25,0.0,1.25,3.749314498510602,0.553849607182944,2296.541028533644,-0.026946459855102994
Electrochemical,Cell 1,2540.0,1.25,0.25,1.5,3.740750807456213,0.5531944444444408,2413.083318602854,-0.02295319808497968
Electrochemical,Cell 2,2540.0,1.25,0.0,1.25,3.7393673233763494,0.537494331065762,1779.588411588251,-0.03009851192050875
Electrochemical,Cell 3,2540.0,1.25,-0.25,1.0,3.748630706712203,0.5255555555555578,654.5878170485094,-0.04015349116705243
Electrochemical,Cell 4,2540.0,1.25,0.0,1.25,3.7490483212160024,0.5531481481481516,2271.0942152289563,-0.027342048617214853
Electrochemical,Cell 1,2550.0,1.25,0.25,1.5,3.739630220482917,0.5523611111111074,2443.748856124637,-0.02260354221906628
Electrochemical,Cell 2,2550.0,1.25,0.0,1.25,3.7386830068860464,0.5367857142857168,1782.9487538044777,-0.03009836406589624
Electrochemical,Cell 3,2550.0,1.25,-0.25,1.0,3.7481254585207004,0.5249645390070944,657.9487969154907,-0.040155566037161805
Electrochemical,Cell 4,2550.0,1.25,0.0,1.25,3.7487325659140907,0.5524466891133593,2247.1483674858337,-0.027688064251168244
Electrochemical,Cell 1,2560.0,1.25,0.25,1.5,3.7385531679297466,0.5515277777777741,2472.7920329386225,-0.02229733367867718
Electrochemical,Cell 2,2560.0,1.25,0.0,1.25,3.7379994274144672,0.5360770975056715,1786.2039418963905,-0.03009825318500734
Electrochemical,Cell 3,2560.0,1.25,-0.25,1.0,3.747622686705882,0.524373522458631,661.2048339886778,-0.040157678244841455
Electrochemical,Cell 4,2560.0,1.25,0.0,1.25,3.748373451735362,0.5517452300785669,2224.6142505069874,-0.027990708043932267
Electrochemical,Cell 1,2570.0,1.25,0.25,1.5,3.737514209570679,0.5506944444444407,2500.297128069109,-0.022029146274125853
Electrochemical,Cell 2,2570.0,1.25,0.0,1.25,3.737316618825107,0.5353684807256262,1789.353975863989,-0.03009817926383923
Electrochemical,Cell 3,2570.0,1.25,-0.25,1.0,3.747122405690284,0.5237825059101676,664.3559281725395,-0.04015982780128506
Electrochemical,Cell 4,2570.0,1.25,0.0,1.25,3.7479764233756523,0.5510437710437746,2203.4075869839357,-0.028255406118661716
Electrochemical,Cell 1,2580.0,1.25,0.25,1.5,3.7365081348361477,0.5498611111111074,2526.38489742103,-0.021794232184425177
Electrochemical,Cell 2,2580.0,1.25,0.0,1.25,3.7366341683936044,0.5346598639455808,1792.436009466881,-0.030098142462543213
Electrochemical,Cell 3,2580.0,1.25,-0.25,1.0,3.7466242538140553,0.5231914893617042,667.4353078076251,-0.04016201495163011
Electrochemical,Cell 4,2580.0,1.25,0.0,1.25,3.7475457920980144,0.5503423120089822,2183.487940414353,-0.028486906468787394
Electrochemical,Cell 1,2590.0,1.25,0.25,1.5,3.735531077244656,0.549027777777774,2551.102893515088,-0.021588436911686625
Electrochemical,Cell 2,2590.0,1.25,0.0,1.25,3.73595235771461,0.5339512471655355,1795.429397881715,-0.030098142675126997
Electrochemical,Cell 3,2590.0,1.25,-0.25,1.0,3.746128402465217,0.5226004728132408,670.4291459041524,-0.04016423961445132
Electrochemical,Cell 4,2590.0,1.25,0.0,1.25,3.74708601125623,0.5496408529741899,2164.7560041758784,-0.028689363382809658
Electrochemical,Cell 1,2600.0,1.25,0.25,1.5,3.734579390544262,0.5481944444444407,2574.5221134167514,-0.021408125322579154
Electrochemical,Cell 2,2600.0,1.25,0.0,1.25,3.735271256074226,0.5332426303854902,1798.3311840152091,-0.030098179876816962
Electrochemical,Cell 3,2600.0,1.25,-0.25,1.0,3.7456349309230133,0.5220094562647775,673.3316060918387,-0.04016650176323855
Electrochemical,Cell 4,2600.0,1.25,0.0,1.25,3.746600752956983,0.5489393939393975,2147.1393018141257,-0.02886641192829206
Electrochemical,Cell 1,2610.0,1.25,0.25,1.5,3.7336498841737407,0.5473611111111073,2596.709609910172,-0.021250116671293912
Electrochemical,Cell 2,2610.0,1.25,0.0,1.25,3.734590897230766,0.532534013605445,1801.1413678673707,-0.03009825405697491
Electrochemical,Cell 3,2610.0,1.25,-0.25,1.0,3.7451438516170517,0.5214184397163141,676.1426882946703,-0.04016880141268758
Electrochemical,Cell 4,2610.0,1.25,0.0,1.25,3.7460932183924553,0.5482379349046052,2130.570780621055,-0.029021232791356356
Electrochemical,Cell 1,2620.0,1.25,0.25,1.5,3.732739766438912,0.546527777777774,2617.728710624685,-0.021111627801160958
Electrochemical,Cell 2,2620.0,1.25,0.0,1.25,3.733911314920811,0.5318253968253996,1803.859949438207,-0.030098365205390946
Electrochemical,Cell 3,2620.0,1.25,-0.25,1.0,3.744655176207686,0.5208274231678507,678.8623924408778,-0.04017113857793714
Electrochemical,Cell 4,2620.0,1.25,0.0,1.25,3.745566211806069,0.5475364758698128,2114.98711303895,-0.029156609069888165
Electrochemical,Cell 1,2630.0,1.25,0.25,1.5,3.7318462598655167,0.5456944444444406,2637.6708762046346,-0.02099022352509356
Electrochemical,Cell 2,2630.0,1.25,0.0,1.25,3.733232223342058,0.5311167800453543,1806.514695385289,-0.03009851344173876
Electrochemical,Cell 3,2630.0,1.25,-0.25,1.0,3.7441686599626447,0.5202364066193873,681.5147088919264,-0.04017351344062724
Electrochemical,Cell 4,2630.0,1.25,0.0,1.25,3.745021856827148,0.5468350168350204,2100.3581979270643,-0.02927497607820359
Electrochemical,Cell 1,2640.0,1.25,0.25,1.5,3.7309673848515286,0.5448611111111072,2656.577528842798,-0.02088377294664101
Electrochemical,Cell 2,2640.0,1.25,0.0,1.25,3.7325537544298215,0.530408163265309,1809.0970512897984,-0.030098698719670223
Electrochemical,Cell 3,2640.0,1.25,-0.25,1.0,3.743684338792529,0.5196453900709239,684.0974059643424,-0.04017592600417946
Electrochemical,Cell 4,2640.0,1.25,0.0,1.25,3.7444624377452227,0.5461335578002281,2086.6157418176754,-0.02937846458191656
Electrochemical,Cell 1,2650.0,1.25,0.0,1.25,3.730101280617005,0.5440277777777739,2674.501090120517,-0.020790411557262273
Electrochemical,Cell 2,2650.0,1.25,0.0,1.25,3.7318759837845383,0.5296995464852637,1811.60336174861,-0.030098921015158996
Electrochemical,Cell 3,2650.0,1.25,-0.25,1.0,3.7432022907375084,0.5190543735224605,686.6041849997223,-0.040178376243613215
Electrochemical,Cell 4,2650.0,1.25,0.25,1.5,3.743889866873611,0.5454320987654357,2073.7041028771905,-0.02946893902662526
Electrochemical,Cell 1,2660.0,1.25,0.0,1.25,3.7306351862137133,0.5433333333333294,2628.9932140473875,-0.021958507913645987
Electrochemical,Cell 2,2660.0,1.25,0.0,1.25,3.7311989303979014,0.5289909297052184,1814.0348868710862,-0.030099180327526717
Electrochemical,Cell 3,2660.0,1.25,-0.25,1.0,3.742722512605654,0.5184633569739971,689.0362963311641,-0.040180864186541876
Electrochemical,Cell 4,2660.0,1.25,0.25,1.5,3.741915492299944,0.5445903479236849,2124.074161189901,-0.02829803081194258
Electrochemical,Cell 1,2670.0,1.25,0.0,1.25,3.731022517887076,0.542638888888885,2586.0749777038864,-0.022980384499909932
Electrochemical,Cell 2,2670.0,1.25,0.0,1.25,3.730522613187939,0.5282823129251731,1816.3928867666036,-0.030099476656715262
Electrochemical,Cell 3,2670.0,1.25,-0.25,1.0,3.7422450006324954,0.5178723404255338,691.3949902949316,-0.04018338986122837
Electrochemical,Cell 4,2670.0,1.25,0.25,1.5,3.7400872922821287,0.543748597081934,2171.7073737661017,-0.027273417411322727
Electrochemical,Cell 1,2680.0,1.25,0.0,1.25,3.731281541481225,0.5419444444444406,2545.5996910707127,-0.023874323486751628
Electrochemical,Cell 2,2680.0,1.25,0.0,1.25,3.72984705098557,0.5275736961451278,1818.6786215445536,-0.03009981000328662
Electrochemical,Cell 3,2680.0,1.25,-0.25,1.0,3.7417697504893073,0.5172813238770704,693.6815172303363,-0.040185953296586
Electrochemical,Cell 4,2680.0,1.25,0.25,1.5,3.7383869940511674,0.5429068462401831,2216.7529647128263,-0.026376816612908447
Electrochemical,Cell 1,2690.0,1.25,0.0,1.25,3.7314282385688844,0.5412499999999961,2507.4288840897902,-0.02465632177070505
Electrochemical,Cell 2,2690.0,1.25,0.0,1.25,3.7291722625214447,0.5268650793650825,1820.8933513143274,-0.030100180368422467
Electrochemical,Cell 3,2690.0,1.25,-0.25,1.0,3.741296757291485,0.516690307328607,695.8971274794687,-0.04018855452217906
Electrochemical,Cell 4,2690.0,1.25,0.25,1.5,3.7367986105618405,0.5420650953984323,2259.351938173057,-0.025592231480272353
Electrochemical,Cell 1,2700.0,1.25,0.0,1.25,3.731476576948776,0.5405555555555517,2471.433565697048,-0.025340376637367865
Electrochemical,Cell 2,2700.0,1.25,0.0,1.25,3.728498266217702,0.5261564625850372,1823.038356900819,-0.030100587754007847
Electrochemical,Cell 3,2700.0,1.25,-0.25,1.0,3.74082601560704,0.5160992907801436,698.0430713870703,-0.040191193568223774
Electrochemical,Cell 4,2700.0,1.25,0.25,1.5,3.735308146738908,0.5412233445566814,2299.6384040596845,-0.02490566469579853
Electrochemical,Cell 1,2710.0,1.25,0.0,1.25,3.73143870124386,0.5398611111111072,2437.5004805978087,-0.02593873572891559
Electrochemical,Cell 2,2710.0,1.25,0.0,1.25,3.7278249585183665,0.5254478458049919,1825.127839886154,-0.030101032215220966
Electrochemical,Cell 3,2710.0,1.25,-0.25,1.0,3.7403574275909226,0.5155082742316802,700.1313643362769,-0.040193870529549994
Electrochemical,Cell 4,2710.0,1.25,0.25,1.5,3.7339032583299283,0.5403815937149306,2337.749801782245,-0.024304868639984205
Electrochemical,Cell 1,2720.0,1.25,0.0,1.25,3.7313253777826936,0.5391666666666628,2405.506094220186,-0.02646211569388083
Electrochemical,Cell 2,2720.0,1.25,0.0,1.25,3.727152435959735,0.5247392290249466,1827.1547791952908,-0.03010151372231411
Electrochemical,Cell 3,2720.0,1.25,-0.25,1.0,3.7398910258648668,0.5149172576832168,702.1587541456706,-0.04019658541185887
Electrochemical,Cell 4,2720.0,1.25,0.25,1.5,3.7325733109501917,0.5395398428731797,2373.797432097651,-0.023779126589346958
Electrochemical,Cell 1,2730.0,1.25,0.0,1.25,3.7311459671273806,0.5384722222222184,2375.3410290018846,-0.02691989361234609
Electrochemical,Cell 2,2730.0,1.25,0.0,1.25,3.7264807118089336,0.5240306122449013,1829.1209657304207,-0.030102032281588684
Electrochemical,Cell 3,2730.0,1.25,-0.25,1.0,3.7394268134078192,0.5143262411347534,704.1253687865467,-0.04019933824121294
Electrochemical,Cell 4,2730.0,1.25,0.25,1.5,3.7313089339133922,0.5386980920314288,2407.8942709112116,-0.023319061432805682
Electrochemical,Cell 1,2740.0,1.25,0.0,1.25,3.7309086585729254,0.5377777777777739,2346.9020840143403,-0.027320274427226895
Electrochemical,Cell 2,2740.0,1.25,0.0,1.25,3.7258097991937866,0.523321995464856,1831.028190393663,-0.03010258790003225
Electrochemical,Cell 3,2740.0,1.25,-0.25,1.0,3.7389647786091897,0.5137352245862901,706.0329875811203,-0.04020212905415756
Electrochemical,Cell 4,2740.0,1.25,0.25,1.5,3.7301019290291215,0.537856341189678,2440.1471174923936,-0.022916468197834005
Electrochemical,Cell 1,2750.0,1.25,0.0,1.25,3.7306206166473697,0.5370833333333295,2320.0918918165676,-0.027670437461504147
Electrochemical,Cell 2,2750.0,1.25,0.0,1.25,3.725139711094119,0.5226133786848107,1832.878244087202,-0.030103180585318592
Electrochemical,Cell 3,2750.0,1.25,-0.25,1.0,3.73850490941263,0.5131442080378267,707.8833898535574,-0.040204957887965666
Electrochemical,Cell 4,2750.0,1.25,0.25,1.5,3.728945124072393,0.5370145903479271,2470.65693762112,-0.02256416753322625
Electrochemical,Cell 1,2760.0,1.25,0.0,1.25,3.730288109297628,0.536388888888885,2294.818594372358,-0.02797666462080241
Electrochemical,Cell 2,2760.0,1.25,0.0,1.25,3.724470460333342,0.5219047619047654,1834.6729177131783,-0.03010381034580762
Electrochemical,Cell 3,2760.0,1.25,-0.25,1.0,3.7380471933252943,0.5125531914893633,709.6783549300078,-0.04020782478063886
Electrochemical,Cell 4,2760.0,1.25,0.25,1.5,3.7278322445679817,0.5361728395061762,2499.5191876705267,-0.022255877506517578
Electrochemical,Cell 1,2770.0,1.25,0.0,1.25,3.7299166200503824,0.5356944444444406,2270.995536972323,-0.02824445257064577
Electrochemical,Cell 2,2770.0,1.25,0.0,1.25,3.72380205957032,0.5211961451247201,1836.4140021737767,-0.030104477190545476
Electrochemical,Cell 3,2770.0,1.25,-0.25,1.0,3.7375916174270367,0.5119621749408999,711.4196621382891,-0.04021072977090856
Electrochemical,Cell 4,2770.0,1.25,0.25,1.5,3.726757801600326,0.5353310886644254,2526.8241206852176,-0.021986101426726593
Electrochemical,Cell 1,2780.0,1.25,0.0,1.25,3.729510955130815,0.5349999999999961,2248.54047369366,-0.02847861088905115
Electrochemical,Cell 2,2780.0,1.25,0.0,1.25,3.723134525531745,0.5204875283446748,1838.1030596858182,-0.03010518112732591
Electrochemical,Cell 3,2780.0,1.25,-0.25,1.0,3.737138168379548,0.5113711583924365,713.1090908079477,-0.04021367289823711
Electrochemical,Cell 4,2780.0,1.25,0.25,1.5,3.7257170004173714,0.5344893378226745,2552.6567095369464,-0.021750029686803545
Electrochemical,Cell 1,2790.0,1.25,0.0,1.25,3.729075322644296,0.5343055555555517,2227.3756752522822,-0.028683347953998097
Electrochemical,Cell 2,2790.0,1.25,0.0,1.25,3.7224678902770982,0.5197789115646295,1839.7408146694725,-0.030105922157417326
Electrochemical,Cell 3,2790.0,1.25,-0.25,1.0,3.7366868549248053,0.5107801418439731,714.7470507104124,-0.040216654186058715
Electrochemical,Cell 4,2790.0,1.25,0.25,1.5,3.7247056567705026,0.5336475869809236,2577.0968006393077,-0.021543453876999
Electrochemical,Cell 1,2800.0,1.25,0.0,1.25,3.7286133837769797,0.5336111111111073,2207.42901407277,-0.02886234610020706
Electrochemical,Cell 2,2800.0,1.25,0.0,1.25,3.7218021516611897,0.5190702947845842,1841.3298255693808,-0.03010670029828474
Electrochemical,Cell 3,2800.0,1.25,-0.25,1.0,3.736237649119582,0.5101891252955097,716.3361510320142,-0.04021967368524
Electrochemical,Cell 4,2800.0,1.25,0.25,1.5,3.723720084421362,0.5328058361391728,2600.2213875230855,-0.021362691648468397
Electrochemical,Cell 1,2810.0,1.25,0.0,1.25,3.7281283516749326,0.5329166666666628,2188.6318544248825,-0.029018827366165827
Electrochemical,Cell 2,2810.0,1.25,0.0,1.25,3.721137322666248,0.5183616780045389,1842.8718246751887,-0.03010751556111329
Electrochemical,Cell 3,2810.0,1.25,-0.25,1.0,3.735790536725061,0.5095981087470464,717.8781475569799,-0.04022273143704506
Electrochemical,Cell 4,2810.0,1.25,0.25,1.5,3.7227570713514795,0.5319640852974219,2622.1025852530265,-0.0212045209418725
Electrochemical,Cell 1,2820.0,1.25,0.0,1.25,3.7276230374774286,0.5322222222222184,2170.919470456355,-0.029155611034019063
Electrochemical,Cell 2,2820.0,1.25,0.0,1.25,3.7204734160667616,0.5176530612244936,1844.3685442765782,-0.03010836795776033
Electrochemical,Cell 3,2820.0,1.25,-0.25,1.0,3.7353455036623653,0.509007092198583,719.374762404372,-0.040225827483049016
Electrochemical,Cell 4,2820.0,1.25,0.25,1.5,3.721813808557236,0.531122334455671,2642.8085990147124,-0.02106612245556283
Electrochemical,Cell 1,2830.0,1.25,0.25,1.5,3.7270999006467322,0.5315277777777739,2154.230828977227,-0.029275163974195256
Electrochemical,Cell 2,2830.0,1.25,0.0,1.25,3.7198104444223774,0.5169444444444483,1845.821716663224,-0.030109257500755684
Electrochemical,Cell 3,2830.0,1.25,-0.25,1.0,3.734902535466748,0.5084160756501196,720.8277176945603,-0.04022896186554914
Electrochemical,Cell 4,2830.0,1.25,0.0,1.25,3.7208878396929963,0.5302805836139202,2662.403941330102,-0.020945029300953676
Electrochemical,Cell 1,2840.0,1.25,0.25,1.5,3.7251722041163142,0.5306944444444406,2201.008384311942,-0.02812964469695529
Electrochemical,Cell 2,2840.0,1.25,0.0,1.25,3.719148420071086,0.516235827664403,1847.2330741246988,-0.030110184203301967
Electrochemical,Cell 3,2840.0,1.25,-0.25,1.0,3.7344616172962297,0.5078250591016562,722.2387355491085,-0.04023213462756625
Electrochemical,Cell 4,2840.0,1.25,0.0,1.25,3.72136730881454,0.5295791245791278,2618.4496372054427,-0.022089082950972568
Electrochemical,Cell 1,2850.0,1.25,0.25,1.5,3.7233869694884087,0.5298611111111072,2245.2256623264966,-0.02712719189749733
Electrochemical,Cell 2,2850.0,1.25,0.0,1.25,3.718487355122657,0.5155272108843577,1848.6043489507283,-0.030111148079274834
Electrochemical,Cell 3,2850.0,1.25,-0.25,1.0,3.7340227339402072,0.5072340425531928,723.6095380906779,-0.04023534581284615
Electrochemical,Cell 4,2850.0,1.25,0.0,1.25,3.721703796401155,0.5288776655443355,2576.97564010447,-0.023090144694954403
Electrochemical,Cell 1,2860.0,1.25,0.25,1.5,3.721726411296926,0.5290277777777739,2287.015873217627,-0.02624992690322708
Electrochemical,Cell 2,2860.0,1.25,0.0,1.25,3.717827316988493,0.5148185941043124,1849.93256790522,-0.030112149116158372
Electrochemical,Cell 3,2860.0,1.25,-0.25,1.0,3.733585881917816,0.5066430260047294,724.9406751906376,-0.04023859545630356
Electrochemical,Cell 4,2860.0,1.25,0.0,1.25,3.7219152708025285,0.5281762065095431,2537.837073430938,-0.02396609313133001
Electrochemical,Cell 1,2870.0,1.25,0.25,1.5,3.720174878588748,0.5281944444444405,2326.5132622937535,-0.025482205900437364
Electrochemical,Cell 2,2870.0,1.25,0.0,1.25,3.7171683873874475,0.5141099773242671,1851.213503510684,-0.030113187294092403
Electrochemical,Cell 3,2870.0,1.25,-0.25,1.0,3.733151164079846,0.506052009456266,726.2223030834884,-0.040241883508198246
Electrochemical,Cell 4,2870.0,1.25,0.0,1.25,3.7220174220213122,0.5274747474747508,2500.900521941233,-0.024732572046676612
Electrochemical,Cell 1,2880.0,1.25,0.25,1.5,3.7187186310581524,0.5273611111111072,2363.8486611811077,-0.024810340565101806
Electrochemical,Cell 2,2880.0,1.25,0.0,1.25,3.7165104981227954,0.5134013605442218,1852.455609326491,-0.030114262666889786
Electrochemical,Cell 3,2880.0,1.25,-0.25,1.0,3.7327184712068355,0.5054609929078027,727.4650899179087,-0.04024521008653138
Electrochemical,Cell 4,2880.0,1.25,0.0,1.25,3.7220238846707727,0.5267732884399584,2466.0483218581107,-0.02540326979210432
Electrochemical,Cell 1,2890.0,1.25,0.25,1.5,3.717345690738035,0.5265277777777738,2399.141558107818,-0.02422235359933319
Electrochemical,Cell 2,2890.0,1.25,0.0,1.25,3.715853662642742,0.5126927437641765,1853.660404903123,-0.030115375249398425
Electrochemical,Cell 3,2890.0,1.25,-0.25,1.0,3.732287788532396,0.5048699763593393,728.6705400453986,-0.040248575235673975
Electrochemical,Cell 4,2890.0,1.25,0.0,1.25,3.7219466503293077,0.5260718294051661,2433.164045970635,-0.02599016365272182
Electrochemical,Cell 1,2900.0,1.25,0.25,1.5,3.7160455774662857,0.5256944444444405,2432.504888293907,-0.02370776486643474
Electrochemical,Cell 2,2900.0,1.25,0.0,1.25,3.7151978941127517,0.5119841269841312,1854.8294097910912,-0.030116525057106918
Electrochemical,Cell 3,2900.0,1.25,-0.25,1.0,3.731859100932471,0.5042789598108759,729.840157818478,-0.040251979000691766
Electrochemical,Cell 4,2900.0,1.25,0.0,1.25,3.7217962135678033,0.5253703703703737,2402.137820075108,-0.0265037337537233
Electrochemical,Cell 1,2910.0,1.25,0.25,1.5,3.7148091217268444,0.5248611111111071,2464.04539800732,-0.023257404245831004
Electrochemical,Cell 2,2910.0,1.25,0.0,1.25,3.7145432054094543,0.5112755102040859,1855.9641435408848,-0.030117712106145007
Electrochemical,Cell 3,2910.0,1.25,-0.25,1.0,3.7314323929334385,0.5036879432624125,730.975447590348,-0.0402554214273469
Electrochemical,Cell 4,2910.0,1.25,0.0,1.25,3.721581759082488,0.5246689113355814,2372.865958919167,-0.026953150205456924
Electrochemical,Cell 1,2920.0,1.25,0.25,1.5,3.7136283008840345,0.5240277777777738,2493.8639883945675,-0.022863247881132174
Electrochemical,Cell 2,2920.0,1.25,0.0,1.25,3.7138896091148403,0.5105668934240406,1857.0661257030806,-0.030118936413284034
Electrochemical,Cell 3,2920.0,1.25,-0.25,1.0,3.7310076487201775,0.5030969267139491,732.0779137150059,-0.040258902562099436
Electrochemical,Cell 4,2920.0,1.25,0.0,1.25,3.7213113254348382,0.523967452300789,2345.2506223710093,-0.027346436855359917
Electrochemical,Cell 1,2930.0,1.25,0.25,1.5,3.712496095886164,0.5231944444444404,2522.056040209731,-0.022518274897190507
Electrochemical,Cell 2,2930.0,1.25,0.0,1.25,3.7132371175106638,0.5098582766439953,1858.1368758280732,-0.03012019799593754
Electrochemical,Cell 3,2930.0,1.25,-0.25,1.0,3.730584852143996,0.5025059101654857,733.1490605471672,-0.040262422452109016
Electrochemical,Cell 4,2930.0,1.25,0.0,1.25,3.7209919483226193,0.5232659932659967,2319.1994906906307,-0.027690614570901724
Electrochemical,Cell 1,2940.0,1.25,0.25,1.5,3.7114063658795904,0.5223611111111071,2548.711720502921,-0.022216342027524635
Electrochemical,Cell 2,2940.0,1.25,0.0,1.25,3.7125857425731814,0.50914965986395,1859.1779134664903,-0.030121496872161733
Electrochemical,Cell 3,2940.0,1.25,-0.25,1.0,3.730163986730451,0.5019148936170224,734.1903924422759,-0.04026598114523654
Electrochemical,Cell 4,2940.0,1.25,0.0,1.25,3.7206297859407544,0.5225645342312043,2294.6254578413254,-0.02799182661215937
Electrochemical,Cell 1,2950.0,1.25,0.25,1.5,3.7103537384946006,0.5215277777777737,2573.9162722704914,-0.021952073913315696
Electrochemical,Cell 2,2950.0,1.25,0.0,1.25,3.711935495968067,0.5084410430839047,1860.1907581687701,-0.03012283306065616
Electrochemical,Cell 3,2950.0,1.25,-0.25,1.0,3.729745035687119,0.501323877068559,735.2034137563292,-0.040269578690045854
Electrochemical,Cell 4,2950.0,1.25,0.0,1.25,3.720230228670772,0.521863075196412,2271.446341839467,-0.028255448332820857
Electrochemical,Cell 1,2960.0,1.25,0.25,1.5,3.7093335138440153,0.5206944444444404,2597.750288013578,-0.021720767115029117
Electrochemical,Cell 2,2960.0,1.25,0.0,1.25,3.711286389045605,0.5077324263038594,1861.176929485482,-0.030124206580764284
Electrochemical,Cell 3,2960.0,1.25,-0.25,1.0,3.7293279819111733,0.5007328605200956,736.18962884598,-0.04027321513580551
Electrochemical,Cell 4,2960.0,1.25,0.0,1.25,3.71979799505776,0.5211616161616196,2249.5846111960795,-0.028486183168563252
Electrochemical,Cell 1,2970.0,1.25,0.25,1.5,3.7083415805205893,0.519861111111107,2620.2899680989485,-0.021518306122583465
Electrochemical,Cell 2,2970.0,1.25,0.0,1.25,3.710638432836136,0.5070238095238141,1862.137946967072,-0.030125617452474145
Electrochemical,Cell 3,2970.0,1.25,-0.25,1.0,3.7289128079969194,0.5001418439716322,737.1505420684307,-0.04027689053249055
Electrochemical,Cell 4,2970.0,1.25,0.0,1.25,3.7193372157889533,0.5204601571268272,2228.96712655592,-0.02868814662688353
Electrochemical,Cell 1,2980.0,1.25,0.25,1.5,3.7073743420931997,0.5190277777777736,2641.6073647664543,-0.021341089864248323
Electrochemical,Cell 2,2980.0,1.25,0.0,1.25,3.7099916380457008,0.5063151927437688,1863.0753301640725,-0.030127065696419063
Electrochemical,Cell 3,2980.0,1.25,-0.25,1.0,3.7284994962431433,0.49955082742316886,738.0876577814593,-0.040280604930784294
Electrochemical,Cell 4,2980.0,1.25,0.0,1.25,3.71885150717378,0.5197586980920349,2209.524896690188,-0.02886493977820058
Electrochemical,Cell 1,2990.0,1.25,0.25,1.5,3.7064287728926892,0.5181944444444403,2661.7587831541296,-0.021185967361301204
Electrochemical,Cell 2,2990.0,1.25,0.0,1.25,3.709346132486627,0.5056065759637235,1863.9788664935768,-0.030128551270321748
Electrochemical,Cell 3,2990.0,1.25,-0.25,1.0,3.728088127610565,0.49895981087470553,738.9908478680786,-0.04028435829474402
Electrochemical,Cell 4,2990.0,1.25,0.0,1.25,3.718344156818995,0.5190572390572425,2191.1810668207295,-0.029019713508552574
Electrochemical,Cell 1,3000.0,1.25,0.25,1.5,3.7055020229507707,0.5173611111111069,2680.819499070922,-0.021050181575254373
Electrochemical,Cell 2,3000.0,1.25,0.0,1.25,3.708701826954436,0.5048979591836782,1864.8610155504794,-0.030130074248710607
Electrochemical,Cell 3,3000.0,1.25,-0.25,1.0,3.727678597993733,0.4983687943262422,739.8726582920879,-0.04028815075067207
Electrochemical,Cell 4,3000.0,1.25,0.0,1.25,3.7178178360247416,0.5183557800224502,2173.8851535570357,-0.029155224932687338
Electrochemical,Cell 1,3000.0000000000005,0.0,0.25,0.25,3.7356065313619773,0.5173611111111069,2680.819499070923,0.009054326835952343
Electrochemical,Cell 2,3000.0000000000005,0.0,0.0,0.0,3.738831901203147,0.5048979591836782,1864.8610155504794,0.0
Electrochemical,Cell 3,3000.0000000000005,0.0,-0.25,-0.25,3.7579667487444053,0.4983687943262422,739.8726582920879,-0.009999999999999993
Electrochemical,Cell 4,3000.0000000000005,0.0,0.0,0.0,3.7479187341214764,0.5183557800224502,2173.8851535570348,0.0009456731640476578
Electrochemical,Cell 1,3010.0,0.0,0.25,0.25,3.739664652812163,0.517222222222218,2513.141278587733,0.009172535981458296
Electrochemical,Cell 2,3010.0,0.0,0.0,0.0,3.7431167077268537,0.5048979591836782,1680.0128339102957,0.0
Electrochemical,Cell 3,3010.0,0.0,-0.25,-0.25,3.761797312798739,0.498516548463358,555.0237394619999,-0.009999999999999993
Electrochemical,Cell 4,3010.0,0.0,0.0,0.0,3.7524270807916094,0.5183557800224502,1971.8694785717219,0.0008274640185417059
Electrochemical,Cell 1,3020.0,0.0,0.25,0.25,3.7419171955578117,0.5170833333333291,2415.3967653844675,0.00927596898377601
Electrochemical,Cell 2,3020.0,0.0,0.0,0.0,3.7456328767541676,0.5048979591836782,1566.0528699441056,0.0
Electrochemical,Cell 3,3020.0,0.0,-0.25,-0.25,3.7641243653630556,0.49866430260047384,441.06179498345637,-0.009999999999999993
Electrochemical,Cell 4,3020.0,0.0,0.0,0.0,3.7550888289177196,0.5183557800224502,1841.6954403474908,0.0007240310162239926
Electrochemical,Cell 1,3030.0,0.0,0.0,0.0,3.743453363395642,0.5169444444444402,2345.527464259261,0.009366472860804009
Electrochemical,Cell 2,3030.0,0.0,0.0,0.0,3.7474303921246603,0.5048979591836782,1480.874388309865,0.0
Electrochemical,Cell 3,3030.0,0.0,-0.25,-0.25,3.7658392824809104,0.49881205673758966,355.8759145147096,-0.009999999999999993
Electrochemical,Cell 4,3030.0,0.0,0.25,0.25,3.7569979753598477,0.5183557800224502,1741.2005864076143,0.0006335271391959935
Electrochemical,Cell 1,3040.0,0.0,0.0,0.0,3.746006842343388,0.5169444444444402,2227.5589526796334,0.008195663753203507
Electrochemical,Cell 2,3040.0,0.0,0.0,0.0,3.7488479422037804,0.5048979591836782,1410.9473834414093,0.0
Electrochemical,Cell 3,3040.0,0.0,-0.25,-0.25,3.767228649338218,0.4989598108747055,285.96875245929164,-0.009999999999999993
Electrochemical,Cell 4,3040.0,0.0,0.25,0.25,3.757115792483594,0.5182154882154917,1719.3083712125435,0.0018043362467964944
Electrochemical,Cell 1,3050.0,0.0,0.0,0.0,3.748170816513166,0.5169444444444402,2122.0392887692005,0.007171205784053069
Electrochemical,Cell 2,3050.0,0.0,0.0,0.0,3.7500228786736436,0.5048979591836782,1350.7946524845393,0.0
Electrochemical,Cell 3,3050.0,0.0,-0.25,-0.25,3.7684103372130964,0.4991075650118213,225.81104020580005,-0.009999999999999993
Electrochemical,Cell 4,3050.0,0.0,0.25,0.25,3.75713180520518,0.5180751964085332,1704.525048326741,0.0028287942159469326
Electrochemical,Cell 1,3060.0,0.0,0.0,0.0,3.7500447172329716,0.5169444444444402,2025.6267700038447,0.006274805061046435
Electrochemical,Cell 2,3060.0,0.0,0.0,0.0,3.751035655935725,0.5048979591836782,1297.2216968785579,0.0
Electrochemical,Cell 3,3060.0,0.0,-0.25,-0.25,3.7694526694479875,0.4992553191489371,172.22992289213335,-0.009999999999999993
Electrochemical,Cell 4,3060.0,0.0,0.25,0.25,3.7571102830005976,0.5179349046015747,1693.8040878763416,0.003725194938953566
Electrochemical,Cell 1,3070.0,0.0,0.0,0.0,3.751687755154383,0.5169444444444402,1936.4785571147452,0.005490454428415631
Electrochemical,Cell 2,3070.0,0.0,0.0,0.0,3.7519287659615568,0.5048979591836782,1248.5397230970484,0.0
Electrochemical,Cell 3,3070.0,0.0,-0.25,-0.25,3.770391678293347,0.49940307328605293,123.54829649811654,-0.009999999999999993
Electrochemical,Cell 4,3070.0,0.0,0.25,0.25,3.7570789988893667,0.5177946127946161,1685.589947684849,0.00450954557158437
Electrochemical,Cell 1,3080.0,0.0,0.0,0.0,3.753138811409822,0.5169444444444402,1853.4829641352653,0.004804147624863677
Electrochemical,Cell 2,3080.0,0.0,0.0,0.0,3.7527268445961184,0.5048979591836782,1203.7683487962786,0.0
Electrochemical,Cell 3,3080.0,0.0,-0.25,-0.25,3.7712484354419,0.49955082742316875,78.78216531324574,-0.009999999999999993
Electrochemical,Cell 4,3080.0,0.0,0.25,0.25,3.757049241010895,0.5176543209876576,1679.0352625030284,0.005195852375136324
Electrochemical,Cell 1,3090.0,0.0,0.0,0.0,3.7544284451871413,0.5169444444444402,1775.7925015378005,0.004203629171755718
Electrochemical,Cell 2,3090.0,0.0,0.0,0.0,3.7534483790123634,0.5048979591836782,1162.1741453481372,0.0
Electrochemical,Cell 3,3090.0,0.0,-0.25,-0.25,3.772039033192375,0.49969858156028457,37.186465025015195,-0.009999999999999993
Electrochemical,Cell 4,3090.0,0.0,0.25,0.25,3.7570275465273815,0.5175140291806991,1673.537000214412,0.005796370828244283
Electrochemical,Cell 1,3100.0,0.0,0.0,0.0,3.755581538784252,0.5169444444444402,1702.728368165548,0.003678175525286253
Electrochemical,Cell 2,3100.0,0.0,0.0,0.0,3.7541074944007438,0.5048979591836782,1123.1980634120846,0.0
Electrochemical,Cell 3,3100.0,0.0,-0.25,-0.25,3.7727754811048313,0.4998463356974004,-1.7922404211083176,-0.009999999999999993
Electrochemical,Cell 4,3100.0,0.0,0.25,0.25,3.7570176492786422,0.5173737373737406,1668.6528409540301,0.006321824474713748
Electrochemical,Cell 1,3110.0,0.0,0.0,0.0,3.7566175879453794,0.5169444444444402,1633.7785015406125,0.003218403584625471
Electrochemical,Cell 2,3110.0,0.0,0.0,0.0,3.7547141947435136,0.5048979591836782,1086.444357436747,0.0
Electrochemical,Cell 3,3110.0,0.0,-0.25,-0.25,3.77346632484833,0.4999940898345162,-38.54769680798631,-0.009999999999999993
Electrochemical,Cell 4,3110.0,0.0,0.25,0.25,3.7570204457074534,0.5172334455667821,1664.0959604242853,0.006781596415374529
Electrochemical,Cell 1,3120.0,0.0,0.0,0.0,3.7575521934358522,0.5169444444444402,1568.5452593954424,0.0028161031365472873
Electrochemical,Cell 2,3120.0,0.0,0.0,0.0,3.755275965058968,0.5048979591836782,1051.6173918206987,0.0
Electrochemical,Cell 3,3120.0,0.0,-0.25,-0.25,3.774117951752978,0.5001418439716321,-73.37371590790076,-0.009999999999999993
Electrochemical,Cell 4,3120.0,0.0,0.25,0.25,3.757035318617922,0.5170931537598236,1659.6777936660935,0.0071838968634527125
Electrochemical,Cell 1,3130.0,0.0,0.0,0.0,3.758398089727553,0.5169444444444402,1506.7102179969033,0.0024640902444788763
Electrochemical,Cell 2,3130.0,0.0,0.0,0.0,3.7557982969137473,0.5048979591836782,1018.5006178134645,0.0
Electrochemical,Cell 3,3130.0,0.0,-0.25,-0.25,3.7747351709001733,0.500289598108748,-106.49131521232971,-0.009999999999999993
Electrochemical,Cell 4,3130.0,0.0,0.25,0.25,3.7570607280240367,0.516952861952865,1655.279898523077,0.0075359097555211235
Electrochemical,Cell 1,3140.0,0.0,0.0,0.0,3.7591662664838075,0.5169444444444402,1447.9938392195918,0.0021560789639190167
Electrochemical,Cell 2,3140.0,0.0,0.0,0.0,3.7562859199218153,0.5048979591836782,986.9083533688026,0.0
Electrochemical,Cell 3,3140.0,0.0,-0.25,-0.25,3.775321979118002,0.5004373522458638,-138.0830352364053,-0.009999999999999993
Electrochemical,Cell 4,3140.0,0.0,0.25,0.25,3.7570952096589214,0.5168125701459065,1650.810361953268,0.007843921036080982
Electrochemical,Cell 1,3150.0,0.0,0.0,0.0,3.759866160915017,0.5169444444444402,1392.1522335687337,0.0018865690934291397
Electrochemical,Cell 2,3150.0,0.0,0.0,0.0,3.7567428496234925,0.5048979591836782,956.6836451830677,0.0
Electrochemical,Cell 3,3150.0,0.0,-0.25,-0.25,3.775881877223828,0.5005851063829797,-168.3073700314328,-0.009999999999999993
Electrochemical,Cell 4,3150.0,0.0,0.25,0.25,3.7571373255303024,0.516672278338948,1646.2017089852575,0.00811343090657086
Electrochemical,Cell 1,3160.0,0.0,0.0,0.0,3.760505869974733,0.5169444444444402,1338.9724998139668,0.0016507479567504971
Electrochemical,Cell 2,3160.0,0.0,0.0,0.0,3.7571724136282185,0.5048979591836782,927.6970582179711,0.0
Electrochemical,Cell 3,3160.0,0.0,-0.25,-0.25,3.7764177668794123,0.5007328605200956,-197.29491195890864,-0.009999999999999993
Electrochemical,Cell 4,3160.0,0.0,0.25,0.25,3.757185639957532,0.5165319865319895,1641.4083584199216,0.008349252043249503
Electrochemical,Cell 1,3170.0,0.0,0.0,0.0,3.7610924213817936,0.5169444444444402,1288.2650094876901,0.001444404462156685
Electrochemical,Cell 2,3170.0,0.0,0.0,0.0,3.7575775023426177,0.5048979591836782,899.8367080680619,0.0
Electrochemical,Cell 3,3170.0,0.0,-0.25,-0.25,3.7769321296642318,0.5008806146572115,-225.1565475410555,-0.009999999999999993
Electrochemical,Cell 4,3170.0,0.0,0.25,0.25,3.757238856297749,0.516391694725031,1636.3981426731227,0.008555595537843314
Electrochemical,Cell 1,3180.0,0.0,0.0,0.0,3.761631769519626,0.5169444444444402,1239.8666934148125,0.0012638539043870994
Electrochemical,Cell 2,3180.0,0.0,0.0,0.0,3.757960302847896,0.5048979591836782,873.018693465172,0.0
Electrochemical,Cell 3,3180.0,0.0,-0.25,-0.25,3.777426836784572,0.5010283687943273,-251.9755387634002,-0.009999999999999993
Electrochemical,Cell 4,3180.0,0.0,0.25,0.25,3.757295571456233,0.5162514029180725,1631.1594680477554,0.0087361460956129
Electrochemical,Cell 1,3190.0,0.0,0.0,0.0,3.7621291367525846,0.5169444444444402,1193.6294007491229,0.001105872166338712
Electrochemical,Cell 2,3190.0,0.0,0.0,0.0,3.7583230168008805,0.5048979591836782,847.1587160054842,0.0
Electrochemical,Cell 3,3190.0,0.0,-0.25,-0.25,3.77790383177023,0.5011761229314432,-277.8373556767233,-0.009999999999999993
Electrochemical,Cell 4,3190.0,0.0,0.25,0.25,3.7573546953520105,0.516111111111114,1625.6822167430423,0.008894127833661288
Electrochemical,Cell 1,3200.0,0.0,0.0,0.0,3.762588970624341,0.5169444444444402,1149.424012939132,0.0009676381455463731
Electrochemical,Cell 2,3200.0,0.0,0.0,0.0,3.7586670445653203,0.5048979591836782,822.2042017840504,0.0
Electrochemical,Cell 3,3200.0,0.0,-0.25,-0.25,3.7783641995763815,0.5013238770685591,-302.78962085792205,-0.009999999999999993
Electrochemical,Cell 4,3200.0,0.0,0.25,0.25,3.7574149700158666,0.5159708193041554,1619.9749644583762,0.009032361854453627
Electrochemical,Cell 1,3210.0,0.0,0.0,0.0,3.763015088514646,0.5169444444444402,1107.136336186551,0.0008466833773530764
Electrochemical,Cell 2,3210.0,0.0,0.0,0.0,3.7589940296163666,0.5048979591836782,798.0930384988678,0.0
Electrochemical,Cell 3,3210.0,0.0,-0.25,-0.25,3.7788095756362816,0.501471631205675,-326.9032088423987,-0.009999999999999993
Electrochemical,Cell 4,3210.0,0.0,0.25,0.25,3.7574754355982845,0.5158305274971969,1614.0445295241448,0.009153316622646923
Electrochemical,Cell 1,3220.0,0.0,0.25,0.25,3.763411047876349,0.5169444444444402,1066.653202339127,0.0007408479551839418
Electrochemical,Cell 2,3220.0,0.0,0.0,0.0,3.7593051481869804,0.5048979591836782,774.7816097078612,0.0
Electrochemical,Cell 3,3220.0,0.0,-0.25,-0.25,3.779240727525227,0.5016193853427908,-350.21102362424267,-0.009999999999999993
Electrochemical,Cell 4,3220.0,0.0,0.0,0.0,3.757535266901849,0.5156902356902384,1607.901003639994,0.009259152044816059
Electrochemical,Cell 1,3230.0,0.0,0.25,0.25,3.7623908023019195,0.5168055555555513,1090.3831234224795,0.0018982419607859492
Electrochemical,Cell 2,3230.0,0.0,0.0,0.0,3.7596015804665655,0.5048979591836782,752.2260102981818,0.0
Electrochemical,Cell 3,3230.0,0.0,-0.25,-0.25,3.7796589513256738,0.5017671394799067,-372.76864818909166,-0.009999999999999993
Electrochemical,Cell 4,3230.0,0.0,0.0,0.0,3.7589839380515735,0.5156902356902384,1539.061413649606,0.008101758039214051
Electrochemical,Cell 1,3240.0,0.0,0.25,0.25,3.761502341391374,0.5166666666666624,1112.2546680381715,0.0029109617156877054
Electrochemical,Cell 2,3240.0,0.0,0.0,0.0,3.759884420534842,0.5048979591836782,730.3856894332639,0.0
Electrochemical,Cell 3,3240.0,0.0,-0.25,-0.25,3.7800649833585713,0.5019148936170226,-394.6071011999845,-0.009999999999999993
Electrochemical,Cell 4,3240.0,0.0,0.0,0.0,3.7602744366113128,0.5156902356902384,1473.5071434337983,0.007089038284312295
Electrochemical,Cell 1,3250.0,0.0,0.25,0.25,3.7607283718210747,0.5165277777777735,1132.3813608341566,0.0037970915012267422
Electrochemical,Cell 2,3250.0,0.0,0.0,0.0,3.7601545693664145,0.5048979591836782,709.2275065493814,0.0
Electrochemical,Cell 3,3250.0,0.0,-0.25,-0.25,3.7804597566188582,0.5020626477541384,-415.7660793994494,-0.009999999999999993
Electrochemical,Cell 4,3250.0,0.0,0.0,0.0,3.7614257024023936,0.5156902356902384,1411.064403110072,0.006202908498773258
Electrochemical,Cell 1,3260.0,0.0,0.25,0.25,3.760054001152051,0.5163888888888846,1150.862163167098,0.0045724550635734
Electrochemical,Cell 2,3260.0,0.0,0.0,0.0,3.7604129429947086,0.5048979591836782,688.717470759213,0.0
Electrochemical,Cell 3,3260.0,0.0,-0.25,-0.25,3.7808439894562693,0.5022104018912543,-436.2757680398586,-0.009999999999999993
Electrochemical,Cell 4,3260.0,0.0,0.0,0.0,3.7624545074580955,0.5156902356902384,1351.5631129960868,0.005427544936426601
Electrochemical,Cell 1,3270.0,0.0,0.25,0.25,3.7594660813812144,0.5162499999999957,1167.7982559081165,0.005250898180626725
Electrochemical,Cell 2,3270.0,0.0,0.0,0.0,3.7606602829432143,0.5048979591836782,668.828306722542,0.0
Electrochemical,Cell 3,3270.0,0.0,-0.25,-0.25,3.7812183734405767,0.5023581560283702,-456.16548927431654,-0.009999999999999993
Electrochemical,Cell 4,3270.0,0.0,0.0,0.0,3.7633754298619926,0.5156902356902384,1294.8491959614516,0.004749101819373275
Electrochemical,Cell 1,3280.0,0.0,0.25,0.25,3.758953202611133,0.5161111111111067,1183.282677951991,0.005844535908048384
Electrochemical,Cell 2,3280.0,0.0,0.0,0.0,3.760897302686028,0.5048979591836782,649.5334136271849,0.0
Electrochemical,Cell 3,3280.0,0.0,-0.25,-0.25,3.7815835065885395,0.5025059101654861,-475.46052898344215,-0.009999999999999993
Electrochemical,Cell 4,3280.0,0.0,0.0,0.0,3.7642013105547125,0.5156902356902384,1240.7752935967371,0.004155464091951616
Electrochemical,Cell 1,3290.0,0.0,0.25,0.25,3.7585053454468733,0.5159722222222178,1197.4068535258955,0.006363968919542337
Electrochemical,Cell 2,3290.0,0.0,0.0,0.0,3.761124611386556,0.5048979591836782,630.8101578531132,0.0
Electrochemical,Cell 3,3290.0,0.0,-0.25,-0.25,3.7819399409313457,0.5026536643026019,-494.18442632360643,-0.009999999999999993
Electrochemical,Cell 4,3290.0,0.0,0.0,0.0,3.7649433568320614,0.5156902356902384,1189.2053662458834,0.0036360310804576636
Electrochemical,Cell 1,3300.0,0.0,0.25,0.25,3.7581138028136563,0.5158333333333289,1210.2557846266673,0.006818472804599545
Electrochemical,Cell 2,3300.0,0.0,0.0,0.0,3.761342784718141,0.5048979591836782,612.6367658198142,0.0
Electrochemical,Cell 3,3300.0,0.0,-0.25,-0.25,3.782288158053074,0.5028014184397178,-512.3578751365662,-0.009999999999999993
Electrochemical,Cell 4,3300.0,0.0,0.0,0.0,3.765611429815309,0.5156902356902384,1140.00996199041,0.0031815271954004558
Electrochemical,Cell 1,3310.0,0.0,0.25,0.25,3.757770923391482,0.51569444444444,1221.9126359852085,0.007216163704024602
Electrochemical,Cell 2,3310.0,0.0,0.0,0.0,3.7615523312199572,0.5048979591836782,594.9939131487481,0.0
Electrochemical,Cell 3,3310.0,0.0,-0.25,-0.25,3.7826286495360115,0.5029491725768337,-530.0021774005465,-0.009999999999999993
Electrochemical,Cell 4,3310.0,0.0,0.0,0.0,3.766214139992661,0.5156902356902384,1093.0690220325303,0.0027838362959753987
Electrochemical,Cell 1,3320.0,0.0,0.25,0.25,3.7574701508807333,0.5155555555555511,1232.4510502556782,0.007564143241021526
Electrochemical,Cell 2,3320.0,0.0,0.0,0.0,3.761753790288802,0.5048979591836782,577.8606911421593,0.0
Electrochemical,Cell 3,3320.0,0.0,-0.25,-0.25,3.7829618376350442,0.5030969267139496,-547.1358848052255,-0.009999999999999993
Electrochemical,Cell 4,3320.0,0.0,0.0,0.0,3.7667591458652736,0.5156902356902384,1048.26517138017,0.002435856758978474
Electrochemical,Cell 1,3330.0,0.0,0.25,0.25,3.7572056256903417,0.5154166666666622,1241.9471063906935,0.007868625335893836
Electrochemical,Cell 2,3330.0,0.0,0.0,0.0,3.7619475162827793,0.5048979591836782,561.2232144464942,0.0
Electrochemical,Cell 3,3330.0,0.0,-0.25,-0.25,3.7832880269598106,0.5032446808510654,-563.7727178005762,-0.009999999999999993
Electrochemical,Cell 4,3330.0,0.0,0.0,0.0,3.7672530229780974,0.5156902356902384,1005.4938938485925,0.0021313746641061647
Electrochemical,Cell 1,3340.0,0.0,0.25,0.25,3.7569722289887513,0.5152777777777733,1250.4730097442007,0.008135047168907106
Electrochemical,Cell 2,3340.0,0.0,0.0,0.0,3.762133831611579,0.5048979591836782,545.0685436296844,0.0
Electrochemical,Cell 3,3340.0,0.0,-0.25,-0.25,3.783607579831197,0.5033924349881813,-579.9290773190278,-0.009999999999999993
Electrochemical,Cell 4,3340.0,0.0,0.0,0.0,3.76770153127517,0.5156902356902384,964.6569079550083,0.0018649528310928942
Electrochemical,Cell 1,3350.0,0.0,0.25,0.25,3.756765649178024,0.5151388888888844,1258.0905087162637,0.008368166272793718
Electrochemical,Cell 2,3350.0,0.0,0.0,0.0,3.7623133303099143,0.5048979591836782,529.37283726639,0.0
Electrochemical,Cell 3,3350.0,0.0,-0.25,-0.25,3.7839209353453795,0.5035401891252972,-595.6248366874213,-0.009999999999999993
Electrochemical,Cell 4,3350.0,0.0,0.0,0.0,3.768109964401685,0.5156902356902384,925.6518423212453,0.0016318337272062825
Electrochemical,Cell 1,3360.0,0.0,0.25,0.25,3.756582067793555,0.5149999999999955,1264.8608073317519,0.008572145488694503
Electrochemical,Cell 2,3360.0,0.0,0.0,0.0,3.762486193726133,0.5048979591836782,514.128101897455,0.0
Electrochemical,Cell 3,3360.0,0.0,-0.25,-0.25,3.7842282592472047,0.5036879432624131,-610.8685009264375,-0.009999999999999993
Electrochemical,Cell 4,3360.0,0.0,0.0,0.0,3.768482752388672,0.5156902356902384,888.391223938561,0.0014278545113054972
Electrochemical,Cell 1,3370.0,0.0,0.25,0.25,3.756418034872116,0.5148611111111066,1270.8469532104937,0.00875062730260769
Electrochemical,Cell 2,3370.0,0.0,0.0,0.0,3.7626526646392033,0.5048979591836782,499.3236574053226,0.0
Electrochemical,Cell 3,3370.0,0.0,-0.25,-0.25,3.7845297791693,0.5038356973995289,-625.6714216913838,-0.009999999999999993
Electrochemical,Cell 4,3370.0,0.0,0.0,0.0,3.7688237607455526,0.5156902356902384,852.7932687332591,0.00124937269739231
Electrochemical,Cell 1,3380.0,0.0,0.25,0.25,3.756270630158303,0.5147222222222176,1276.1046065825747,0.008906798889781728
Electrochemical,Cell 2,3380.0,0.0,0.0,0.0,3.7628131505520663,0.5048979591836782,484.9422763000839,0.0
Electrochemical,Cell 3,3380.0,0.0,-0.25,-0.25,3.7848259494786145,0.5039834515366448,-640.0545629980529,-0.009999999999999993
Electrochemical,Cell 4,3380.0,0.0,0.0,0.0,3.7691365115034503,0.5156902356902384,818.7755312968609,0.0010932011102182714
Electrochemical,Cell 1,3390.0,0.0,0.25,0.25,3.756137487335608,0.5145833333333287,1280.6789548310899,0.009043449028559011
Electrochemical,Cell 2,3390.0,0.0,0.0,0.0,3.7629679479162697,0.5048979591836782,470.9707375295038,0.0
Electrochemical,Cell 3,3390.0,0.0,-0.25,-0.25,3.785116893346518,0.5041312056737607,-654.0253418908867,-0.009999999999999993
Electrochemical,Cell 4,3390.0,0.0,0.0,0.0,3.769424172497012,0.5156902356902384,786.2573456245133,0.0009565509714409875
Electrochemical,Cell 1,3400.0,0.0,0.0,0.0,3.7560162965602704,0.5144444444444398,1284.623404296235,0.009163017899989134
Electrochemical,Cell 2,3400.0,0.0,0.0,0.0,3.763117231326847,0.5048979591836782,457.4002400842728,0.0
Electrochemical,Cell 3,3400.0,0.0,-0.25,-0.25,3.785402805150893,0.5042789598108766,-667.594349138976,-0.009999999999999993
Electrochemical,Cell 4,3400.0,0.0,0.25,0.25,3.7696893354908836,0.5156902356902384,755.1702466253652,0.0008369821000108641
Electrochemical,Cell 1,3410.0,0.0,0.0,0.0,3.7572940070008176,0.5144444444444398,1225.4850448391571,0.008017640662490493
Electrochemical,Cell 2,3410.0,0.0,0.0,0.0,3.7632612501756606,0.5048979591836782,444.21902167594817,0.0
Electrochemical,Cell 3,3410.0,0.0,-0.25,-0.25,3.7856839899117793,0.5044267139479924,-680.7765780498935,-0.009999999999999993
Electrochemical,Cell 4,3410.0,0.0,0.25,0.25,3.768544061582868,0.5155499438832799,787.9463412814652,0.001982359337509506
Electrochemical,Cell 1,3420.0,0.0,0.0,0.0,3.7584239325219144,0.5144444444444398,1169.275037933538,0.007015435579679181
Electrochemical,Cell 2,3420.0,0.0,0.0,0.0,3.763400320905289,0.5048979591836782,431.4127808693811,0.0
Electrochemical,Cell 3,3420.0,0.0,-0.25,-0.25,3.7859606345672483,0.5045744680851083,-693.5826036180001,-0.009999999999999993
Electrochemical,Cell 4,3420.0,0.0,0.25,0.25,3.767537105632866,0.5154096520763214,818.5439218356796,0.0029845644203208175
Electrochemical,Cell 1,3430.0,0.0,0.0,0.0,3.7594241393542913,0.5144444444444398,1115.842013215081,0.0061385061322192834
Electrochemical,Cell 2,3430.0,0.0,0.0,0.0,3.7635346042456543,0.5048979591836782,418.97257736515166,0.0
Electrochemical,Cell 3,3430.0,0.0,-0.25,-0.25,3.786232909922195,0.5047222222222242,-706.0225226764949,-0.009999999999999993
Electrochemical,Cell 4,3430.0,0.0,0.25,0.25,3.766650723802667,0.5152693602693629,847.0961897023263,0.0038614938677807155
Electrochemical,Cell 1,3440.0,0.0,0.0,0.0,3.7603104633302564,0.5144444444444398,1065.0420542629727,0.005371192865691873
Electrochemical,Cell 2,3440.0,0.0,0.0,0.0,3.7636642944761913,0.5048979591836782,406.8881343972389,0.0
Electrochemical,Cell 3,3440.0,0.0,-0.25,-0.25,3.7865010113428923,0.5048699763593401,-718.107218392654,-0.009999999999999993
Electrochemical,Cell 4,3440.0,0.0,0.25,0.25,3.7658694497829757,0.5151290684624044,873.7268322962065,0.004628807134308126
Electrochemical,Cell 1,3450.0,0.0,0.0,0.0,3.761096800354539,0.5144444444444398,1016.7381493526498,0.004699793757480388
Electrochemical,Cell 2,3450.0,0.0,0.0,0.0,3.7637896287787136,0.5048979591836782,395.14816274750046,0.0
Electrochemical,Cell 3,3450.0,0.0,-0.25,-0.25,3.7867651275159537,0.5050177304964559,-729.8473523059743,-0.009999999999999993
Electrochemical,Cell 4,3450.0,0.0,0.25,0.25,3.7651798005801767,0.5149887766554458,898.5514845847713,0.00530020624251961
Electrochemical,Cell 1,3460.0,0.0,0.0,0.0,3.761795330634278,0.5144444444444398,970.8004189108682,0.004112319537795339
Electrochemical,Cell 2,3460.0,0.0,0.0,0.0,3.7639107676205192,0.5048979591836782,383.743274398832,0.0
Electrochemical,Cell 3,3460.0,0.0,-0.25,-0.25,3.7870254064664883,0.5051654846335718,-741.2524500532422,-0.009999999999999993
Electrochemical,Cell 4,3460.0,0.0,0.25,0.25,3.7645699680178066,0.5148484848484873,921.6797166963268,0.005887680462204659
Electrochemical,Cell 1,3470.0,0.0,0.0,0.0,3.7624166919064264,0.5144444444444398,927.1067815659237,0.003598279595570922
Electrochemical,Cell 2,3470.0,0.0,0.0,0.0,3.7640278782549297,0.5048979591836782,372.66394851941004,0.0
Electrochemical,Cell 3,3470.0,0.0,-0.25,-0.25,3.7872820054847,0.5053132387706877,-752.3320931797064,-0.009999999999999993
Electrochemical,Cell 4,3470.0,0.0,0.25,0.25,3.7640296210526536,0.5147081930415288,943.2150210685529,0.006401720404429077
Electrochemical,Cell 1,3480.0,0.0,0.0,0.0,3.7629702157895637,0.5144444444444398,885.5413990099503,0.0031484946461245566
Electrochemical,Cell 2,3480.0,0.0,0.0,0.0,3.764141146343694,0.5048979591836782,361.9007275399126,0.0
Electrochemical,Cell 3,3480.0,0.0,-0.25,-0.25,3.7875350975763107,0.5054609929078036,-763.0958073510476,-0.009999999999999993
Electrochemical,Cell 4,3480.0,0.0,0.25,0.25,3.7635497506500593,0.5145679012345703,963.254644535646,0.006851505353875442
Electrochemical,Cell 1,3490.0,0.0,0.0,0.0,3.7634641113114404,0.5144444444444398,845.9943689381996,0.002754932815358987
Electrochemical,Cell 2,3490.0,0.0,0.0,0.0,3.76425072759812,0.5048979591836782,351.4446665567084,0.0
Electrochemical,Cell 3,3490.0,0.0,-0.25,-0.25,3.787784798802836,0.5056087470449194,-773.5522436586728,-0.009999999999999993
Electrochemical,Cell 4,3490.0,0.0,0.25,0.25,3.763122497745252,0.5144276094276118,981.8901246826957,0.007245067184641012
Electrochemical,Cell 1,3500.0,0.0,0.0,0.0,3.7639055217011266,0.5144444444444398,808.3621704281866,0.0024105662134391134
Electrochemical,Cell 2,3500.0,0.0,0.0,0.0,3.7643567504643496,0.5048979591836782,341.28730839658965,0.0
Electrochemical,Cell 3,3500.0,0.0,-0.25,-0.25,3.788031228782186,0.5057565011820353,-783.7098616460673,-0.009999999999999993
Electrochemical,Cell 4,3500.0,0.0,0.25,0.25,3.7627409576834374,0.5142873176206533,999.2080868106196,0.0075894337865608855
Electrochemical,Cell 1,3510.0,0.0,0.0,0.0,3.764300717005304,0.5144444444444398,772.546754152303,0.0021092454367592243
Electrochemical,Cell 2,3510.0,0.0,0.0,0.0,3.764459339211119,0.5048979591836782,331.42046903480514,0.0
Electrochemical,Cell 3,3510.0,0.0,-0.25,-0.25,3.7882744947296616,0.5059042553191512,-793.5767497930315,-0.009999999999999993
Electrochemical,Cell 4,3510.0,0.0,0.25,0.25,3.7623991060577744,0.5141470258136948,1015.2900943815795,0.007890754563240775
Electrochemical,Cell 1,3520.0,0.0,0.0,0.0,3.764655186842387,0.5144444444444398,738.4554016015936,0.0018455897571643212
Electrochemical,Cell 2,3520.0,0.0,0.0,0.0,3.7645586050168722,0.5048979591836782,321.8363204311827,0.0
Electrochemical,Cell 3,3520.0,0.0,-0.25,-0.25,3.7885147122290044,0.506052009456267,-803.1610267186202,-0.009999999999999993
Electrochemical,Cell 4,3520.0,0.0,0.25,0.25,3.762091674507216,0.5140067340067362,1030.2130717250884,0.008154410242835678
Electrochemical,Cell 1,3530.0,0.0,0.0,0.0,3.7649737365212848,0.5144444444444398,706.0004479619398,0.001614891037518781
Electrochemical,Cell 2,3530.0,0.0,0.0,0.0,3.7646547166524043,0.5048979591836782,312.526165733565,0.0
Electrochemical,Cell 3,3530.0,0.0,-0.25,-0.25,3.7887520767604994,0.5061997635933829,-812.4722194262067,-0.009999999999999993
Electrochemical,Cell 4,3530.0,0.0,0.25,0.25,3.7618140827274775,0.5138664421997777,1044.0490893133301,0.008385108962481218
Electrochemical,Cell 1,3540.0,0.0,0.0,0.0,3.7652606936836563,0.5144444444444398,675.0967763996573,0.0014130296578289334
Electrochemical,Cell 2,3540.0,0.0,0.0,0.0,3.7647478157907583,0.5048979591836782,303.4819066406344,0.0
Electrochemical,Cell 3,3540.0,0.0,-0.25,-0.25,3.7889866261959773,0.5063475177304988,-821.5166862391068,-0.009999999999999993
Electrochemical,Cell 4,3540.0,0.0,0.25,0.25,3.7615624035396245,0.5137261503928192,1056.8647641094685,0.008586970342171067
Electrochemical,Cell 1,3550.0,0.0,0.0,0.0,3.765519705925464,0.5144444444444398,645.6666226289501,0.0012364009506003167
Electrochemical,Cell 2,3550.0,0.0,0.0,0.0,3.7648379631740463,0.5048979591836782,294.6969763770103,0.0
Electrochemical,Cell 3,3550.0,0.0,-0.25,-0.25,3.7892184459045506,0.5064952718676147,-830.3015717789117,-0.009999999999999993
Electrochemical,Cell 4,3550.0,0.0,0.25,0.25,3.761333076371396,0.5135858585858607,1068.7252382879642,0.008763599049399684
Electrochemical,Cell 1,3560.0,0.0,0.0,0.0,3.7657540105901783,0.5144444444444398,617.6355823963811,0.0010818508317752772
Electrochemical,Cell 2,3560.0,0.0,0.0,0.0,3.764925247548147,0.5048979591836782,286.16445207547804,0.0
Electrochemical,Cell 3,3560.0,0.0,-0.25,-0.25,3.7894476115146363,0.5066430260047305,-838.8337038313844,-0.009999999999999993
Electrochemical,Cell 4,3560.0,0.0,0.25,0.25,3.7611230367961763,0.5134455667789022,1079.6910161329522,0.008918149168224724
Electrochemical,Cell 1,3570.0,0.0,0.0,0.0,3.7659664452549517,0.5144444444444398,590.9332301166781,0.0009466194778033675
Electrochemical,Cell 2,3570.0,0.0,0.0,0.0,3.76500974744404,0.5048979591836782,277.8777170286703,0.0
Electrochemical,Cell 3,3570.0,0.0,-0.25,-0.25,3.789674196221695,0.5067907801418464,-847.1197550537161,-0.009999999999999993
Electrochemical,Cell 4,3570.0,0.0,0.25,0.25,3.760929604823439,0.5133052749719437,1089.819154946635,0.009053380522196633
Electrochemical,Cell 1,3580.0,0.0,0.25,0.25,3.766159493418262,0.5144444444444398,565.4929768515215,0.0008282920430779466
Electrochemical,Cell 2,3580.0,0.0,0.0,0.0,3.765091554634246,0.5048979591836782,269.82998577362014,0.0
Electrochemical,Cell 3,3580.0,0.0,-0.25,-0.25,3.7898983484763153,0.5069385342789623,-855.1679554683806,-0.009999999999999993
Electrochemical,Cell 4,3580.0,0.0,0.0,0.0,3.7607504388624204,0.5131649831649852,1099.1634064571488,0.009171707956922053
Electrochemical,Cell 1,3590.0,0.0,0.25,0.25,3.76494647580951,0.5143055555555509,603.7510653052675,0.0019747555376932032
Electrochemical,Cell 2,3590.0,0.0,0.0,0.0,3.7651708022191137,0.5048979591836782,262.01373532548314,0.0
Electrochemical,Cell 3,3590.0,0.0,-0.25,-0.25,3.7901201259262445,0.5070862884160782,-862.9844314692443,-0.009999999999999993
Electrochemical,Cell 4,3590.0,0.0,0.0,0.0,3.7619738484443714,0.5131649831649852,1045.273089203538,0.008025244462306796
Electrochemical,Cell 1,3600.0,0.0,0.25,0.25,3.763874493650038,0.514166666666662,639.6744041407471,0.002977911095481553
Electrochemical,Cell 2,3600.0,0.0,0.0,0.0,3.765247576301147,0.5048979591836782,254.42249352208455,0.0
Electrochemical,Cell 3,3600.0,0.0,-0.25,-0.25,3.7903396125723763,0.507234042553194,-870.5757896065938,-0.009999999999999993
Electrochemical,Cell 4,3600.0,0.0,0.0,0.0,3.7630515372458104,0.5131649831649852,994.1674363778352,0.007022088904518446
