cell,time_s,current_A,voltage_V,soc,negative_average_mol_m3,negative_surface_mol_m3,negative_gradient_mol_m3,positive_average_mol_m3,positive_surface_mol_m3,positive_gradient_mol_m3,negative_overpotential_V,positive_overpotential_V,total_overpotential_V
A,0.0,5.0,3.749276551786766,0.6,18451.97287104763,18451.97287104763,0.0,31545.624886423535,31545.624886423535,0.0,0.07873627975534432,-0.012561545895054389,-0.0912978256503987
A,10.0,5.0,3.732564197847449,0.5972222222222222,18420.923936390886,18132.564743298524,-288.35919309236124,31581.752961328828,32324.708210545745,742.9552492169169,0.07864125451420205,-0.012565240941985908,-0.09120649545618796
A,20.0,5.0,3.7214164486085206,0.5944444444444444,18385.326597523584,17972.409772055387,-412.9168254681972,31619.394545379862,32821.77171499714,1202.3771696172807,0.07860035701303061,-0.012571531743073546,-0.09117188875610416
A,30.0,5.0,3.7124756492900586,0.5916666666666667,18345.84691248538,17842.59319706093,-503.2537154244492,31658.2454365198,33204.138394726986,1545.892958207187,0.07857049029545661,-0.012578465500476439,-0.09114895579593305
A,40.0,5.0,3.704695404614399,0.5888888888888889,18302.411949365815,17727.54334187338,-574.8686074924335,31698.151154433825,33526.351433610274,1828.2002791764498,0.07854646765158896,-0.012585729684839696,-0.09113219733642866
A,50.0,5.0,3.697642541843753,0.5861111111111111,18254.83709712652,17621.433791462805,-633.4033056637163,31739.018503034953,33811.26899519177,2072.250492156818,0.07852634294692266,-0.01259324164832265,-0.09111958459524531
A,60.0,5.0,3.6911028693561128,0.5833333333333333,18203.105186500725,17521.402563940377,-681.7026225603477,31780.7851273618,34070.50146049358,2289.716333131779,0.07850915081327312,-0.012600968908881363,-0.09111011972215448
A,70.0,5.0,3.6849618728908604,0.5805555555555555,18147.418324268387,17425.79236550413,-721.6259587642562,31823.407136659174,34310.58371103466,2487.1765743754877,0.07849432908652566,-0.012608887978646965,-0.09110321706517263
A,80.0,5.0,3.679144776412343,0.5777777777777777,18088.136762800674,17333.4821662004,-754.6545966002741,31866.85178179748,34535.88355443291,2669.0317726354333,0.07848150945912569,-0.0126169902620508,-0.09109849972117648
A,90.0,5.0,3.6736038450443145,0.575,18025.684125166135,17243.719459081476,-781.9646660846593,31911.094461425393,34749.33731587782,2838.2428544524264,0.07847044539404283,-0.012625269152575466,-0.09109571454661829
A,100.0,5.0,3.668307566795551,0.5722222222222222,17960.49384890901,17155.966938679823,-804.5269102291859,31956.116734005715,34952.999565427875,2996.882831422161,0.07846096312221862,-0.012633718097490634,-0.09109468121970925
A,110.0,5.0,3.6632338077384676,0.5694444444444444,17892.97912789073,17069.82823200965,-823.1508958810773,32001.90497159886,35148.37923392621,3146.4742623273487,0.07845293629010514,-0.012642331054057687,-0.09109526734416282
A,120.0,5.0,3.6583650848721474,0.5666666666666667,17823.50909465996,16984.991599873232,-838.5174947867272,32048.449266793607,35336.66487106272,3288.215604269113,0.07844626993718319,-0.012651104468986624,-0.09109737440616981
A,130.0,5.0,3.653687182880285,0.5638888888888889,17752.402776604104,16901.208483082766,-851.1942935213374,32095.742871431932,35518.80711909614,3423.0642476642097,0.07844089214277337,-0.012660036300620818,-0.0911009284433942
A,140.0,5.0,3.6491884878545795,0.5611111111111111,17679.933064574576,16818.282135884787,-861.650928689789,32143.781838153624,35695.565204325554,3551.7833661719305,0.0784367483801895,-0.012669124823137154,-0.09110587320332666
A,150.0,5.0,3.644858954059248,0.5583333333333333,17606.33342156242,16736.053605330184,-870.279816232236,32192.56460205817,35867.56249828683,3674.9978962286623,0.07843379703162784,-0.012678368895839379,-0.09111216592746722
A,160.0,5.0,3.6406901654598127,0.5555555555555555,17531.798377562012,16654.399239953324,-877.3991376086888,32242.091864839913,36035.2954738289,3793.2036089889843,0.078432006430176,-0.012687766541529765,-0.09111977297170577
A,170.0,5.0,3.6366746008292843,0.5527777777777777,17456.488447386546,16573.22100887716,-883.2674385093851,32292.36626671818,36199.17163050061,3906.8053637824305,0.07843135221467466,-0.012697315503781142,-0.0911286677184558
A,180.0,5.0,3.63280442365903,0.5499999999999999,17380.540535197426,16492.431228529076,-888.1093066683497,32343.39164147341,36359.56722084047,4016.1755793670636,0.07843181563474155,-0.01270701562735902,-0.09113883126210057
A,190.0,5.0,3.6290728207422633,0.5472222222222222,17304.064531187607,16411.96442623227,-892.1001049553379,32395.173253955123,36516.779750622,4121.606496666878,0.07843338244694194,-0.012716865347814644,-0.09115024779475658
A,200.0,5.0,3.625472374264575,0.5444444444444444,17227.15676198382,16331.75777734622,-895.3989846376007,32447.716853858565,36671.10220079799,4223.385346939427,0.07843604212070462,-0.01272686562190843,-0.09116290774261306
A,210.0,5.0,3.621997065587779,0.5416666666666666,17149.884655919013,16251.772201654981,-898.1124542640318,32501.029699995328,36822.74327770561,4321.713577710281,0.07843978648982848,-0.01273701437467358,-0.09117680086450206
A,220.0,5.0,3.61863961759195,0.5388888888888889,17072.322490719955,16171.958883695552,-900.3636070244029,32555.11782823886,36971.94697935025,4416.829151111389,0.07844461036118043,-0.012747313924493579,-0.091191924285674
A,230.0,5.0,3.6153950277508016,0.5361111111111111,16994.505941521205,16092.301790285317,-902.2041512358883,32609.989561019454,37118.84086745848,4508.8513064390245,0.07845050872474862,-0.012757760354770905,-0.09120826907951952
A,240.0,5.0,3.612256321093574,0.5333333333333333,16916.488998810964,16012.763314036583,-903.7256847743811,32665.650581276153,37263.62917891205,4597.978597635898,0.07845747964814412,-0.012768356599346251,-0.09122583624749037
A,250.0,5.0,3.6092183077059805,0.5305555555555556,16838.300030612954,15933.330494552687,-904.9695360602673,32722.107899934497,37406.42648346212,4684.318583527624,0.07846552074420564,-0.012779100517582078,-0.09124462126178771
A,260.0,5.0,3.6062752736353403,0.5277777777777777,16759.9685926011,15853.985101399288,-905.9834912018123,32779.36706943219,37547.36539007795,4767.998320645762,0.07847463113128149,-0.012789992384203166,-0.09126462351548466
A,270.0,5.0,3.6034215055347003,0.5249999999999999,16681.522137764674,15774.709024200716,-906.8131135639578,32837.432528063655,37686.576162780904,4849.143634717249,0.07848481106096865,-0.012801033417841808,-0.09128584447881045
A,280.0,5.0,3.600651666511342,0.5222222222222221,16602.983510356782,15695.488556171724,-907.4949541850583,32896.30790603115,37824.17066245011,4927.862756418959,0.0784960612722296,-0.012812224418625043,-0.09130828569085465
A,290.0,5.0,3.5979608330640276,0.5194444444444444,16524.366758824992,15616.315127445265,-908.051631379727,32955.99610102908,37960.24128390147,5004.245182872393,0.07850838257345266,-0.012823565479679501,-0.09133194805313216
A,300.0,5.0,3.595343885699313,0.5166666666666666,16445.69142479546,15537.175487374483,-908.5159374209761,33016.49807681497,38094.89314974779,5078.395072932821,0.07852177722234947,-0.01283505856175391,-0.09135683578410339
A,310.0,5.0,3.5927964712104847,0.5138888888888888,16366.965008999085,15458.066207698494,-908.898801300591,33077.81486532472,38228.19584373012,5150.380978405403,0.07853624649525243,-0.012846703347976121,-0.09138294984322855
A,320.0,5.0,3.5903141680753925,0.5111111111111111,16288.198420466171,15378.980491187313,-909.2179292788587,33139.94540508406,38360.22677502086,5220.281369936805,0.07855179270147784,-0.012858500800318754,-0.0914102935017966
A,330.0,5.0,3.5878928662998644,0.5083333333333333,16209.398517190211,15299.914367231637,-909.4841499585746,33202.888119914554,38491.05214814283,5288.164028228275,0.07856841807023092,-0.012870451475731813,-0.09143886954596273
A,340.0,5.0,3.5855287077343676,0.5055555555555555,16130.570260380031,15220.86539538652,-909.7048649935114,33266.64032295572,38620.73020944294,5354.0898864872215,0.07858612485814867,-0.012882555716989944,-0.09146868057513861
A,350.0,5.0,3.5832179874474672,0.5027777777777778,16051.718078815402,15141.831101987458,-909.8869768279437,33331.19820315513,38749.316866146386,5418.118662991255,0.07860491562833168,-0.012894814111937004,-0.09149972974026868
A,360.0,5.0,3.580957071013199,0.49999999999999994,15972.84666399683,15062.807775348652,-910.0388886481778,33396.557091540875,38876.870747478024,5480.313655937149,0.07862479356569388,-0.012907227965715836,-0.09153202153140971
A,370.0,5.0,3.5787426883610287,0.4972222222222222,15893.95851406586,14983.79479836579,-910.1637157000696,33462.71111925184,39003.43652440658,5540.725405154735,0.07864576138478724,-0.012919797653145777,-0.09156555903793301
A,380.0,5.0,3.5765717120453697,0.4944444444444444,15815.056261437898,14904.791404266807,-910.2648571710906,33529.65340968188,39129.05718422615,5599.403774544269,0.07866782204597471,-0.012932523734439993,-0.0916003457804147
A,390.0,5.0,3.574441019586429,0.49166666666666664,15736.141616633966,14825.794784232337,-910.3468324016285,33597.37694799926,39253.78224638019,5656.405298380931,0.07869097933529748,-0.01294540779466178,-0.09163638712995925
A,400.0,5.0,3.5723477744215497,0.4888888888888889,15657.216924808114,14746.804037028796,-910.4128877793173,33665.87316359148,39377.65105707573,5711.77789348425,0.07871523676832162,-0.01295845073294864,-0.09167368750127027
A,410.0,5.0,3.5702892875984684,0.4861111111111111,15578.28486261318,14667.818321899593,-910.4665407135872,33735.13256017011,39500.700498153594,5765.567937983484,0.07874059806524607,-0.012971653495849358,-0.09171225156109543
A,420.0,5.0,3.56826298907241,0.48333333333333334,15499.347499129693,14588.836676201512,-910.5108229281814,33805.14516971745,39622.96644373876,5817.821274021313,0.07876706721110739,-0.012985017213604103,-0.0917520844247115
A,430.0,5.0,3.566266427814697,0.48055555555555557,15420.402667985056,14509.85869945905,-910.5439685260062,33875.90174482945,39744.48349292528,5868.581748095836,0.07879464822282496,-0.012998543160516981,-0.09179319138334194
A,440.0,5.0,3.5642972804652064,0.4777777777777778,15341.454045807108,14430.883199194917,-910.5708466121905,33947.390615519784,39865.283968493924,5917.893352974141,0.07882334561338737,-0.013012232628392772,-0.09183557824178014
A,450.0,5.0,3.5623533259845406,0.47500000000000003,15262.503792759575,14351.90909964531,-910.5946931142644,34019.60014128383,39985.399171594916,5965.7990303110855,0.07885316410080984,-0.013026087050487313,-0.09187925115129715
A,460.0,5.0,3.5604324893422583,0.47222222222222227,15183.55125890602,14272.936462533611,-910.6147963724088,34092.51891960231,40104.856199072456,6012.337279470143,0.07888410819528792,-0.013040107615465603,-0.09192421581075352
A,470.0,5.0,3.5585327882992552,0.4694444444444445,15104.59584972054,14193.965339585226,-910.6305101353137,34166.13519822212,40223.68083787026,6057.545639648146,0.07891618259471916,-0.013054295574418333,-0.0919704781691375
A,480.0,5.0,3.5566522897484996,0.46666666666666673,15025.63939207278,14114.9948239927,-910.6445680800807,34240.436403382686,40341.899979230264,6101.463575847578,0.07894939259343521,-0.013068652524328551,-0.09201804511776376
A,490.0,5.0,3.5547891555849405,0.46388888888888896,14946.68257227037,14036.02446563687,-910.6581066335002,34315.410039283495,40459.53831650115,6144.128277217656,0.07898374352813609,-0.013083180009506885,-0.09206692353764297
A,500.0,5.0,3.552941677519302,0.4611111111111112,14867.724392815964,13957.054855417862,-910.669537398102,34391.04325965805,40576.61558303505,6185.572323376997,0.07901924048090106,-0.013097879150867502,-0.09211711963176857
A,510.0,5.0,3.5511081537150573,0.4583333333333334,14788.765406255185,13878.085632888624,-910.6797733665608,34467.32337364124,40693.15424070626,6225.830867065022,0.07905588914526687,-0.01311275158528641,-0.09216864073055328
A,520.0,5.0,3.549286961390475,0.45555555555555566,14709.80549575662,13799.116857262212,-910.6886384944082,34544.237605282964,40809.17434910584,6264.936743822873,0.07909369523202887,-0.013127798824475588,-0.09222149405650445
A,530.0,5.0,3.547476530473121,0.4527777777777779,14630.844671584104,13720.148533198171,-910.6961383859325,34621.77290169312,40924.694896459245,6302.921994766126,0.07913266467892115,-0.013143022408316182,-0.09227568708723732
A,540.0,5.0,3.545675336714603,0.4500000000000001,14551.88327230709,13641.180500390445,-910.7027719166454,34699.9157413614,41039.733872014374,6339.818130652973,0.07917280371457275,-0.013158423904940104,-0.09233122761951285
A,550.0,5.0,3.54388189346739,0.44722222222222235,14472.921070679784,13562.212933251789,-910.7081374279951,34778.653395638496,41154.308527917405,6375.655132278909,0.07921411860878838,-0.013174004937658601,-0.09238812354644699
A,560.0,5.0,3.5420947462445875,0.4444444444444446,14393.958078368192,13483.245894344484,-910.7121840237087,34857.97293637819,41268.435347194776,6410.462410816588,0.07925661589448817,-0.013189767174286745,-0.09244638306877491
A,570.0,5.0,3.5403124658490945,0.4416666666666668,14314.99441086692,13404.279298642015,-910.7151122249052,34937.86115558994,41382.13016881673,6444.269013226789,0.0793003023994342,-0.013205712338246262,-0.09250601473768046
A,580.0,5.0,3.538533642201993,0.43888888888888905,14236.030260520729,13325.313039873847,-910.7172206468822,35018.30500244578,41495.40830491706,6477.1033024712815,0.07934518518813344,-0.013221842220133867,-0.0925670274082673
A,590.0,5.0,3.5367568783190606,0.4361111111111113,14157.06592733039,13246.346957633301,-910.718969697089,35099.291565967535,41608.28464181088,6508.9930758433475,0.07939127158664179,-0.013238158688443922,-0.09262943027508572
A,600.0,5.0,3.534981428544584,0.4333333333333335,14078.101467652774,13167.38079565748,-910.7206719952937,35180.87189757389,41720.7274530348,6539.855555460912,0.07943856921593725,-0.013254656859460017,-0.09269322607539728
A,600.0000000000001,0.0,3.627674654619981,0.4333333333333335,14078.101467652774,13167.38079565748,-910.7206719952937,35180.87189757389,41720.7274530348,6539.855555460912,0.0,0.0,0.0
A,610.0,0.0,3.6374461412617243,0.4333333333333335,14030.18610810267,13407.80457317601,-622.3815349266588,35226.775694515716,41053.78113342787,5827.005438912151,0.0,0.0,0.0
A,620.0,0.0,3.6431091667153863,0.4333333333333335,13986.8185896746,13489.017244246508,-497.80134542809174,35271.67070032685,40668.45670642769,5396.78600610084,0.0,0.0,0.0
A,630.0,0.0,3.6471570623794665,0.4333333333333335,13947.333425104644,13539.856824489509,-407.4766006151349,35315.84870016969,40397.49800836791,5081.649308198219,0.0,0.0,0.0
A,640.0,0.0,3.65035742466422,0.4333333333333335,13911.803219513438,13575.949913302009,-335.8533062114293,35359.45204749802,40186.3325412339,4826.88049373588,0.0,0.0,0.0
A,650.0,0.0,3.653031053588047,0.4333333333333335,13880.413159892356,13603.089524203291,-277.32363568906476,35402.56188280585,40012.165934716584,4609.604051910734,0.0,0.0,0.0
A,660.0,0.0,3.655342017987399,0.4333333333333335,13853.180003602227,13624.15423807563,-229.02576552659775,35445.22880214833,39863.36266424924,4418.133862100905,0.0,0.0,0.0
A,670.0,0.0,3.657382309867102,0.4333333333333335,13829.901375089801,13640.801558440979,-189.09981664882253,35487.48512838747,39733.38545969767,4245.9003313102,0.0,0.0,0.0
A,680.0,0.0,3.6592130942977072,0.4333333333333335,13810.217957106966,13654.145231932049,-156.07272517491765,35529.352144881836,39617.91043939409,4088.5582945122515,0.0,0.0,0.0
A,690.0,0.0,3.660875940740324,0.4333333333333335,13793.704638627896,13664.940244712565,-128.7643939153313,35570.843251571176,39514.002279819266,3943.15902824809,0.0,0.0,0.0
A,700.0,0.0,3.6623999910187615,0.4333333333333335,13779.929099302675,13673.726666379132,-106.2024329235428,35611.96595584648,39419.60139506683,3807.6354392203502,0.0,0.0,0.0
A,710.0,0.0,3.6638064318440393,0.4333333333333335,13768.478833159597,13680.901310641662,-87.577522517935,35652.72312808844,39333.20723491858,3680.4841068301394,0.0,0.0,0.0
A,720.0,0.0,3.665111834334792,0.4333333333333335,13758.983874006217,13686.773336788037,-72.21053721817952,35693.114084432105,39253.65033436205,3560.5362499299445,0.0,0.0,0.0
A,730.0,0.0,3.666329612994563,0.4333333333333335,13751.124905767461,13691.590885747082,-59.5340200203791,35733.13522511315,39179.98956788387,3446.8543427707264,0.0,0.0,0.0
A,740.0,0.0,3.6674704946763894,0.4333333333333335,13744.629551782698,13695.55071950515,-49.07883227754792,35772.78036856405,39111.47365903916,3338.6932904751156,0.0,0.0,0.0
A,750.0,0.0,3.668543397589503,0.4333333333333335,13739.263766990047,13698.813225310587,-40.45054167946,35812.04122361417,39047.48123856015,3235.440014945976,0.0,0.0,0.0
A,760.0,0.0,3.6695551675228995,0.4333333333333335,13734.834296273231,13701.50018261064,-33.334113662591335,35850.9073343161,38987.530467074386,3136.6231327582864,0.0,0.0,0.0
A,770.0,0.0,3.670511821315461,0.4333333333333335,13731.17812223129,13703.714552310481,-27.463569920808368,35889.366770442495,38931.201729369335,3041.83495892684,0.0,0.0,0.0
A,780.0,0.0,3.67141836215659,0.4333333333333335,13728.160587806506,13705.538940794719,-22.62164701178699,35927.40629316996,38878.14561015484,2950.73931698488,0.0,0.0,0.0
A,790.0,0.0,3.672278972649143,0.4333333333333335,13725.67286654717,13707.03916088989,-18.63370565727928,35965.011523618356,38828.069192585164,2863.0576689668087,0.0,0.0,0.0
A,800.0,0.0,3.6730980186687137,0.4333333333333335,13723.614868312008,13708.280641032154,-15.334227279854531,36002.16817235588,38780.67714414119,2778.5089717853116,0.0,0.0,0.0
A,810.0,0.0,3.673878177711714,0.4333333333333335,13721.92268935568,13709.29959928092,-12.623090074761421,36038.86008362133,38735.77680257265,2696.9167189513173,0.0,0.0,0.0
A,820.0,0.0,3.6746231977336454,0.4333333333333335,13720.518645945074,13710.147640975649,-10.371004969425485,36075.07313236233,38693.12062999664,2618.0474976343103,0.0,0.0,0.0
A,830.0,0.0,3.6753348749332573,0.4333333333333335,13719.364736090065,13710.843789640745,-8.520946449320036,36110.7910156241,38652.57574711777,2541.7847314936735,0.0,0.0,0.0
A,840.0,0.0,3.6760155230711566,0.4333333333333335,13718.417987074485,13711.414360044877,-7.003627029607742,36145.99906240669,38613.983962062855,2467.984899656163,0.0,0.0,0.0
A,850.0,0.0,3.6766674067250937,0.4333333333333335,13717.639020277938,13711.88416903599,-5.754851241948927,36180.68354960872,38577.19351443924,2396.5099648305186,0.0,0.0,0.0
A,860.0,0.0,3.677291991881402,0.4333333333333335,13717.003464092986,13712.265133632032,-4.7383304609538754,36214.83075754398,38542.099952916025,2327.2691953720423,0.0,0.0,0.0
A,870.0,0.0,3.677891235305811,0.4333333333333335,13716.48408322532,13712.576256651,-3.907826574319188,36248.42891579714,38508.574376733406,2260.1454609362627,0.0,0.0,0.0
A,880.0,0.0,3.6784667708564087,0.4333333333333335,13716.056686317033,13712.831822424554,-3.224863892479334,36281.467294367416,38476.508243212484,2195.0409488450678,0.0,0.0,0.0
A,890.0,0.0,3.679019927120712,0.4333333333333335,13715.706412158712,13713.040980596106,-2.6654315626055904,36313.93598365223,38445.81181323206,2131.8758295798325,0.0,0.0,0.0
A,900.0,0.0,3.6795521932344295,0.4333333333333335,13715.415260689002,13713.21577412198,-2.199486567022177,36345.82702573917,38416.388548035975,2070.5615222968045,0.0,0.0,0.0
A,900.0000000000001,-2.5,3.735302872462133,0.4333333333333335,13715.415260689002,13713.21577412198,-2.199486567022177,36345.82702573917,38416.388548035975,2070.5615222968045,-0.04926869478799695,0.006481984439706653,0.0557506792277036
A,910.0,-2.5,3.743199898569464,0.4347222222222224,13730.69904407435,13873.010886335018,142.31184226066762,36359.06906198712,37998.6675841019,1639.5985221147857,-0.049205224604592326,0.006463165655903581,0.05566839026049591
A,920.0,-2.5,3.748631910080215,0.4361111111111113,13748.298903758867,13953.227180052952,204.92827629408566,36370.96364696962,37723.06041951049,1352.09677254087,-0.04917483310142657,0.006451478963964462,0.05562631206539103
A,930.0,-2.5,3.7530625545574785,0.43750000000000017,13767.874088360924,14018.296564985827,250.42247662490263,36381.658152104785,37505.709880604336,1124.0517284995512,-0.04915089695858156,0.006442664730078181,0.05559356168865974
A,940.0,-2.5,3.7569617697156383,0.43888888888888905,13789.45554465334,14075.902839246564,286.4472945932248,36391.22606945713,37319.64812101992,928.4220515627894,-0.04913023938537425,0.006435397656886182,0.05556563704226043
A,950.0,-2.5,3.7605339063662164,0.44027777777777793,13813.13253747956,14129.003733026295,315.8711955467352,36399.71198166555,37153.218181140524,753.5061994749776,-0.04911163925264141,0.006429112713859976,0.05554075196650139
A,960.0,-2.5,3.7638821541084435,0.4416666666666668,13838.908067407348,14179.07747112623,340.16940371888086,36407.146212148196,37000.49401705396,593.3478049057667,-0.04909448637784546,0.006423522759572924,0.05551800913741839
A,970.0,-2.5,3.7670618209320037,0.4430555555555557,13866.6764802141,14226.927970361023,360.25149014692215,36413.55085591882,36858.20437468423,444.65351876541536,-0.04907844485419386,0.006418466360013355,0.05549691121420722
A,980.0,-2.5,3.770109804459326,0.4444444444444446,13896.255237701862,14273.115322093576,376.8600843917138,36418.943424786776,36724.1526053564,305.20918056962546,-0.049063284123040785,0.0064138355984353,0.055477119721476086
A,990.0,-2.5,3.7730517457093713,0.44583333333333347,13927.430270728777,14318.027646764665,390.5973760358884,36423.33851552243,36596.79375845832,173.45524293588824,-0.049048845529562825,0.006409554730958247,0.05545840026052107
A,1000.0,-2.5,3.7759044896314107,0.44722222222222235,13959.983134527167,14361.930913279644,401.94777875247746,36426.74852015687,36475.066152765314,48.31763260844309,-0.049035019895878905,0.006405570609760514,0.05544059050563942
A,1010.0,-2.5,3.778679858072272,0.44861111111111124,13993.70551491035,14405.021992960397,411.3164780500465,36429.184254379994,36358.19077753103,-70.99347684896202,-0.04902172672028999,0.006401843604445666,0.05542357032473565
A,1020.0,-2.5,3.7813870521715214,0.4500000000000001,14028.411122404937,14447.457018328369,419.0458959234311,36430.655451348066,36245.54806355267,-185.1073877953968,-0.049008903136178096,0.006398342246222443,0.055407245382400536
A,1030.0,-2.5,3.784033499844697,0.451388888888889,14063.939499827258,14489.361648890952,425.4221490636937,36431.17101285678,36136.62982036501,-294.54119249177165,-0.048996499406019176,0.0063950408892903664,0.055391540295309544
A,1040.0,-2.5,3.7866250767527285,0.4527777777777779,14100.153260908372,14530.83608033109,430.68281942271824,36430.739120298924,36031.02127581202,-399.71784448690596,-0.04898447639782817,0.006391918572002029,0.0553763949698302
A,1050.0,-2.5,3.7891662073243007,0.4541666666666668,14136.936229444265,14571.958353192156,435.0221237478909,36429.36727797907,35928.3901013602,-500.97717661887145,-0.04897280378316608,0.006388958223032145,0.05536176200619823
A,1060.0,-2.5,3.791660651134396,0.45555555555555566,14174.1889935457,14612.794181292451,438.60518774675074,36427.06250035363,35828.449531704784,-598.6129686488493,-0.048961456603858464,0.006386145242863844,0.05534760184672231
A,1070.0,-2.5,3.7941107733810586,0.45694444444444454,14211.832700409708,14653.38963601403,441.55693560432155,36423.83120205962,35730.98404933522,-692.8471527244037,-0.04895041682813676,0.00638346796864522,0.055333884796781974
A,1080.0,-2.5,3.7965191178440616,0.4583333333333334,14249.798554079976,14693.788840002677,443.9902859227004,36419.6795862258,35635.78367997882,-783.8959062469803,-0.04893966808486991,0.006380915639841621,0.055320583724711526
A,1090.0,-2.5,3.798887907712264,0.4597222222222223,14288.027373824481,14734.029014419963,446.00164059548115,36414.613740556924,35542.662435886086,-871.951304670838,-0.04892919685993867,0.006378478813422141,0.05530767567336081
A,1100.0,-2.5,3.801218734419475,0.4611111111111112,14326.47399810446,14774.13767188886,447.6636737844001,36408.63940526343,35451.46891395016,-957.1704913132708,-0.048918992984953835,0.006376149518225938,0.055295142503179774
A,1110.0,-2.5,3.80351273224905,0.4625000000000001,14365.103386176925,14814.135087261082,449.03170108415725,36401.76219950333,35362.077938138624,-1039.6842613647095,-0.04890904873744277,0.006373920912920711,0.05528296965036348
A,1120.0,-2.5,3.8057718294428624,0.46388888888888896,14403.87615484148,14854.04804889927,450.17189405779027,36393.98836986891,35274.34084530505,-1119.6475245638576,-0.04889935532443825,0.00637178598925799,0.055271141313696245
A,1130.0,-2.5,3.8079960037517164,0.46527777777777785,14442.778076977493,14893.880666391353,451.1025894138602,36385.3232866421,35188.19155208229,-1197.1317345598145,-0.04888990990215667,0.006369740109366484,0.05525965001152316
A,1140.0,-2.5,3.8101868400756995,0.46666666666666673,14481.781149814424,14933.652950746351,451.8718009319273,36375.773598041196,35103.507451105965,-1272.2661469352315,-0.0488807061049918,0.0063677775670943826,0.055248483672086186
A,1150.0,-2.5,3.812344888793928,0.4680555555555556,14520.870487258613,14973.372636592723,452.5021493341101,36365.345717848235,35020.21156084547,-1345.1341570027653,-0.04887174077656432,0.006365894017378553,0.05523763479394287
A,1160.0,-2.5,3.8144706084500823,0.4694444444444445,14560.034358519368,15013.045483031081,453.0111245117132,36354.04645199613,34938.2353719152,-1415.81108008093,-0.04886301138042642,0.006364085527408178,0.055227096907834596
A,1170.0,-2.5,3.8165650894613017,0.4708333333333334,14599.257273607785,15052.683016918676,453.42574331089054,36341.88348956601,34857.49053596894,-1484.3929535970747,-0.048854514304673496,0.006362347943150004,0.0552168622478235
A,1180.0,-2.5,3.8186290203715103,0.47222222222222227,14638.52763162267,15092.292035279825,453.7644036571546,36328.8648428251,34777.90843355274,-1550.9564092723667,-0.0488462471850621,0.006360677753965624,0.05520692493902772
A,1190.0,-2.5,3.8206630843018567,0.47361111111111115,14677.836179654749,15131.878495815694,454.0423161609451,36314.99903563403,34699.424497602864,-1615.5745380311637,-0.04883820799097971,0.006359071715734043,0.05519727970671375
A,1200.0,-2.5,3.8226679890202035,0.47500000000000003,14717.174223501297,15171.448161465709,454.27393796441174,36300.29521925006,34621.97674223884,-1678.3184770112202,-0.04883039487543134,0.006357526804851409,0.05518792168028275
A,1200.0000000000002,0.0,3.767480067339921,0.47500000000000003,14717.174223501297,15171.448161465709,454.27393796441174,36300.29521925006,34621.97674223884,-1678.3184770112202,0.0,0.0,0.0
A,1210.0,0.0,3.7593424949359537,0.47500000000000003,14741.012153904923,15051.352882464587,310.34072855966406,36302.82704445955,34935.0219274609,-1367.8051169986502,0.0,0.0,0.0
A,1220.0,0.0,3.754855195958724,0.47500000000000003,14762.597560309394,15010.798032584546,248.2004722751517,36305.2971674009,35108.03469006401,-1197.2624773368952,0.0,0.0,0.0
A,1230.0,0.0,3.7518391813215803,0.47500000000000003,14782.259233366232,14985.401259768929,203.1420264026965,36307.563882093025,35224.62977223521,-1082.9341098578152,0.0,0.0,0.0
A,1240.0,0.0,3.749585340733518,0.47500000000000003,14799.958130071289,14967.382939103307,167.42480903201795,36309.560886404724,35312.01402827583,-997.5468581288951,0.0,0.0,0.0
A,1250.0,0.0,3.7477967073645004,0.47500000000000003,14815.598604110743,14953.837561101496,138.23895699075365,36311.25297946045,35381.55996976164,-929.6930096988071,0.0,0.0,0.0
A,1260.0,0.0,3.746324385136684,0.47500000000000003,14829.168557713487,14943.347385848134,114.17882813464712,36312.62088097127,35438.963092725025,-873.6577882462443,0.0,0.0,0.0
A,1270.0,0.0,3.7450791848479024,0.47500000000000003,14840.768842204523,14935.037648057634,94.26880585311119,36313.65441476849,35487.63543273307,-826.0189820354208,0.0,0.0,0.0
A,1280.0,0.0,3.7440075131664443,0.47500000000000003,14850.578234840592,14928.376796145021,77.79856130442931,36314.34985716124,35529.625339178514,-784.7245179827296,0.0,0.0,0.0
A,1290.0,0.0,3.743071746817553,0.47500000000000003,14858.806150075878,14922.988393050333,64.18224297445522,36314.70759807197,35566.37241000414,-748.3351880678238,0.0,0.0,0.0
A,1300.0,0.0,3.742245735409318,0.47500000000000003,14865.671136064804,14918.604678809581,52.93354274477679,36314.731415836504,35598.877373370786,-715.8540424657185,0.0,0.0,0.0
A,1310.0,0.0,3.7415107954989666,0.47500000000000003,14871.380990850483,14915.029965393409,43.648974542926226,36314.427743857916,35627.85509576799,-686.5726480899248,0.0,0.0,0.0
A,1320.0,0.0,3.7408521739816583,0.47500000000000003,14876.1184133948,14912.109642476014,35.99122908121353,36313.80497997609,35653.871125818565,-659.9338541575271,0.0,0.0,0.0
A,1330.0,0.0,3.740257665524969,0.47500000000000003,14880.039776771731,14909.716009390653,29.67623261892186,36312.8731579891,35677.39467216703,-635.4784858220737,0.0,0.0,0.0
A,1340.0,0.0,3.739717541835438,0.47500000000000003,14883.279112251079,14907.74663311883,24.467520867750864,36311.6438185664,35698.80031690256,-612.8435016638396,0.0,0.0,0.0
A,1350.0,0.0,3.7392243184961695,0.47500000000000003,14885.95169561239,14906.122628473167,20.17093286077761,36310.12986258387,35718.37632374696,-591.753538836907,0.0,0.0,0.0
A,1360.0,0.0,3.7387722260987077,0.47500000000000003,14888.156129471583,14904.783736027946,16.62760655636339,36308.34535467093,35736.34484480205,-572.000509868878,0.0,0.0,0.0
A,1370.0,0.0,3.7383563731214027,0.47500000000000003,14889.973762405647,14903.679879072235,13.70611666658806,36306.30524143207,35752.894592078555,-553.4106493535146,0.0,0.0,0.0
A,1380.0,0.0,3.737972836203178,0.47500000000000003,14891.473677073362,14902.77238592075,11.298708847389207,36304.02526369433,35768.17695479248,-535.8483089018555,0.0,0.0,0.0
A,1390.0,0.0,3.7376178415413883,0.47500000000000003,14892.709245821325,14902.024438511822,9.315192690497497,36301.52157387392,35782.33823912252,-519.1833347514039,0.0,0.0,0.0
A,1400.0,0.0,3.737288533851923,0.47500000000000003,14893.729203863675,14901.410140540427,7.680936676752026,36298.81086168323,35795.488987263736,-503.32187441949645,0.0,0.0,0.0
A,1410.0,0.0,3.73698214224255,0.47500000000000003,14894.569034269525,14900.904382469245,6.3353481997201015,36295.9098483373,35807.73694506286,-488.1729032744406,0.0,0.0,0.0
A,1420.0,0.0,3.7366963817715084,0.47500000000000003,14895.26252175452,14900.487986799382,5.2254650448630855,36292.835397679366,35819.17101175807,-473.6643859212927,0.0,0.0,0.0
A,1430.0,0.0,3.7364292598523776,0.47500000000000003,14895.833807240826,14900.144942246732,4.311135005906181,36289.6041653533,35829.86882940188,-459.7353359514236,0.0,0.0,0.0
A,1440.0,0.0,3.7361789797300293,0.47500000000000003,14896.30569502397,14899.861511083009,3.555816059038989,36286.23254368037,35839.900561584844,-446.3319820955294,0.0,0.0,0.0
A,1450.0,0.0,3.7359440768794077,0.47500000000000003,14896.694738064398,14899.627587934601,2.9328498702034267,36282.736560724916,35849.32338779354,-433.413172931374,0.0,0.0,0.0
A,1460.0,0.0,3.735723204072187,0.47500000000000003,14897.016006299886,14899.434229931803,2.418223631917499,36279.13168181751,35858.19002411082,-420.9416577066877,0.0,0.0,0.0
A,1470.0,0.0,3.735515218973622,0.47500000000000003,14897.28086361534,14899.274667462649,1.9938038473082997,36275.432874630125,35866.54518819334,-408.88768643678486,0.0,0.0,0.0
A,1480.0,0.0,3.735319090917777,0.47500000000000003,14897.499070687623,14899.143200938788,1.6441302511648246,36271.65443101574,35874.42928826623,-397.2251427495139,0.0,0.0,0.0
A,1490.0,0.0,3.735133889073673,0.47500000000000003,14897.678284388163,14899.035130308612,1.3568459204489045,36267.81002007,35881.87887297317,-385.9311470968314,0.0,0.0,0.0
A,1500.0,0.0,3.73495874779402,0.47500000000000003,14897.826305651624,14898.94600550707,1.1196998554460151,36263.91229604008,35888.92799130631,-374.98430473377084,0.0,0.0,0.0
A,1500.0000000000002,2.5,3.679682183394505,0.47500000000000003,14897.826305651624,14898.94600550707,1.1196998554460151,36263.91229604008,35888.92799130631,-374.98430473377084,0.04888872510634502,-0.006387839293169795,-0.05527656439951481
A,1510.0,2.5,3.669880281214413,0.47361111111111115,14882.424073943155,14739.2223076858,-143.2017662573544,36278.037459053245,36285.109721398214,7.072262344969204,0.04892786254878391,-0.006399561858474411,-0.055327424407258324
A,1520.0,2.5,3.6637839231756697,0.47222222222222227,14864.726643978935,14659.064629050281,-205.66201492865366,36292.88942728519,36539.97300515694,247.0835778717519,0.04894889261941247,-0.006407681963098117,-0.05535657458251059
A,1530.0,2.5,3.6591794312547026,0.4708333333333334,14845.070312825666,14594.086064055457,-250.9842487702099,36308.32673520962,36737.19994781555,428.8732126059258,0.0489666249247736,-0.006414280672774848,-0.05538090559754845
A,1540.0,2.5,3.655364062548822,0.4694444444444445,14823.42224864517,14536.502956364933,-286.91929228023764,36324.28190123672,36904.06286819648,579.7809669597627,0.0489828531713264,-0.0064200800757717325,-0.05540293324709813
A,1550.0,2.5,3.652044428320249,0.4680555555555556,14799.691869696728,14483.407608449987,-316.28426124674115,36340.7173663408,37051.99001445425,711.272648113445,0.04899824609836891,-0.006425388707732339,-0.055423634806101255
A,1560.0,2.5,3.6490723633801556,0.46666666666666673,14773.871301452746,14433.379133766994,-340.49216768575207,36357.61035195696,37186.73383634082,829.1234843838611,0.04901312802870281,-0.006430362110750854,-0.05544349013945366
A,1570.0,2.5,3.64635875978987,0.46527777777777785,14746.06488116254,14385.540731508265,-360.5241496542749,36374.94612139338,37311.75630189849,936.8101805051047,0.049027702594420096,-0.006435095057991392,-0.05546279765241149
A,1580.0,2.5,3.643848950074753,0.46388888888888896,14716.45417366285,14339.359337355116,-377.094836307735,36392.715379931156,37429.15259835531,1036.437218424151,0.0490420923546815,-0.006439643685489794,-0.055481736040171294
A,1590.0,2.5,3.6415042372058735,0.4625000000000001,14685.251057911626,14294.457240670603,-390.79381724102313,36410.912023869794,37540.405684606034,1129.4936607362397,0.04905638576042805,-0.0064440481622638655,-0.05550043392269191
A,1600.0,2.5,3.639297107196965,0.4611111111111112,14652.675879545384,14250.565073935135,-402.1108056102494,36429.532459682916,37646.55906879737,1217.0266091144513,0.049070646502887984,-0.006448336413548525,-0.05551898291643651
A,1610.0,2.5,3.6372074179402993,0.4597222222222223,14618.938134843851,14207.486547020982,-411.45158782286853,36448.57496017132,37748.364705751985,1299.789745580667,0.04908492128681455,-0.006452528072423979,-0.05553744935923853
A,1620.0,2.5,3.6352190625032796,0.4583333333333334,14584.221777031906,14165.066176441294,-419.15560059061136,36468.0390432265,37846.42455758447,1378.3855143579713,0.04909924821165955,-0.006456639086373208,-0.055555887298032756
A,1630.0,2.5,3.633318668097454,0.45694444444444454,14548.684183685491,14123.175406107117,-425.50877757837407,36487.925220903504,37941.24259725785,1453.3173763543455,0.04911366013481024,-0.006460683229170727,-0.05557434336398097
A,1640.0,2.5,3.631495403437094,0.45555555555555566,14512.460317094336,14081.711269730924,-430.7490473634116,36508.234940933246,38033.22521747647,1524.990276543227,0.04912818419782762,-0.00646467164785082,-0.05559285584567844
A,1650.0,2.5,3.629740650405738,0.4541666666666668,14475.6662883364,14040.594629595982,-435.07165874041857,36528.970501788885,38122.689889717585,1593.7193879287006,0.049142841599639164,-0.00646861282113133,-0.05561145442077049
A,1660.0,2.5,3.6280474627871575,0.4527777777777779,14438.401362895693,13999.764995599118,-438.63636729657446,36550.1349135374,38209.88656588167,1659.7516523442755,0.04915764871610661,-0.00647251316125601,-0.05563016187736262
A,1670.0,2.5,3.6264098244092313,0.451388888888889,14400.747216785297,13959.171686420455,-441.57553036484205,36571.73166999234,38295.0319027163,1723.3002327239592,0.04917261979055602,-0.006476378312281786,-0.055648998102837806
A,1680.0,2.5,3.624822737278551,0.4500000000000001,14362.77345793893,13918.776014779567,-443.9974431593637,36593.76473736725,38378.3016516446,1784.5369142773488,0.04918776579364974,-0.00648021265828513,-0.05566797845193487
A,1690.0,2.5,3.623281504707424,0.44861111111111124,14324.533773889003,13878.540864277038,-445.99290961196493,36616.238207205475,38459.866394455064,1843.6281872495892,0.04920309805226618,-0.006484020848751681,-0.05568711890101786
A,1700.0,2.5,3.6217823004502425,0.44722222222222235,14286.077136730164,13838.44013982804,-447.6369969021234,36639.15649074495,38539.85946861286,1900.7029778679134,0.04921862450942831,-0.0064878062366960495,-0.05570643074612436
A,1710.0,2.5,3.6203215215796556,0.44583333333333347,14247.439310873026,13798.448590263262,-448.99072060976323,36662.52383697696,38618.4101087357,1955.88627175874,0.04923435341923111,-0.006491572347067566,-0.05572592576629867
A,1720.0,2.5,3.618896059792751,0.4444444444444446,14208.654224206959,13758.546919040029,-450.10730516693,36686.34452151073,38695.62767774691,2009.2831562361825,0.04925029126359905,-0.006495322082622843,-0.05574561334622189
A,1730.0,2.5,3.617503140976452,0.4430555555555557,14169.746225116765,13718.719014510516,-451.02721060624935,36710.62248778654,38771.609228062094,2060.9867402755553,0.04926644370214531,-0.006499058028226648,-0.05576550173037195
A,1740.0,2.5,3.616140241386946,0.4416666666666668,14130.73820457102,13678.951089918952,-451.78711465206834,36735.36138255294,38846.44331256292,2111.081930009983,0.04928281583210329,-0.006502782597388133,-0.05578559842949142
A,1750.0,2.5,3.6148051675970336,0.44027777777777793,14091.646859214266,13639.232969571802,-452.4138896424647,36760.56442954457,38920.20469897291,2159.640269428346,0.049299411576706226,-0.006506497733259694,-0.05580590930996592
A,1760.0,2.5,3.61349589413014,0.43888888888888905,14052.487309302349,13599.555677885797,-452.9316314165517,36786.23431893859,38992.962817171916,2206.7284982333294,0.049316234604945774,-0.0065102052960595135,-0.05582643990100529
A,1770.0,2.5,3.612210613866733,0.43750000000000017,14013.271020833714,13559.912396769494,-453.35862406421984,36812.373245926705,39064.778370285494,2252.405124358789,0.049333287880903215,-0.006513906867978821,-0.055847194748882036
A,1780.0,2.5,3.6109476659013517,0.4361111111111113,13974.007636033366,13520.29744190512,-453.71019412824535,36838.98282518098,39135.70696779209,2296.724142611107,0.04935057404802415,-0.006517603915062323,-0.05586817796308647
A,1790.0,2.5,3.6097055204901065,0.4347222222222224,13934.704778674515,13480.706129016147,-453.99864965836787,36866.064099271185,39205.79961326029,2339.735513989108,0.04936809545453449,-0.006521297795769464,-0.055889393250303954
A,1800.0,2.5,3.60848274490166,0.4333333333333335,13895.370387629824,13441.133968544955,-454.23641908486934,36893.61720546952,39275.104322579966,2381.487117110446,0.049385854487151125,-0.006524989832263385,-0.05591084431941451
A,1810.0,2.5,3.607278061809253,0.43194444444444463,13856.008529877314,13401.57836554471,-454.43016433260345,36921.64205243409,39343.6624723836,2422.020419949513,0.04940385278704881,-0.006528681102404562,-0.05593253388945338
A,1820.0,2.5,3.6060902437919378,0.43055555555555575,13816.624109340617,13362.036342036872,-454.58776730374484,36950.137638765635,39411.51464438109,2461.3770056154535,0.04942209224911251,-0.00653237273901372,-0.05595446498812623
A,1830.0,2.5,3.604918083556976,0.42916666666666686,13777.223886062824,13322.503981807857,-454.71990425496733,36979.10192990976,39478.702218719736,2499.6002888099756,0.049440575295840616,-0.006536066014374335,-0.05597664131021495
A,1840.0,2.5,3.6037606170069005,0.427777777777778,13737.807684467969,13282.981237947164,-454.8264465208049,37008.533207211716,39545.25396936608,2536.720762154364,0.04945930261441793,-0.006539761593193065,-0.05599906420761099
A,1850.0,2.5,3.602616810706201,0.4263888888888891,13698.379803647393,13243.465532173763,-454.9142714736299,37038.42838596719,39611.20434246257,2572.7759564953813,0.04947827612876786,-0.006543460526721899,-0.056021736655489755
A,1860.0,2.5,3.60148568297216,0.4250000000000002,13658.944478999754,13203.954313491568,-454.9901655081867,37068.78372968309,39676.58619559954,2607.802465916451,0.0494974978270957,-0.006547163854489898,-0.056044661681585596
A,1870.0,2.5,3.6003664574579393,0.4236111111111113,13619.500343058502,13164.448378667692,-455.0519643908101,37099.59587446203,39741.42137982439,2641.825505362358,0.04951696811460795,-0.0065508720578990815,-0.05606784017250703
A,1880.0,2.5,3.599258278874101,0.42222222222222244,13580.050296149833,13124.945971734847,-455.10432441498597,37130.86011874392,39805.73764856999,2674.8775298260734,0.04953668867174191,-0.006554586010360395,-0.0560912746821023
A,1890.0,2.5,3.5981603789353773,0.42083333333333356,13540.595568289533,13085.44634792225,-455.1492203672824,37162.571545684164,39869.55859888043,2706.987053196266,0.04955666072250217,-0.006558306403935198,-0.05611496712643737
A,1900.0,2.5,3.5970720499785838,0.4194444444444447,13501.13631412124,13045.949419760544,-455.1868943606969,37194.72513132115,39932.90514798179,2738.180016660641,0.04957688518478463,-0.00656203382479163,-0.056138919009576266
A,1910.0,2.5,3.595992608443098,0.4180555555555558,13461.673213034272,13006.454801856618,-455.21841117765325,37227.31518997057,39995.797610487134,2768.482420516564,0.04959736314781018,-0.006565768869461377,-0.05616313201727156
A,1920.0,2.5,3.594921407271554,0.4166666666666669,13422.206624114007,12966.962300123181,-455.24432399082616,37260.33579714534,40058.25489341123,2797.9190962658904,0.049618095623508995,-0.0065695120944421915,-0.056187607717951185
A,1930.0,2.5,3.5938578143154856,0.415277777777778,13382.737206933487,12927.471487744184,-455.2657191893031,37293.780716611036,40120.29574389222,2826.5150272811807,0.04963908376725679,-0.006573264087914219,-0.05621234785517101
A,1940.0,2.5,3.592801235294213,0.41388888888888914,13343.265291990518,12887.982202901007,-455.2830890895111,37327.64347854827,40181.93726621553,2854.2937876672586,0.04966032861625665,-0.006577025378198251,-0.056237353994454904
A,1950.0,2.5,3.5917511072499604,0.41250000000000026,13303.791004864173,12848.494367648156,-455.2966372160172,37361.9173123745,40243.195234514504,2881.277922140005,0.04968183118031239,-0.006580796448453308,-0.0562626276287657
A,1960.0,2.5,3.5907069030074026,0.41111111111111137,13264.314109640172,12809.008096384985,-455.3060132551873,37396.59517126411,40304.08374354398,2907.4885722798717,0.04970359237910881,-0.006584577711144633,-0.05628817009025344
A,1970.0,2.5,3.589668074815266,0.4097222222222225,13224.835437724018,12769.522900827806,-455.3125368962119,37431.669986980516,40364.618734867094,2932.9487478865776,0.049725613482035615,-0.0065883697252223875,-0.056313983207258
A,1980.0,2.5,3.588634093331656,0.4083333333333336,13185.355849146184,12730.038260678908,-455.31758846727644,37467.13452483592,40424.815483724575,2957.6809588886535,0.049747895804359864,-0.006592173041541397,-0.05634006884590126
A,1990.0,2.5,3.5876044313139257,0.4069444444444447,13145.876626459469,12690.553401395708,-455.32322506376113,37502.98147081003,40484.689592226656,2981.7081214166246,0.0497704408361991,-0.006595988264527176,-0.05636642910072628
A,2000.0,2.5,3.5865787246198484,0.40555555555555584,13106.395017569885,12651.06997524587,-455.32504232401516,37539.20306666624,40544.24669082541,3005.043624159167,0.049793248693614574,-0.006599815388426793,-0.056393064082041366
A,2010.0,2.5,3.585556500594804,0.40416666666666695,13066.911639655737,12611.587608980837,-455.3240306748994,37575.791797121536,40603.49965615316,3027.7078590316232,0.04981632065419028,-0.0066036548907271245,-0.05641997554491741
A,2020.0,2.5,3.584537261974929,0.40277777777777807,13027.42816475208,12572.10529621671,-455.3228685353697,37612.74021502061,40662.46328343766,3049.72306841705,0.0498396583973297,-0.0066075074021139405,-0.05644716579944364
A,2030.0,2.5,3.5835205434570536,0.4013888888888892,12987.945732923767,12532.62235223578,-455.3233806879871,37650.040831045284,40721.15064683939,3071.1098157941087,0.04986326345189747,-0.00661137347086268,-0.05647463692276015
A,2040.0,2.5,3.5825058915665142,0.4000000000000003,12948.465476803609,12493.138097933226,-455.32737887038274,37687.68616733,40779.57434681077,3091.8881794807676,0.049887137377904976,-0.006615253641367559,-0.056502391019272534
A,2050.0,2.5,3.5814930918859966,0.3986111111111114,12908.982267053716,12453.655606232476,-455.3266608212398,37725.667888665084,40837.73187818956,3112.063989524475,0.04991127946308397,-0.006619147469266859,-0.05653042693235083
A,2060.0,2.5,3.580481632824826,0.39722222222222253,12869.499357925504,12414.17293051615,-455.32642740935444,37763.978926158314,40895.64002517297,3131.6610990146582,0.04993569204819109,-0.00662305581140264,-0.05655874785959373
A,2070.0,2.5,3.5794711157886345,0.39583333333333365,12830.017147079649,12374.689837160366,-455.3273099192829,37802.61189459842,40953.30853422985,3150.696639631431,0.049960376466937254,-0.006626979079646999,-0.056587355546584256
A,2080.0,2.5,3.57846114584991,0.39444444444444476,12790.536139088337,12335.206030861731,-455.33010822660617,37841.559543489566,41010.74710562257,3169.1875621330037,0.04998533411536683,-0.006630917703250859,-0.056616251818617694
A,2090.0,2.5,3.577451338386749,0.3930555555555559,12751.056746244803,12295.721270999118,-455.3354752456853,37880.81473314591,41067.96494722045,3187.150214074536,0.05001056637949324,-0.006634872097788085,-0.056645438477281325
A,2100.0,2.5,3.5764417797530363,0.391666666666667,12711.577102757292,12256.236655116427,-455.340447640865,37920.407101408055,41124.93879666178,3204.531695253725,0.05003607380003994,-0.0066388404278873575,-0.056674914227927295
A,2100.0000000000005,0.0,3.6331166939809636,0.39166666666666694,12711.577102757292,12256.236655116427,-455.340447640865,37920.407101408055,41124.93879666178,3204.531695253725,0.0,0.0,0.0
A,2110.0,0.0,3.638375105772068,0.39166666666666694,12687.621889162827,12376.422440404252,-311.19944875857436,37942.18976642804,40792.21642364903,2850.0266572209875,0.0,0.0,0.0
A,2120.0,0.0,3.641319012261988,0.39166666666666694,12665.939800271586,12417.076851862648,-248.86294840893788,37963.50117823542,40600.24043175603,2636.739253520609,0.0,0.0,0.0
A,2130.0,0.0,3.6433922695104,0.39166666666666694,12646.198528006798,12442.482471630674,-203.71605637612447,37984.48631903509,40465.409307076494,2480.922988041406,0.0,0.0,0.0
A,2140.0,0.0,3.6450099947549988,0.39166666666666694,12628.434253605905,12460.530605628219,-167.90364797768598,38005.21538419695,40360.52228185408,2355.3068976571303,0.0,0.0,0.0
A,2150.0,0.0,3.646347116689717,0.39166666666666694,12612.73972396275,12474.105902758707,-138.63382120404276,38025.72827101353,40274.038480940886,2248.310209927353,0.0,0.0,0.0
A,2160.0,0.0,3.6474888906288827,0.39166666666666694,12599.125271526831,12484.614361295307,-114.51091023152367,38046.049148984435,40200.33405821697,2154.284909232534,0.0,0.0,0.0
A,2170.0,0.0,3.6484879877756877,0.39166666666666694,12587.487779167994,12492.942256158343,-94.54552300965042,38066.193693573514,40135.95282153586,2069.759127962345,0.0,0.0,0.0
A,2180.0,0.0,3.6493767961474126,0.39166666666666694,12577.649013492497,12499.622634180438,-78.02637931205936,38086.17172747668,40078.766240457495,1992.594512980817,0.0,0.0,0.0
A,2190.0,0.0,3.6501764756487747,0.39166666666666694,12569.393475321189,12505.018642480241,-64.37483284094742,38105.98897284537,40027.385516096394,1921.396543251023,0.0,0.0,0.0
A,2200.0,0.0,3.6509029402624,0.39166666666666694,12562.503526514412,12509.404819695803,-53.09870681860957,38125.648428104774,39980.7702131222,1855.121785017429,0.0,0.0,0.0
A,2210.0,0.0,3.6515683392357867,0.39166666666666694,12556.776280588865,12512.988315517727,-43.78796507113839,38145.150931912314,39938.12774541617,1792.976813503854,0.0,0.0,0.0
A,2220.0,0.0,3.652181809670072,0.39166666666666694,12552.028865728946,12515.926571337835,-36.10229439111026,38164.49550268416,39898.862706888816,1734.3672042046528,0.0,0.0,0.0
A,2230.0,0.0,3.652750405329146,0.39166666666666694,12548.100488594671,12518.341183773917,-29.75930482075455,38183.67962625115,39862.515627197594,1678.836000946445,0.0,0.0,0.0
A,2240.0,0.0,3.653279461172884,0.39166666666666694,12544.852510487786,12520.323904554953,-24.52860593283367,38202.69940642231,39828.738003343155,1626.0385969208437,0.0,0.0,0.0
A,2250.0,0.0,3.653773673806772,0.39166666666666694,12542.168966243467,12521.95383646543,-20.2151297780365,38221.54998178169,39797.224556817324,1575.674575035635,0.0,0.0,0.0
A,2260.0,0.0,3.6542371078436835,0.39166666666666694,12539.952436562757,12523.297596521359,-16.65484004139762,38240.22563114723,39767.71189900485,1527.4862678576173,0.0,0.0,0.0
A,2270.0,0.0,3.6546728177270476,0.39166666666666694,12538.123368386232,12524.404040353973,-13.719328032259,38258.71966837609,39740.00071265529,1481.281044279196,0.0,0.0,0.0
A,2280.0,0.0,3.6550836459068443,0.39166666666666694,12536.614135288624,12525.316943156613,-11.297192132011332,38277.02491763947,39713.90659845407,1436.8816808146003,0.0,0.0,0.0
A,2290.0,0.0,3.6554716821418025,0.39166666666666694,12535.370928667468,12526.066915288753,-9.304013378714444,38295.13352936551,39689.29237327111,1394.1588439056068,0.0,0.0,0.0
A,2300.0,0.0,3.655839014540876,0.39166666666666694,12534.346968241683,12526.683451798683,-7.6635164430008444,38313.03748998237,39666.02233778753,1352.9848478051572,0.0,0.0,0.0
A,2310.0,0.0,3.656187305094815,0.39166666666666694,12533.50484056726,12527.18842663387,-6.316413933391232,38330.72853953119,39643.98763781051,1313.259098279319,0.0,0.0,0.0
A,2320.0,0.0,3.6565182545984234,0.39166666666666694,12532.811636593107,12527.603640355752,-5.207996237355474,38348.19851358085,39623.07813229527,1274.879618714418,0.0,0.0,0.0
A,2330.0,0.0,3.6568331811770807,0.39166666666666694,12532.241689190208,12527.944381407979,-4.2973077822298364,38365.439310034264,39603.20754036187,1237.7682303276088,0.0,0.0,0.0
A,2340.0,0.0,3.657133460732841,0.39166666666666694,12531.77169102704,12528.226518829415,-3.545172197624197,38382.44318558375,39584.28693241546,1201.8437468317134,0.0,0.0,0.0
A,2350.0,0.0,3.6574200791955738,0.39166666666666694,12531.384540958761,12528.459587206682,-2.924953752079091,38399.20261796231,39566.25137014639,1167.0487521840769,0.0,0.0,0.0
A,2360.0,0.0,3.657694005875283,0.39166666666666694,12531.064694597113,12528.652852149771,-2.411842447341769,38415.710656647694,39549.037516101875,1133.3268594541805,0.0,0.0,0.0
A,2370.0,0.0,3.6579560517418344,0.39166666666666694,12530.800690623157,12528.81292127879,-1.987769344366825,38431.96073047878,39532.591953542,1100.6312230632248,0.0,0.0,0.0
A,2380.0,0.0,3.6582069145645884,0.39166666666666694,12530.58274355865,12528.944785530513,-1.637958028137291,38447.94690888791,39516.86847676021,1068.9215678722976,0.0,0.0,0.0
A,2390.0,0.0,3.6584473471923293,0.39166666666666694,12530.403187561189,12529.054086843917,-1.3491007172724494,38463.663715056064,39501.81797523542,1038.1542601793553,0.0,0.0,0.0
A,2400.0,0.0,3.658677906611487,0.39166666666666694,12530.255250061882,12529.143881514228,-1.1113685476539104,38479.10655578909,39487.40340735622,1008.296851567131,0.0,0.0,0.0
A,2410.0,0.0,3.658899143944918,0.39166666666666694,12530.133502825222,12529.217167091643,-0.9163357335783076,38494.271406656815,39473.58838827927,979.3169816224545,0.0,0.0,0.0
A,2420.0,0.0,3.65911165445592,0.39166666666666694,12530.034518657663,12529.277419086528,-0.7570995711357682,38509.15455700307,39460.3341693851,951.1796123820313,0.0,0.0,0.0
A,2430.0,0.0,3.6593158790702245,0.39166666666666694,12529.952920603231,12529.326655638088,-0.6262649651434913,38523.75369997845,39447.61157412714,923.8578741486926,0.0,0.0,0.0
A,2440.0,0.0,3.6595122647904925,0.39166666666666694,12529.885391659502,12529.366836367437,-0.5185552920647751,38538.06680371004,39435.39125092982,897.3244472197766,0.0,0.0,0.0
A,2450.0,0.0,3.659701240264899,0.39166666666666694,12529.831249138626,12529.399412483932,-0.4318366546940524,38552.09197686175,39423.645081711365,871.5531048496123,0.0,0.0,0.0
A,2460.0,0.0,3.6598831994097702,0.39166666666666694,12529.785932877165,12529.426349685858,-0.3595831913062284,38565.82891018342,39412.34740783185,846.5184976484234,0.0,0.0,0.0
A,2470.0,0.0,3.6600584974637753,0.39166666666666694,12529.74771440455,12529.448767727183,-0.29894667736698466,38579.27732178846,39401.4749492627,822.197627474241,0.0,0.0,0.0
A,2480.0,0.0,3.660227445124419,0.39166666666666694,12529.71672767876,12529.4670375779,-0.24969010085987975,38592.4371394402,39391.00716778066,798.5700283404658,0.0,0.0,0.0
A,2490.0,0.0,3.6603903706558514,0.39166666666666694,12529.690386973132,12529.482509616055,-0.20787735707745014,38605.309459474294,39380.92278407882,775.6133246045283,0.0,0.0,0.0
A,2500.0,0.0,3.6605475519400312,0.39166666666666694,12529.667957822403,12529.495671319319,-0.1722865030842513,38617.895478278835,39371.20356850384,753.3080902250076,0.0,0.0,0.0
A,2510.0,0.0,3.6606992366720177,0.39166666666666694,12529.64930810269,12529.506657595708,-0.1426505069812265,38630.19672796609,39361.83318517866,731.6364572125676,0.0,0.0,0.0
A,2520.0,0.0,3.6608456745561697,0.39166666666666694,12529.63367130922,12529.51593641332,-0.11773489590086683,38642.21534227295,39352.795342524056,710.5800002511023,0.0,0.0,0.0
A,2530.0,0.0,3.6609870915613985,0.39166666666666694,12529.620634790923,12529.523743743743,-0.09689104718017916,38653.95374835546,39344.07525104655,690.1215026910941,0.0,0.0,0.0
A,2540.0,0.0,3.6611236993704472,0.39166666666666694,12529.60983927413,12529.530257329785,-0.07958194434468169,38665.414704109906,39335.6590686153,670.2443645053936,0.0,0.0,0.0
A,2550.0,0.0,3.6612556966715966,0.39166666666666694,12529.601018857855,12529.535585203606,-0.06543365424840886,38676.60125317382,39327.5338105885,650.9325574146787,0.0,0.0,0.0
A,2560.0,0.0,3.661383266974623,0.39166666666666694,12529.594195327776,12529.539814764144,-0.054380563631639234,38687.51684342821,39319.687487910924,632.1706444827141,0.0,0.0,0.0
A,2570.0,0.0,3.6615065872942965,0.39166666666666694,12529.589219935737,12529.543056811763,-0.04616312397411093,38698.16512183019,39312.108576184735,613.9434543545431,0.0,0.0,0.0
A,2580.0,0.0,3.6616258314155306,0.39166666666666694,12529.585656955,12529.54547729865,-0.040179656349209836,38708.54987691124,39304.785817617674,596.2359407064359,0.0,0.0,0.0
A,2590.0,0.0,3.6617411685569903,0.39166666666666694,12529.582965361808,12529.547308632124,-0.03565672968397848,38718.67509582763,39297.70830190135,579.0332060737201,0.0,0.0,0.0
A,2600.0,0.0,3.6618527670925687,0.39166666666666694,12529.580354178386,12529.548883360034,-0.03147081835231802,38728.54489601838,39290.86524176376,562.3203457453783,0.0,0.0,0.0
A,2610.0,0.0,3.6619607490681254,0.39166666666666694,12529.578501847584,12529.549954440949,-0.028547406634970685,38738.16373551318,39284.24860745525,546.0848719420683,0.0,0.0,0.0
A,2620.0,0.0,3.662065199283067,0.39166666666666694,12529.57924307212,12529.549823183717,-0.029419888402117067,38747.53634164275,39277.85258719143,530.3162455486818,0.0,0.0,0.0
A,2630.0,0.0,3.6621663024802675,0.39166666666666694,12529.58050378212,12529.549355440015,-0.031148342104643234,38756.66698140062,39271.66562698965,514.9986455890248,0.0,0.0,0.0
A,2640.0,0.0,3.662264202543833,0.39166666666666694,12529.581564403361,12529.548893636233,-0.032670767128365696,38765.56016274023,39265.67859936143,500.1184366212037,0.0,0.0,0.0
A,2650.0,0.0,3.66235904754651,0.39166666666666694,12529.581415483019,12529.548913697834,-0.032501785184649634,38774.22037885194,39259.8821849091,485.66180605715635,0.0,0.0,0.0
A,2660.0,0.0,3.662450976095853,0.39166666666666694,12529.579194885131,12529.549825283237,-0.02936960189435922,38782.652179550656,39254.267661338294,471.6154817876377,0.0,0.0,0.0
A,2670.0,0.0,3.662539993686941,0.39166666666666694,12529.578006589565,12529.550222858676,-0.027783730889495928,38790.860980438716,39248.83406370478,457.97308326606435,0.0,0.0,0.0
A,2680.0,0.0,3.6626262706895356,0.39166666666666694,12529.57576631758,12529.551079961853,-0.024686355725862086,38798.85104166929,39243.57090207704,444.71986040774937,0.0,0.0,0.0
A,2690.0,0.0,3.662709911633375,0.39166666666666694,12529.572320693378,12529.552488335463,-0.0198323579152202,38806.626997160216,39238.47153995281,431.8445427925908,0.0,0.0,0.0
A,2700.0,0.0,3.6627910159729,0.39166666666666694,12529.567592780279,12529.554508001598,-0.01308477868042246,38814.19342600266,39233.52966558642,419.3362395837612,0.0,0.0,0.0
B,0.0,2.5,3.8337529788043008,0.65,19916.890182052466,19916.890182052466,0.0,29683.66410802498,29683.66410802498,0.0,0.04949155761841625,-0.0063385800069363386,-0.055830137625352584
B,10.0,2.5,3.823850712889091,0.6486111111111111,19901.365293875402,19757.251966348424,-144.11332752697854,29701.7282316469,30073.169016116473,371.4407844695743,0.04941573942669823,-0.006334439978654578,-0.05575017940535281
B,20.0,2.5,3.817986622773393,0.6472222222222223,19883.56696272228,19677.07947266354,-206.48749005874197,29720.548978004146,30321.747899247257,601.1989212431108,0.0493791897928334,-0.0063323047012176425,-0.05571149449405104
B,30.0,2.5,3.813474372685144,0.6458333333333334,19863.827024364356,19612.212261564542,-251.61476279981434,29739.97442877203,30512.916031274748,772.9416025027167,0.04935035860441763,-0.006330930276298493,-0.05568128888071612
B,40.0,2.5,3.8096607433520178,0.6444444444444445,19842.110614455956,19554.65236168442,-287.4582527715356,29759.927190193917,30674.08877319794,914.1615830040209,0.04932532715763549,-0.006329951964619262,-0.05565527912225475
B,50.0,2.5,3.806285720291053,0.6430555555555556,19818.32268384996,19501.61743503612,-316.7052488138397,29780.36090311696,30816.511598751695,1036.150695634733,0.04930272071599059,-0.0063292246695572625,-0.05563194538554785
B,60.0,2.5,3.8032122211927457,0.6416666666666667,19792.455323105594,19451.60857493401,-340.8467481715852,29801.244251052878,30946.095955719684,1144.8517046668057,0.04928180412998771,-0.006328674665294881,-0.05561047879528259
B,70.0,2.5,3.8003628461615087,0.6402777777777778,19764.61108663708,19403.79230091114,-360.81878572593996,29822.555175695084,31066.174061684793,1243.6188859897084,0.04926216626250879,-0.00632825996209652,-0.055590426224605305
B,80.0,2.5,3.797688968144896,0.638888888888889,19734.969380150465,19357.637534798578,-377.33184535188775,29844.27748729149,31178.823993291975,1334.5465060004863,0.049243544869428654,-0.006327953900245681,-0.055571498769674335
B,90.0,2.5,3.795155845022115,0.6375000000000001,19703.743966534796,19312.76201753284,-390.9819490019545,29866.39888988094,31285.52626281187,1419.1273729309287,0.04922575317809183,-0.006327738053115732,-0.055553491231207563
B,100.0,2.5,3.7927383102801544,0.6361111111111112,19671.149915751055,19268.8880016142,-402.2619141368559,29888.910053587104,31387.347861896233,1498.4378083091287,0.04920865645741067,-0.0063275992376416925,-0.05553625569505236
B,110.0,2.5,3.7904181861365065,0.6347222222222222,19637.39202491939,19225.814997146525,-411.57702777286613,29911.804113319733,31485.052748897906,1573.248635578173,0.0491921574851768,-0.006327527684959787,-0.05551968517013659
B,120.0,2.5,3.78818179333219,0.6333333333333333,19602.65639796861,19183.392916637345,-419.2634813312652,29935.076193162724,31579.210884582495,1644.1346914197711,0.049176183591370444,-0.006327515854281657,-0.0555036994456521
B,130.0,2.5,3.7860177704623905,0.6319444444444444,19567.10348710993,19141.498192945048,-425.60529416488134,29958.722911524594,31670.29458303178,1711.5716715071867,0.049160676031320016,-0.0063275577612941425,-0.05548823379261416
B,140.0,2.5,3.7839169987338592,0.6305555555555555,19530.869845062036,19100.033329553782,-430.8365155082538,29982.742327365057,31758.680121213292,1775.9377938482357,0.049145588827627956,-0.006327648587498453,-0.05547323741512641
B,150.0,2.5,3.78187151734864,0.6291666666666667,19494.070769733033,19058.914805143653,-435.15596458937944,30007.133577513927,31844.695497622026,1837.561920108099,0.049130883561108625,-0.006327784421083019,-0.055458667982191644
B,160.0,2.5,3.7798760078031783,0.6277777777777778,19456.803619578575,19018.08989325906,-438.71372631951454,30031.89725367947,31928.552792140476,1896.6555384610037,0.04911653472643816,-0.006327961907084686,-0.05544449663352285
B,170.0,2.5,3.777924764176274,0.6263888888888889,19419.148569858255,18977.5024442727,-441.6461255855538,30057.034486512992,32010.484136345367,1953.4496498323751,0.04910251702754834,-0.006328178294649762,-0.0554306953221981
B,180.0,2.5,3.7760136553248547,0.625,19381.17267296457,18937.114926029626,-444.0577469349446,30082.54740103382,32090.652955744135,2008.105554710317,0.04908881286190052,-0.006328431157602153,-0.055417244019502675
B,190.0,2.5,3.7741383304815455,0.6236111111111111,19342.93138892833,18896.888117552666,-446.0432713756636,30108.43851512682,32169.234098863428,2060.795583736606,0.04907540502747117,-0.006328718509584018,-0.055404123537055185
B,200.0,2.5,3.7722953889228275,0.6222222222222222,19304.47085657584,18856.79399124662,-447.67686532922016,30134.710870547184,32246.361188518913,2111.6503179717292,0.049062280934618535,-0.006329038583123232,-0.05539131951774177
B,210.0,2.5,3.7704814347583095,0.6208333333333333,19265.830039869372,18816.80507883163,-449.0249610377432,30161.367730634985,32322.168624946604,2160.8008943116183,0.04904942887329046,-0.006329389918689887,-0.055378818791980346
B,220.0,2.5,3.7686939567432596,0.6194444444444445,19227.04083621095,18776.903958722374,-450.1368774885741,30188.412567336985,32396.752463454723,2208.339896117737,0.04903684095201109,-0.006329771145578937,-0.05536661209759003
B,230.0,2.5,3.7669305742274846,0.6180555555555556,19188.13003941722,18737.074806656445,-451.05523276077656,30215.84882569284,32470.20392091358,2254.3550952207406,0.049024510203575185,-0.006330181076708493,-0.055354691280283676
B,240.0,2.5,3.7651893443655924,0.6166666666666667,19149.119276094763,18697.306623327102,-451.81265276766135,30243.67983947346,32542.595848911576,2298.916009438115,0.04901243150436275,-0.006330618605507904,-0.05534305010987065
B,250.0,2.5,3.7634683704911644,0.6152777777777778,19110.025951515865,18657.588914333894,-452.4370371819714,30271.908698477742,32613.999966947787,2342.091268470045,0.049000600155405354,-0.006331082773955497,-0.05533168292936085
B,260.0,2.5,3.761766000265614,0.6138888888888889,19070.864386849124,18617.91365202446,-452.9507348246625,30300.53816418642,32684.47815698526,2383.9399927988416,0.04898901243238403,-0.006331572702890524,-0.055320585135274554
B,270.0,2.5,3.76008070178547,0.6125,19031.646129075387,18578.273958247155,-453.3721708282319,30329.570659430356,32754.08791152097,2424.5172520906126,0.04897766513862105,-0.006332087607464346,-0.05530975274608539
B,280.0,2.5,3.7584107994194986,0.6111111111111112,18992.38102057638,18538.660996209033,-453.7200243673469,30359.00791217702,32822.893611549174,2463.885699372153,0.04896655470743491,-0.0063326268749328745,-0.05529918158236779
B,290.0,2.5,3.756755802934948,0.6097222222222223,18953.074719900134,18499.078774298927,-453.9959456012075,30388.852054484316,32890.90971770892,2502.0576632246048,0.048955681281275094,-0.00633318959427518,-0.055288870875550275
B,300.0,2.5,3.755114259182807,0.6083333333333334,18913.734325425023,18459.52000585936,-454.2143195656645,30419.103750340502,32958.19285121931,2539.0891008788094,0.048945041917908744,-0.006333775267284556,-0.0552788171851933
B,310.0,2.5,3.7534845238633876,0.6069444444444445,18874.36704293145,18419.974811992306,-454.3922309391455,30449.76280444197,33024.80821031405,2575.045405872079,0.04893463318032418,-0.006334383583550712,-0.05526901676387489
B,320.0,2.5,3.7518649523462866,0.6055555555555555,18834.979621991024,18380.432909369527,-454.54671262149714,30480.828352801374,33090.821300407755,2609.9929476063808,0.048924451766777295,-0.006335014355353266,-0.05525946612213056
B,330.0,2.5,3.7502575124436843,0.6041666666666666,18795.56525135268,18340.92377770176,-454.6414736509214,30512.30244072968,33156.147070043735,2643.844629314055,0.048914504519342476,-0.006335665979370898,-0.05525017049871338
B,340.0,2.5,3.748659387465467,0.6027777777777777,18756.135000565184,18301.42276128631,-454.7122392788733,30544.18161092231,33220.90222477702,2676.720613854708,0.048904784452059404,-0.006336338856270363,-0.05524112330832977
B,350.0,2.5,3.7470687878219544,0.6013888888888889,18716.69644472906,18261.916322582176,-454.7801221468835,30576.46271733274,33285.16016966137,2708.6974523286335,0.04889528779292548,-0.006337033110271153,-0.05523232090319663
B,360.0,2.5,3.745484941311957,0.6,18677.25258166965,18222.401919185002,-454.85066248464864,30609.143169666495,33348.9523850589,2739.809215392408,0.0488860136372207,-0.006337748512743524,-0.055223762149964224
B,370.0,2.5,3.743910089776384,0.5986111111111111,18637.79302721806,18182.90987976078,-454.88314745727985,30642.22322656025,33412.18754361164,2769.964317051388,0.04887696858313009,-0.006338483438498282,-0.05521545202162838
B,380.0,2.5,3.74234158800871,0.5972222222222222,18598.33022801213,18143.415462538316,-454.91476547381535,30675.69679750209,33474.97644326407,2799.2796457619843,0.0488681464067494,-0.006339238590648648,-0.055207384997398044
B,390.0,2.5,3.740778361428672,0.5958333333333333,18558.870039960355,18103.911024686287,-454.9590152740675,30709.558998698973,33537.365271364884,2827.806272665912,0.04885954512865382,-0.006340014039349922,-0.055199559168003745
B,400.0,2.5,3.7392205456598333,0.5944444444444444,18519.410287951763,18064.402238555125,-455.00804939663794,30743.806415231877,33599.35158964528,2855.5451744134043,0.04885116573800161,-0.00634080929851785,-0.055191975036519465
B,410.0,2.5,3.737668765988383,0.5930555555555556,18479.945924644257,18024.899695152366,-455.0462294918907,30778.435904352693,33660.91431120512,2882.478406852424,0.0488430101073064,-0.006341623630732604,-0.055184633738039
B,420.0,2.5,3.7361221344127773,0.5916666666666667,18440.48279903093,17985.396312936886,-455.08648609404554,30813.441334786803,33722.09432179554,2908.6529870087397,0.04883507638104883,-0.006342457124711625,-0.055177533505760455
B,430.0,2.5,3.7345805431955195,0.5902777777777778,18401.02192812021,17945.893377239274,-455.12855088093784,30848.81739722952,33782.901594994575,2934.084197765056,0.04882736448266635,-0.0063433094971757234,-0.05517067397984207
B,440.0,2.5,3.7330437296281627,0.5888888888888889,18361.56135108235,17906.39070621161,-455.17064487074094,30884.559159445624,33843.35299260459,2958.793833158965,0.04881987404242199,-0.006344180583647956,-0.05516405462606994
B,450.0,2.5,3.7315116187415627,0.5875,18322.099985572106,17866.889525213268,-455.21046035883774,30920.661235343177,33903.458458627494,2982.7972232843167,0.04881260495941014,-0.006345070144625804,-0.05515767510403594
B,460.0,2.5,3.729984268290583,0.5861111111111111,18282.637011603336,17827.39201216412,-455.24499943921546,30957.117963405624,33963.22327884695,3006.105315441324,0.048805557282352474,-0.0063459778865985125,-0.05515153516895099
B,470.0,2.5,3.72846174133483,0.5847222222222223,18243.17047643959,17787.900263066927,-455.2702133726634,30993.92376092765,34022.65313862065,3028.7293776929982,0.04879873100716633,-0.00634690353260969,-0.055145634539776014
B,480.0,2.5,3.7269435439217835,0.5833333333333334,18203.703233562068,17748.40979004719,-455.29344351487816,31031.071874728077,34081.776143229836,3050.7042685017586,0.048792125009820116,-0.006347847178602424,-0.05513997218842254
B,490.0,2.5,3.7254297204816185,0.5819444444444445,18164.233180959694,17708.92203596667,-455.31114499302566,31068.556530091206,34140.59954435563,3072.0430142644254,0.048785739218536246,-0.006348808620660919,-0.05513454783919716
B,500.0,2.5,3.723920137735021,0.5805555555555556,18124.759555930308,17669.43624683581,-455.32330909449956,31106.37161011169,34199.13797520702,3092.766365095329,0.04877957320209929,-0.00634978779245651,-0.0551293609945558
B,510.0,2.5,3.7224146464399586,0.5791666666666667,18085.28210293089,17629.95122718608,-455.3308757448103,31144.510834216617,34257.40700795585,3112.8961737392347,0.04877362649035711,-0.006350784667718875,-0.05512441115807598
B,520.0,2.5,3.720913524896986,0.5777777777777778,18045.802176962632,17590.46938743833,-455.3327895243019,31182.967247370332,34315.40584449335,3132.438597123015,0.04876789916227421,-0.006351798955817813,-0.055119698118092024
B,530.0,2.5,3.7194165007085944,0.576388888888889,18006.320116699793,17550.987906292477,-455.33221040731587,31221.734517939465,34373.15546825224,3151.420950312775,0.04876239053742148,-0.006352830759469333,-0.05511522129689081
B,540.0,2.5,3.7179234634517617,0.5750000000000001,17966.837338870944,17511.50518477086,-455.33215410008415,31260.80600403765,34430.67074425483,3169.8647402171773,0.048757100167673886,-0.006353880101509523,-0.05511098026918341
B,550.0,2.5,3.716434434888826,0.5736111111111112,17927.35448008093,17472.020816045275,-455.3336640356538,31300.175071209873,34487.961614473155,3187.7865432632825,0.04875202779946603,-0.006354946935632749,-0.055106974735098777
B,560.0,2.5,3.714949756371855,0.5722222222222223,17887.869719418588,17432.537562977126,-455.33215644146185,31339.835185808835,34545.0258656229,3205.1906798140626,0.0487471735784549,-0.006356030998242618,-0.05510320457669752
B,570.0,2.5,3.713469355573643,0.5708333333333334,17848.38560191569,17393.05361526315,-455.33198665253803,31379.779627823165,34601.877474371344,3222.0978465481785,0.048742537074209724,-0.0063571323400015796,-0.0550996694142113
B,580.0,2.5,3.7119933664869618,0.5694444444444445,17808.90334461249,17353.569159736442,-455.3341848760465,31420.00176405791,34658.52256526342,3238.520801205508,0.04873811812351848,-0.006358250876848406,-0.05509636900036688
B,590.0,2.5,3.7105219570743873,0.5680555555555556,17769.423692393862,17314.08464393787,-455.3390484559932,31460.49503980454,34714.96606260047,3254.4710227959295,0.048733916595319525,-0.006359386510301576,-0.0550933031056211
B,600.0,2.5,3.709055869131503,0.5666666666666668,17729.94374245696,17274.600367486746,-455.3433749702126,31501.28638500863,34771.19078842262,3269.904403413988,0.04872993234340892,-0.0063605386929377885,-0.05509047103634671
B,600.0000000000001,0.0,3.764146340167849,0.5666666666666668,17729.94374245696,17274.600367486746,-455.3433749702126,31501.28638500863,34771.19078842262,3269.904403413988,0.0,0.0,0.0
B,610.0,0.0,3.7727929048729347,0.5666666666666668,17705.988552328487,17394.7242680969,-311.2642842315872,31524.238176273193,34437.77139549018,2913.5332192169844,0.0,0.0,0.0
B,620.0,0.0,3.7777417904327453,0.5666666666666668,17684.305862120713,17435.46593430771,-248.83992781300185,31546.6857428646,34245.04049386247,2698.3547509978707,0.0,0.0,0.0
B,630.0,0.0,3.781192988609355,0.5666666666666668,17664.564725477565,17460.827067623373,-203.73765785419164,31568.774735880364,34109.58435395542,2540.8096180750545,0.0,0.0,0.0
B,640.0,0.0,3.783865626896879,0.5666666666666668,17646.79984113757,17478.90012681355,-167.89971432401944,31590.576485413207,34003.96039615359,2413.3839107403837,0.0,0.0,0.0
B,650.0,0.0,3.786054746821396,0.5666666666666668,17631.106094573963,17492.45251679009,-138.6535777838726,31612.13139354904,33916.90348025261,2304.7720867035678,0.0,0.0,0.0
B,660.0,0.0,3.7879143513837197,0.5666666666666668,17617.4913780897,17502.979749265836,-114.51162882386416,31633.464855456325,33842.52810536431,2209.0632499079875,0.0,0.0,0.0
B,670.0,0.0,3.789531493138791,0.5666666666666668,17605.853469937418,17511.3125741589,-94.54089577851846,31654.59312304617,33777.509334080816,2122.916211034648,0.0,0.0,0.0
B,680.0,0.0,3.7909605832374043,0.5666666666666668,17596.013067514366,17517.984466732833,-78.0286007815339,31675.526687465266,33719.77076582358,2044.2440783583152,0.0,0.0,0.0
B,690.0,0.0,3.7922401872763682,0.5666666666666668,17587.756243415603,17523.37716870268,-64.3790747129242,31696.27224593398,33667.83687863998,1971.5646327060022,0.0,0.0,0.0
B,700.0,0.0,3.793398018994621,0.5666666666666668,17580.867889143236,17527.76816309743,-53.099726045806165,31716.83363399619,33620.64582577096,1903.8121917747703,0.0,0.0,0.0
B,710.0,0.0,3.7944539208968506,0.5666666666666668,17575.14326883504,17531.35805131537,-43.78521751967128,31737.2123300855,33577.43807982056,1840.225749735062,0.0,0.0,0.0
B,720.0,0.0,3.7954226989028763,0.5666666666666668,17570.396393651576,17534.2970855728,-36.0993080787739,31757.40793408233,33537.64731413747,1780.2393800551436,0.0,0.0,0.0
B,730.0,0.0,3.7963165634358207,0.5666666666666668,17566.466860762983,17536.70903969027,-29.757821072711522,31777.418662933447,33500.80440060565,1723.3857376722044,0.0,0.0,0.0
B,740.0,0.0,3.7971451685268987,0.5666666666666668,17563.218020526758,17538.691122654644,-24.526897872114205,31797.241391308955,33466.53812852553,1669.296737216573,0.0,0.0,0.0
B,750.0,0.0,3.797916853668191,0.5666666666666668,17560.534576754017,17540.326462066827,-20.208114687189664,31816.87202126832,33434.525937612554,1617.6539163442358,0.0,0.0,0.0
B,760.0,0.0,3.7986371565467643,0.5666666666666668,17558.319192985145,17541.668460655914,-16.650732329231687,31836.30513726043,33404.55673109558,1568.2515938351498,0.0,0.0,0.0
B,770.0,0.0,3.7993118861072013,0.5666666666666668,17556.491671900272,17542.77250334475,-13.719168555522629,31855.534854885635,33376.40499564967,1520.8701407640328,0.0,0.0,0.0
B,780.0,0.0,3.799945315794273,0.5666666666666668,17554.985022731904,17543.6772844896,-11.307738242303458,31874.55445880729,33349.906146511516,1475.3516877042239,0.0,0.0,0.0
B,790.0,0.0,3.8005417721730197,0.5666666666666668,17553.74374024597,17544.42138411648,-9.3223561294908,31893.356896231475,33324.891150893636,1431.5342546621614,0.0,0.0,0.0
B,800.0,0.0,3.8011046437120464,0.5666666666666668,17552.721604050494,17545.03320083993,-7.688403210562683,31911.934726201802,33301.22814349818,1389.293417296376,0.0,0.0,0.0
B,810.0,0.0,3.8016372182185716,0.5666666666666668,17551.87971073797,17545.53969122995,-6.340019508017576,31930.280375504626,33278.78786533939,1348.5074898347666,0.0,0.0,0.0
B,820.0,0.0,3.8021418919061865,0.5666666666666668,17551.185980858696,17545.958341283967,-5.227639574728528,31948.386174132505,33257.47706172448,1309.090887591974,0.0,0.0,0.0
B,830.0,0.0,3.8026209074085706,0.5666666666666668,17550.613985717795,17546.304836295352,-4.309149422442715,31966.244578052505,33237.20786660476,1270.963288552255,0.0,0.0,0.0
B,840.0,0.0,3.803076059558071,0.5666666666666668,17550.141885981735,17546.590162011933,-3.5517239698019694,31983.848259019152,33217.91034704684,1234.0620880276874,0.0,0.0,0.0
B,850.0,0.0,3.8035091199165443,0.5666666666666668,17549.752411724512,17546.82497656981,-2.9274351547028346,32001.19023857682,33199.51478660354,1198.3245480267215,0.0,0.0,0.0
B,860.0,0.0,3.8039215868547425,0.5666666666666668,17549.43127250453,17547.0171869196,-2.4140855849327636,32018.263938070788,33181.96232495173,1163.6983868809439,0.0,0.0,0.0
B,870.0,0.0,3.804314894886896,0.5666666666666668,17549.16687181015,17547.174134675053,-1.9927371350968315,32035.063269405793,33165.19621843097,1130.1329490251737,0.0,0.0,0.0
B,880.0,0.0,3.8046905833604194,0.5666666666666668,17548.949327266455,17547.304601900007,-1.644725366448256,32051.582894273713,33149.154736465425,1097.5718421917118,0.0,0.0,0.0
B,890.0,0.0,3.8050496315004314,0.5666666666666668,17548.770966222997,17547.411534417584,-1.3594318054128962,32067.817749303205,33133.79944094058,1065.9816916373748,0.0,0.0,0.0
B,900.0,0.0,3.805393380725754,0.5666666666666668,17548.624089752997,17547.502262660048,-1.1218270929493883,32083.7638107847,33119.07611306865,1035.31230228395,0.0,0.0,0.0
B,900.0000000000001,5.0,3.7143031455273126,0.5666666666666668,17548.624089752997,17547.502262660048,-1.1218270929493883,32083.7638107847,33119.07611306865,1035.31230228395,0.0785134702108198,-0.012576764987621695,-0.09109023519844149
B,910.0,5.0,3.6956945613107384,0.563888888888889,17517.452332134144,17228.196127940442,-289.2562041937017,32135.545573685133,33884.015941022306,1748.4703673371732,0.07846867202312612,-0.012595324066441163,-0.09106399608956728
B,920.0,5.0,3.6834086270347157,0.5611111111111112,17481.754093960393,17068.05106674584,-413.703027214553,32188.5451945046,34367.568692948356,2179.0234984437557,0.07845278403696072,-0.012610875772791503,-0.09106365980975223
B,930.0,5.0,3.6738596890092485,0.5583333333333335,17442.190768287663,16938.32446095012,-503.8663073375428,32242.456329908768,34736.900129041904,2494.443799133136,0.07844312673835963,-0.012624770623005186,-0.09106789736136481
B,940.0,5.0,3.665816041859966,0.5555555555555557,17398.687488238942,16823.29066705313,-575.3968211858119,32297.1226623432,35046.6664612573,2749.543798914099,0.0784369653828974,-0.012637785016310608,-0.09107475039920801
B,950.0,5.0,3.658755236810262,0.5527777777777779,17351.055404251103,16717.229660252564,-633.8257439985391,32352.45013188784,35319.53487328057,2967.084741392733,0.07843328348532275,-0.012650286994068108,-0.09108357047939085
B,960.0,5.0,3.652402644537985,0.5500000000000002,17299.276505129492,16617.226477936958,-682.0500271925339,32408.37577329179,35567.196390192476,3158.8206169006844,0.07843156752775848,-0.012662483067048338,-0.09109405059480682
B,970.0,5.0,3.6466018897968002,0.5472222222222224,17243.550930488585,16521.629861268146,-721.9210692204397,32464.85566722522,35796.198993796694,3331.343326571474,0.07843151984480261,-0.01267448533888161,-0.09110600518368422
B,980.0,5.0,3.6412491214064593,0.5444444444444446,17184.236859863282,16429.341815591022,-754.8950442722598,32521.857921393035,36010.77782830513,3488.919906912095,0.0784329506904851,-0.012686369200536889,-0.09111931989102198
B,990.0,5.0,3.6362697336936765,0.5416666666666669,17121.759510023352,16339.600605993899,-782.158904029453,32579.359018440387,36213.88638622508,3634.5273677846926,0.07843573368846485,-0.012698190772504236,-0.09113392446096909
B,1000.0,5.0,3.6316096727071043,0.5388888888888891,17056.54940956663,16251.863871436155,-804.685538130474,32637.34199414155,36407.59157647039,3770.249582328841,0.07843978157409023,-0.012709988429962103,-0.09114977000405233
B,1010.0,5.0,3.627227929243145,0.5361111111111113,16989.01606976159,16165.732064493053,-823.2840052685369,32695.795154783504,36593.39701504951,3897.601860266004,0.07844503241179239,-0.012721789028615624,-0.09116682144040801
B,1020.0,5.0,3.6230918345284313,0.5333333333333335,16919.52982337707,16080.900433123092,-838.6293902539783,32754.711092461286,36772.447004422975,4017.7359119616885,0.07845144159836721,-0.01273361270056012,-0.09118505429892733
B,1030.0,5.0,3.6191739509395946,0.5305555555555558,16848.41101362883,15997.124033638445,-851.2869799903838,32814.08588899128,36945.66471361597,4131.578824624696,0.07845897751412544,-0.012745476966072197,-0.09120445448019764
B,1040.0,5.0,3.615451069770876,0.527777777777778,16775.931590652952,15914.20532188589,-861.7262687670627,32873.91869388579,37113.79962146583,4239.880927580038,0.07846761807290023,-0.012757396784196589,-0.09122501485709682
B,1050.0,5.0,3.611903504218499,0.5250000000000002,16702.32243181644,15831.986152672278,-870.3362791441614,32934.21137603938,37277.459379487125,4343.2480034477485,0.07847734801021837,-0.012769384392583228,-0.0912467324028016
B,1060.0,5.0,3.6085142985496987,0.5222222222222225,16627.77936573448,15750.338841481207,-877.4405242532739,32994.96816420783,37437.14462714662,4442.176462938791,0.07848815712934068,-0.012781450001871508,-0.09126960713121218
B,1070.0,5.0,3.605268841973147,0.5194444444444447,16552.464819167442,15669.16177372351,-883.3030454439322,33056.19540913734,37593.26513933767,4537.069730200332,0.07850003869855575,-0.012793601618052696,-0.09129364031660844
B,1080.0,5.0,3.602154561833216,0.5166666666666669,16476.51035323609,15588.376291405224,-888.1340618308677,33117.90142631547,37746.151771079305,4628.250344763837,0.07851298806419466,-0.012805844825548767,-0.09131883288974342
B,1090.0,5.0,3.5991596110157937,0.5138888888888892,16400.03035370903,15507.909703078874,-892.1206506301551,33180.09544208361,37896.119589222944,4716.024147139331,0.07852700407706042,-0.012818187058855998,-0.09134519113591642
B,1100.0,5.0,3.5962738989198795,0.5111111111111114,16323.114916003717,15427.708589093138,-895.4063269105791,33242.788041890824,38043.415988385714,4800.627946494889,0.07854208605031672,-0.012830632902077341,-0.09137271895239406
B,1110.0,5.0,3.5934876884446547,0.5083333333333336,16245.846051367529,15347.719972378127,-898.1260789894022,33305.989909622156,38188.29025183131,4882.300342209157,0.07855823633605342,-0.01284318938873865,-0.09140142572479207
B,1120.0,5.0,3.590793221100392,0.5055555555555559,16168.274533035485,15267.915052456481,-900.3594805790035,33369.71367270276,38330.90757890801,4961.193906205248,0.07857545499897096,-0.01285585824317626,-0.09143131324214722
B,1130.0,5.0,3.5881820082632854,0.5027777777777781,16090.46927697912,15188.248282407692,-902.2209945714276,33433.969405475356,38471.49048051538,5037.521075040022,0.07859374781744406,-0.012868647954505413,-0.09146239577194948
B,1140.0,5.0,3.585648070583285,0.5000000000000003,16012.456019274261,15108.708072066871,-903.7479472073901,33498.770262507205,38610.14377069601,5111.373508188808,0.0786131147468093,-0.012881557879567726,-0.09149467262637703
B,1150.0,5.0,3.5831850386888093,0.49722222222222257,15934.271006534798,15029.272026300037,-904.9989802347609,33564.12724767044,38747.0086452498,5182.88139757936,0.07863355939645224,-0.012894591806029254,-0.09152815120248149
B,1160.0,5.0,3.5807869049246106,0.4944444444444448,15855.948373571644,14949.918375604428,-906.0299979672163,33630.05038773561,38882.22251958524,5252.1721318496275,0.07865508660207918,-0.012907754371662592,-0.09156284097374177
B,1170.0,5.0,3.578448871177294,0.49166666666666703,15777.504797602125,14870.640245498633,-906.8645521034923,33696.55022860512,39015.86881964096,5319.318591035837,0.07867769821722922,-0.012921045964917808,-0.09159874418214703
B,1180.0,5.0,3.5761657389032844,0.48888888888888926,15698.964616225068,14791.420065423526,-907.5445508015418,33763.63499739665,39148.06779976932,5384.43280237267,0.0787013999134584,-0.012934471466233109,-0.09163587137969151
B,1190.0,5.0,3.573933015886903,0.4861111111111115,15620.34693443356,14712.246962569023,-908.099971864538,33831.31218854958,39278.91222754539,5447.6000389958135,0.07872619636287377,-0.012948033893879407,-0.09167423025675318
B,1200.0,5.0,3.571746381268798,0.4833333333333337,15541.67039622587,14633.108801800166,-908.5615944257042,33899.58778278796,39408.49729660526,5508.9095138173,0.07875209343503198,-0.012961737304874259,-0.09171383073990624
B,1200.0000000000002,0.0,3.663460212008704,0.48333333333333367,15541.67039622587,14633.108801800166,-908.5615944257042,33899.58778278796,39408.49729660526,5508.9095138173,0.0,0.0,0.0
B,1210.0,0.0,3.674455967907882,0.48333333333333367,15493.992347571102,14873.386786660247,-620.6055609108553,33932.33926249298,38757.832967750575,4825.493705257599,0.0,0.0,0.0
B,1220.0,0.0,3.6810601369192595,0.48333333333333367,15450.820216227334,14954.492998080019,-496.32721814731485,33964.18561424792,38388.018130300756,4423.832516052833,0.0,0.0,0.0
B,1230.0,0.0,3.685820688754659,0.48333333333333367,15411.496109749918,15005.225560346862,-406.27054940305607,33995.43409082233,38131.87529333298,4136.44120251065,0.0,0.0,0.0
B,1240.0,0.0,3.6895949270965116,0.48333333333333367,15376.098465095705,15041.244235603011,-334.8542294926938,34026.241256216876,37934.83940856694,3908.598152350067,0.0,0.0,0.0
B,1250.0,0.0,3.6927477353082616,0.48333333333333367,15344.817831876973,15068.31489307734,-276.50293879963283,34056.701080820974,37774.19534759418,3717.494266773203,0.0,0.0,0.0
B,1260.0,0.0,3.6954690589051276,0.48333333333333367,15317.674821774266,15089.325633299692,-228.34918847457448,34086.875797892346,37638.32319915267,3551.447401260324,0.0,0.0,0.0
B,1270.0,0.0,3.697865917695702,0.48333333333333367,15294.470456652018,15105.930275686687,-188.54018096533036,34116.80813645288,37520.713626252225,3403.9054897993483,0.0,0.0,0.0
B,1280.0,0.0,3.700009789822102,0.48333333333333367,15274.848619949558,15119.236557508742,-155.61206244081586,34146.52854024951,37417.09814270758,3270.5696024580757,0.0,0.0,0.0
B,1290.0,0.0,3.701950090408256,0.48333333333333367,15258.385263646802,15129.999538219481,-128.38572542732072,34176.058485457164,37324.56535957885,3148.506874121689,0.0,0.0,0.0
B,1300.0,0.0,3.7037217824526034,0.48333333333333367,15244.65089014942,15138.760330473426,-105.89055967599415,34205.41253776009,37241.072852606405,3035.660314846318,0.0,0.0,0.0
B,1310.0,0.0,3.7053502927642916,0.48333333333333367,15233.235158505373,15145.915402134942,-87.3197563704307,34234.5995930172,37165.143455268044,2930.5438622508445,0.0,0.0,0.0
B,1320.0,0.0,3.706855250673117,0.48333333333333367,15223.768060729431,15151.768833306123,-71.99922742330818,34263.62394581689,37095.64870212553,2832.0247563086377,0.0,0.0,0.0
B,1320.0000000000002,2.5,3.651594012165641,0.48333333333333367,15223.768060729431,15151.768833306123,-71.99922742330818,34263.62394581689,37095.64870212553,2832.0247563086377,0.04883425279543527,-0.006426985712040545,-0.055261238507475816
B,1330.0,2.5,3.6445698886794085,0.4819444444444448,15200.408528312406,14996.921242158201,-203.4872861542044,34310.55037445143,37421.15919915148,3110.6088247000516,0.04886653212715436,-0.006439330753432487,-0.05530586288058685
B,1340.0,2.5,3.6406296177071287,0.4805555555555559,15176.135062079498,14920.772421803902,-255.36264027559628,34358.06859855527,37610.46313249507,3252.394533939798,0.04888366197343751,-0.00644686883758786,-0.055330530811025375
B,1350.0,2.5,3.6378510509106228,0.479166666666667,15151.0488033474,14859.092106237,-291.95669711039955,34406.020725333205,37746.638944911225,3340.61821957802,0.04889814662509141,-0.00645245637017249,-0.055350602995263905
B,1360.0,2.5,3.6356424682875224,0.47777777777777813,15124.919560939956,14804.224868040203,-320.69469289975314,34454.321056479195,37856.45228353063,3402.131227051432,0.04891149113504611,-0.00645706356897462,-0.05536855470402073
B,1370.0,2.5,3.633764635135457,0.47638888888888925,15097.492376868566,14753.365527474007,-344.12684939455903,34502.91232785773,37950.91379291704,3448.0014650593075,0.04892424851127827,-0.00646109955053205,-0.05538534806181032
B,1380.0,2.5,3.632101525846951,0.47500000000000037,15068.62282672124,14705.179346584113,-363.44348013712624,34551.75093263063,38035.41328605685,3483.662353426218,0.048936680269442166,-0.006464767308578025,-0.055401447578020194
B,1390.0,2.5,3.630585903947346,0.4736111111111115,15038.301976329996,14658.859173034976,-379.44280329502,34600.800509426736,38113.107356510256,3512.3068470835206,0.04894894771987555,-0.006468187753080631,-0.05541713547295618
B,1400.0,2.5,3.629178769222938,0.4722222222222226,15006.618120681447,14613.928782870566,-392.6893378108816,34650.02965556101,38185.827198839645,3535.7975432786334,0.04896114479698365,-0.006471431133488081,-0.05543257593047173
B,1410.0,2.5,3.6278536299551734,0.4708333333333337,14973.705395425704,14570.057439170903,-403.6479562548011,34699.41004419446,38254.8263648843,3555.4163206898374,0.04897333791775962,-0.006474546208594557,-0.05544788412635417
B,1420.0,2.5,3.626592751942654,0.46944444444444483,14939.720742842846,14527.015361949041,-412.70538089380534,34748.9159942169,38320.94366990383,3572.027675686928,0.048985573458708215,-0.0064775657074458036,-0.055463139166154016
B,1430.0,2.5,3.625383861046971,0.46805555555555595,14904.821134958538,14484.637120161136,-420.1840147974017,34798.524069707964,38384.7574760785,3586.233406370535,0.04899788497999746,-0.006480512183738148,-0.05547839716373561
B,1440.0,2.5,3.6242175644667087,0.46666666666666706,14869.147330984328,14442.79356926116,-426.3537617231668,34848.21279632701,38446.71226458492,3598.4994682579127,0.04901029945116114,-0.0064834031782343565,-0.0554937026293955
B,1450.0,2.5,3.6230862810828475,0.4652777777777782,14832.820909032143,14401.378350243054,-431.44255878908916,34897.96262753657,38507.1699246537,3609.207297117129,0.04902284015672426,-0.006486253252474379,-0.055509093409198636
B,1460.0,2.5,3.621984126791804,0.4638888888888893,14795.946995051456,14360.306488866336,-435.6405061851201,34947.75603709907,38566.41144906031,3618.655411961241,0.04903552637177931,-0.0064890738292005526,-0.055524600200979865
B,1470.0,2.5,3.6209067176415077,0.4625000000000004,14758.617001685832,14319.513131574296,-439.1038701115358,34997.577561586826,38624.6439757898,3627.066414202971,0.04904837307491748,-0.006491873315677726,-0.05554024639059521
B,1480.0,2.5,3.6198505798863323,0.4611111111111115,14720.909879020202,14278.946495527158,-441.9633834930446,35047.41370731381,38682.03062671198,3634.6169193981696,0.049061392601179137,-0.006494658371728741,-0.055556050972907875
B,1490.0,2.5,3.6188134677293062,0.45972222222222264,14682.89317036524,14238.571937823717,-444.3212325415225,35097.253046387494,38738.670572617775,3641.4175262302815,0.049074592892794366,-0.0064974328183174754,-0.05557202571111184
B,1500.0,2.5,3.6177928552879717,0.45833333333333376,14644.621187186367,14198.352501072257,-446.2686861141101,35147.08582706793,38794.68234507147,3647.596518003542,0.049087983513076396,-0.006500201624374164,-0.05558818513745056
B,1510.0,2.5,3.6167872754958226,0.4569444444444449,14606.138927835404,14158.26636039488,-447.8725674405232,35196.904244633435,38850.12763621622,3653.223391582782,0.04910156974613115,-0.006502967128344549,-0.055604536874475696
B,1520.0,2.5,3.6157948669960485,0.455555555555556,14567.482264016877,14118.287268567172,-449.19499544970495,35246.701997170385,38905.092912181324,3658.3909150109394,0.049115358945007945,-0.006505733034017458,-0.0556210919790254
B,1530.0,2.5,3.614814309938046,0.4541666666666671,14528.681437577887,14078.396977516011,-450.2844600618755,35296.47430154935,38959.6358722716,3663.161570722252,0.04912935626739378,-0.006508501733773333,-0.05563785800116711
B,1540.0,2.5,3.613844341597941,0.4527777777777782,14489.75951450325,14038.578874916717,-451.1806395865333,35346.21787258475,39013.81266014649,3667.594787561742,0.04914356672624173,-0.006511275643027667,-0.0556548423692694
B,1550.0,2.5,3.612883922178264,0.45138888888888934,14450.739209504056,13998.81953105312,-451.9196784509368,35395.930287760784,39067.66796601282,3671.737678252037,0.049157994575321724,-0.0065140566826322275,-0.05567205125795395
B,1560.0,2.5,3.6119321682335013,0.45000000000000046,14411.63576067126,13959.108685944182,-452.5270747270788,35445.610606078626,39121.23860868807,3675.6280026094464,0.04917264321937565,-0.006516846440522879,-0.05568948965989853
B,1570.0,2.5,3.6109883103264093,0.44861111111111157,14372.46533162802,13919.437564901737,-453.0277667262835,35495.25828581299,39174.55566832932,3679.297382516328,0.049187515756361974,-0.006519646266618156,-0.05570716202298013
B,1580.0,2.5,3.610051693351814,0.4472222222222227,14333.239299529116,13879.799646038638,-453.4396534904772,35544.87387479081,39227.64432659551,3682.770451804703,0.04920261463898533,-0.006522457251582171,-0.055725071890567496
B,1590.0,2.5,3.609121708304694,0.4458333333333338,14293.968083183781,13840.189069103388,-453.7790140803936,35594.45825412347,39280.5276893256,3686.069435202131,0.049217942228135816,-0.006525280418750735,-0.05574322264688655
B,1600.0,2.5,3.6081977577015003,0.4444444444444449,14254.660718483505,13800.600087563886,-454.06063091961914,35644.01244245261,39333.228763867715,3689.216321415108,0.049233500990666375,-0.006528116826401709,-0.055761617817068086
B,1610.0,2.5,3.607279363913027,0.44305555555555604,14215.323450010323,13761.029161930734,-454.294288079589,35693.53836733756,39385.763949261556,3692.2255819239945,0.04924929265501277,-0.006530967212906303,-0.055780259867919076
B,1620.0,2.5,3.606366152815365,0.44166666666666715,14175.959995290428,13721.474686526626,-454.4853087638021,35743.03873974805,39438.143840963254,3695.105101215202,0.04926531825642271,-0.006533832026525363,-0.05579915028294807
B,1630.0,2.5,3.605457552448729,0.44027777777777827,14136.578249058037,13681.930868679716,-454.64738037832103,35792.51445024563,39490.39120355413,3697.8767533084974,0.049281580614390176,-0.006536712407528159,-0.05581829302191833
B,1640.0,2.5,3.6045533004795383,0.4388888888888894,14097.178547066762,13642.398137127713,-454.7804099390487,35841.96907129003,39542.51057106625,3700.54149977622,0.0492980800851651,-0.006539608518970531,-0.05583768860413563
B,1650.0,2.5,3.603653066245622,0.4375000000000005,14057.762836432918,13602.875373728453,-454.88746270446427,35891.40539339399,39594.510754211806,3703.105360817819,0.04931481768550507,-0.006542520772321349,-0.05585733845782642
B,1660.0,2.5,3.602756397116645,0.4361111111111116,14018.336898238751,13563.358658415198,-454.97823982355294,35940.82467503885,39646.40815496937,3705.583479930523,0.04933179568337151,-0.006545450024677062,-0.05587724570804857
B,1670.0,2.5,3.60186306344419,0.43472222222222273,13978.899684488855,13523.848751428315,-455.05093306054005,35990.23044942093,39698.2058827138,3707.9754332928715,0.049349014400792195,-0.0065483964029833435,-0.05589741080377554
B,1680.0,2.5,3.600972748400909,0.43333333333333385,13939.453317961805,13484.344337216342,-455.10898074546276,36039.62493829908,39749.91244561238,3710.2875073133036,0.049366475076790775,-0.00655136035044018,-0.05591783542723096
B,1690.0,2.5,3.6000851217353937,0.43194444444444496,13900.000726696293,13444.843628090477,-455.1570986058159,36089.00989997777,39801.53731035206,3712.5274103742922,0.04938417920808552,-0.006554342380972166,-0.05593852158905769
B,1700.0,2.5,3.599199938190681,0.4305555555555561,13860.541779567133,13405.346628266085,-455.1951513010481,36138.38803667316,39853.08486740863,3714.696830735469,0.04940212752826115,-0.00655734272883335,-0.055959470257094496
B,1710.0,2.5,3.59831691575225,0.4291666666666672,13821.078222911767,13365.8523461534,-455.2258767583662,36187.7611282686,39904.5618264537,3716.8006981850995,0.04942032124511236,-0.006560361772811619,-0.05598068301792398
B,1720.0,2.5,3.5974357951874962,0.4277777777777783,13781.611098253628,13326.360178718955,-455.2509195346738,36237.13105685481,39955.97356960182,3718.842512747011,0.04943876142124032,-0.00656339982512073,-0.05600216124636105
B,1730.0,2.5,3.5965563358330077,0.42638888888888943,13742.140914801386,13286.869823843972,-455.27109095741434,36286.49973486471,40007.32438193866,3720.824647073954,0.049457449003880535,-0.006566457142290111,-0.05602390614617064
B,1740.0,2.5,3.5956782895501873,0.42500000000000054,13702.668511735348,13247.380778097218,-455.2877336381298,36335.86874098661,40058.61905509609,3722.7503141094785,0.049476385058052505,-0.00656953401932189,-0.0560459190773744
B,1750.0,2.5,3.594801430407214,0.42361111111111166,13663.194265822996,13207.892855022455,-455.3014108005409,36385.239659027924,40109.86101419153,3724.621355163603,0.04949557051966255,-0.0065726306772643985,-0.05606820119692695
B,1760.0,2.5,3.593925530409675,0.4222222222222228,13623.718605302513,13168.405807047055,-455.3127982554579,36434.613937946524,40161.053830752426,3726.4398928059018,0.04951500637294988,-0.0065757473526487555,-0.05609075372559864
B,1770.0,2.5,3.593050340696805,0.4208333333333339,13584.242324586685,13128.919056591334,-455.32326799535076,36483.99299715009,40212.202418780034,3728.2094216299447,0.049534693787522656,-0.0065788843714900125,-0.05611357815901267
B,1780.0,2.5,3.5921756626161834,0.419444444444445,13544.765312518386,13089.432741884946,-455.3325706334399,36533.378009618405,40263.308495777674,3729.930486159268,0.04955463359764202,-0.006582041870912991,-0.05613667546855501
B,1790.0,2.5,3.5913012932706616,0.4180555555555561,13505.287517795445,13049.946923051788,-455.34059474365677,36582.77006654269,40314.37402843989,3731.603961897199,0.049574826688024494,-0.006585220007197673,-0.05616004669522217
B,1800.0,2.5,3.5904270386516406,0.41666666666666724,13465.808711783506,13010.461777160363,-455.34693462314317,36632.170136876695,40365.400386109846,3733.230249233151,0.049595273894823745,-0.0065884189031089465,-0.05618369279793269
B,1810.0,2.5,3.589552705130751,0.41527777777777836,13426.328676644602,12970.97746685713,-455.3512097874718,36681.579090706226,40416.38887572733,3734.809785021105,0.04961597607126135,-0.0065916386804652045,-0.05620761475172655
B,1820.0,2.5,3.5886779773558253,0.4138888888888895,13386.849967531272,12931.492211578388,-455.35775595288396,36730.998042371044,40467.34859619193,3736.3505538208847,0.04963693511827755,-0.0065948799613936605,-0.056231815079671205
B,1830.0,2.5,3.5878027292841486,0.4125000000000006,13347.370882145417,12892.00719677487,-455.3636853705466,36780.427477137964,40518.27644714028,3737.848970002313,0.04965815139418734,-0.006598142600954859,-0.0562562939951422
B,1840.0,2.5,3.5869267724078897,0.4111111111111117,13307.891138852996,12852.522608991221,-455.36852986177473,36829.86795654073,40569.1732747972,3739.305318256469,0.04967962578744534,-0.006601426704670791,-0.05628105249211614
B,1850.0,2.5,3.5860499237088796,0.4097222222222228,13268.410341839271,12813.03870761921,-455.37163422006233,36879.31992772032,40620.039507608875,3740.7195798885587,0.049701359155897504,-0.006604732352979579,-0.05630609150887708
B,1860.0,2.5,3.585172005553782,0.40833333333333394,13228.927981108787,12773.55582489769,-455.3721562110968,36928.78372342506,40670.875156242866,3742.091432817804,0.0497233523244706,-0.006608059600281502,-0.056331411924752106
B,1870.0,2.5,3.5842927022071787,0.40694444444444505,13189.446801888984,12734.07216117561,-455.3746407133731,36978.26033468689,40721.689135680186,3743.4288009932934,0.04974560733285445,-0.006611409090632207,-0.05635701642348666
B,1880.0,2.5,3.5834118725759065,0.40555555555555617,13149.965466109492,12694.588586802836,-455.3768793066556,37027.74972794157,40772.47896181035,3744.729233868784,0.049768124752047456,-0.006614780726012119,-0.056382905478059575
B,1890.0,2.5,3.582529334211313,0.4041666666666673,13110.483611786181,12655.105331570603,-455.37828021557834,37077.252005253635,40823.24474917387,3745.9927439202365,0.04979090551689289,-0.006618174578783896,-0.056409080095676786
B,1900.0,2.5,3.5816448964581618,0.4027777777777784,13071.00107660662,12615.622492750905,-455.378583855716,37126.767226268035,40873.98706286467,3747.2198365966324,0.049813950649270154,-0.00662159075265747,-0.05643554140192762
B,1910.0,2.5,3.5807583704011323,0.4013888888888895,13031.51766325746,12576.140188652327,-455.3774746051331,37176.295354394606,40924.70626926388,3748.4109148692733,0.04983726117147983,-0.006625029339591532,-0.056462290511071364
B,1920.0,2.5,3.5798695512431404,0.40000000000000063,12992.03354611414,12536.658305781977,-455.37524033216323,37225.836424009074,40975.40368990881,3749.5672658997355,0.04986083825750715,-0.0066284904983862315,-0.05648932875589338
B,1920.0000000000002,0.0,3.6363588799990336,0.40000000000000063,12992.03354611414,12536.658305781977,-455.37524033216323,37225.836424009074,40975.40368990881,3749.5672658997355,0.0,0.0,0.0
B,1930.0,0.0,3.6416434785308485,0.40000000000000063,12968.074540989799,12656.845821589095,-311.228719400704,37257.32662151,40636.570074442396,3379.2434529323946,0.0,0.0,0.0
B,1940.0,0.0,3.644669849890714,0.40000000000000063,12946.389321823142,12697.501382521325,-248.88793930181782,37288.07358175858,40438.66936966284,3150.5957879042617,0.0,0.0,0.0
B,1950.0,0.0,3.6468308872617046,0.40000000000000063,12926.645448414998,12722.910727527862,-203.73472088713606,37318.2293126176,40298.08985634544,2979.8605437278384,0.0,0.0,0.0
B,1960.0,0.0,3.6485372907385587,0.40000000000000063,12908.879031399267,12740.959564518611,-167.91946688065582,37347.87094623338,40187.631722291,2839.760776057621,0.0,0.0,0.0
B,1970.0,0.0,3.64996276654603,0.40000000000000063,12893.182740306966,12754.536132954083,-138.6466073528827,37377.04518627699,40095.743754601186,2718.6985683241946,0.0,0.0,0.0
B,1980.0,0.0,3.6511919164175235,0.40000000000000063,12879.566856814039,12765.045219682477,-114.52163713156187,37405.78286025709,40016.79856685536,2611.015706598271,0.0,0.0,0.0
B,1990.0,0.0,3.6522770498260204,0.40000000000000063,12867.92812829667,12773.373447764714,-94.55468053195546,37434.10615830293,39947.33546688284,2513.22930857991,0.0,0.0,0.0
B,2000.0,0.0,3.65325040642104,0.40000000000000063,12858.088411332788,12780.054531441248,-78.03387989153998,37462.0312875778,39885.217973911414,2423.186686333611,0.0,0.0,0.0
B,2010.0,0.0,3.6541330032601125,0.40000000000000063,12849.83212337115,12785.451242368079,-64.38088100307141,37489.57020270165,39829.053033155345,2339.482830453693,0.0,0.0,0.0
B,2020.0,0.0,3.6549406438763565,0.40000000000000063,12842.941529312757,12789.837859997493,-53.10366931526369,37516.73199115699,39777.79731082687,2261.065319669884,0.0,0.0,0.0
B,2030.0,0.0,3.6556854298229204,0.40000000000000063,12837.213660713776,12793.421513856363,-43.79214685741317,37543.52344257182,39730.65381119272,2187.1303686208994,0.0,0.0,0.0
B,2040.0,0.0,3.6563765049458254,0.40000000000000063,12832.465782965672,12796.360180718335,-36.10560224733672,37569.94940057879,39687.020767660855,2117.0713670820624,0.0,0.0,0.0
B,2050.0,0.0,3.6570208787078697,0.40000000000000063,12828.536982276226,12798.774905227494,-29.762077048731953,37596.01301732688,39646.436502893615,2050.4234855667382,0.0,0.0,0.0
B,2060.0,0.0,3.657623904713024,0.40000000000000063,12825.288694341112,12800.757821716836,-24.530872624276526,37621.71594418295,39608.54716686155,1986.8312226786002,0.0,0.0,0.0
B,2070.0,0.0,3.6581902761707825,0.40000000000000063,12822.604958810927,12802.387853094968,-20.217105715959406,37647.05872109017,39573.04429440842,1925.9855733182485,0.0,0.0,0.0
B,2080.0,0.0,3.6587240899444997,0.40000000000000063,12820.388133744342,12803.731868107547,-16.65626563679507,37672.040912632045,39539.65981107077,1867.6188984387263,0.0,0.0,0.0
B,2090.0,0.0,3.6592283829188914,0.40000000000000063,12818.558953039745,12804.838158472174,-13.72079456757092,37696.66095223439,39508.19295250429,1811.5320002698936,0.0,0.0,0.0
B,2100.0,0.0,3.659706087916776,0.40000000000000063,12817.049357464317,12805.751521691593,-11.297835772724284,37720.91671829168,39478.451915680285,1757.5351973886063,0.0,0.0,0.0
B,2110.0,0.0,3.660159247454926,0.40000000000000063,12815.806019496817,12806.501431656341,-9.304587840475506,37744.80520017435,39450.30044121095,1705.4952410366022,0.0,0.0,0.0
B,2120.0,0.0,3.6605900443788144,0.40000000000000063,12814.781829060998,12807.118398733786,-7.663430327211245,37768.32319329554,39423.59571104988,1655.2725177543398,0.0,0.0,0.0
B,2130.0,0.0,3.661000117455839,0.40000000000000063,12813.939546505551,12807.62345753613,-6.316088969420889,37791.467033567686,39398.228894368556,1606.7618608008706,0.0,0.0,0.0
B,2140.0,0.0,3.6613912129955493,0.40000000000000063,12813.246389865431,12808.038584497446,-5.207805367985202,37814.233099884834,39374.086138586725,1559.853038701891,0.0,0.0,0.0
B,2150.0,0.0,3.661764707779372,0.40000000000000063,12812.676303404147,12808.379455625429,-4.2968477787180746,37836.61768738842,39351.07670702475,1514.4590196363351,0.0,0.0,0.0
B,2160.0,0.0,3.6621219783592474,0.40000000000000063,12812.206387692873,12808.661382658664,-3.54500503420968,37858.61733395071,39329.110934483964,1470.4936005332565,0.0,0.0,0.0
B,2170.0,0.0,3.662464074681801,0.40000000000000063,12811.819265336182,12808.894359785229,-2.9249055509535538,37880.22869993937,39308.11933130496,1427.8906313655898,0.0,0.0,0.0
B,2180.0,0.0,3.662791991864398,0.40000000000000063,12811.499482794734,12809.087508451083,-2.411974343651309,37901.44889645112,39288.036426116465,1386.5875296653467,0.0,0.0,0.0
B,2190.0,0.0,3.663106584176915,0.40000000000000063,12811.235514601996,12809.247567708651,-1.987946893344997,37922.27530781,39268.805679282435,1346.530371472436,0.0,0.0,0.0
B,2200.0,0.0,3.663408573352864,0.40000000000000063,12811.017560614924,12809.379400747295,-1.6381598676289286,37942.70586664159,39250.37893540704,1307.673068765449,0.0,0.0,0.0
B,2210.0,0.0,3.663698753733184,0.40000000000000063,12810.837969842762,12809.48872702321,-1.349242819551364,37962.73882775777,39232.70428669124,1269.9654589334677,0.0,0.0,0.0
B,2220.0,0.0,3.663977718130039,0.40000000000000063,12810.690031646269,12809.578630913693,-1.1114007325759303,37982.37322665973,39215.742147452744,1233.3689207930147,0.0,0.0,0.0
B,2230.0,0.0,3.664246035977234,0.40000000000000063,12810.568114612808,12809.651951168697,-0.9161634441115893,38001.60864856051,39199.45471536524,1197.8460668047264,0.0,0.0,0.0
B,2240.0,0.0,3.664504349277238,0.40000000000000063,12810.46907579918,12809.712272265857,-0.7568035333224543,38020.44474777278,39183.80029346476,1163.3555456919785,0.0,0.0,0.0
B,2250.0,0.0,3.664753126930543,0.40000000000000063,12810.387628189748,12809.761546644371,-0.6260815453770192,38038.88256043715,39168.74775671924,1129.8651962820877,0.0,0.0,0.0
B,2260.0,0.0,3.6649928444320046,0.40000000000000063,12810.319868877312,12809.801801431273,-0.5180674460389127,38056.9234534221,39154.26588746851,1097.3424340464044,0.0,0.0,0.0
B,2270.0,0.0,3.665223963885383,0.40000000000000063,12810.265774914711,12809.834379461176,-0.4313954535355151,38074.56855117758,39140.32443766795,1065.7558864903694,0.0,0.0,0.0
B,2280.0,0.0,3.6654469069857716,0.40000000000000063,12810.220746461015,12809.861215498615,-0.3595309623997309,38091.82064503208,39126.89595284457,1035.0753078124908,0.0,0.0,0.0
B,2290.0,0.0,3.6656620674776756,0.40000000000000063,12810.182401461241,12809.883669297935,-0.2987321633063402,38108.682595308695,39113.954791139135,1005.2721958304392,0.0,0.0,0.0
B,2300.0,0.0,3.6658697771666913,0.40000000000000063,12810.151516951666,12809.901874010478,-0.24964294118763064,38125.157098093616,39101.479029136804,976.3219310431887,0.0,0.0,0.0
B,2310.0,0.0,3.666070394824195,0.40000000000000063,12810.125362776296,12809.917227072208,-0.20813570408790838,38141.248116528455,39089.44552015878,948.1974036303218,0.0,0.0,0.0
B,2320.0,0.0,3.6662642338777536,0.40000000000000063,12810.10291962203,12809.930376411034,-0.17254321099608205,38156.95967253305,39077.83388174742,920.874209214373,0.0,0.0,0.0
B,2330.0,0.0,3.666451563027088,0.40000000000000063,12810.084299418268,12809.94132224593,-0.1429771723378508,38172.29591208338,39066.626450138894,894.3305380555175,0.0,0.0,0.0
B,2340.0,0.0,3.6666326613470837,0.40000000000000063,12810.068652887285,12809.95058338153,-0.11806950575555675,38187.26159115386,39055.80516302157,868.5435718677109,0.0,0.0,0.0
B,2350.0,0.0,3.6668077807515744,0.40000000000000063,12810.055605083868,12809.958384126105,-0.0972209577630565,38201.861662292446,39045.35365766454,843.4919953720964,0.0,0.0,0.0
B,2360.0,0.0,3.6669771585983666,0.40000000000000063,12810.044763715923,12809.964918357573,-0.07984535835021234,38216.10134992633,39035.25654880239,819.1551988760621,0.0,0.0,0.0
B,2370.0,0.0,3.667141018143399,0.40000000000000063,12810.035891611795,12809.970285128371,-0.06560648342383502,38229.98608384772,39025.499380148016,795.513296300298,0.0,0.0,0.0
B,2380.0,0.0,3.6672995686859235,0.40000000000000063,12810.02889813921,12809.974576400364,-0.054321738845828804,38243.52158531225,39016.06862086734,772.5470355550933,0.0,0.0,0.0
B,2390.0,0.0,3.6674530080391556,0.40000000000000063,12810.023795069565,12809.97788706469,-0.04590800487494562,38256.71381354351,39006.951511429994,750.237697886485,0.0,0.0,0.0
B,2400.0,0.0,3.6676015326335776,0.40000000000000063,12810.020146206953,12809.98036556494,-0.039780642013283796,38269.56873255671,38998.13546492978,728.5667323730668,0.0,0.0,0.0
B,2410.0,0.0,3.667745332728442,0.40000000000000063,12810.017466952919,12809.982218537221,-0.03524841569742421,38282.09246275619,38989.60834732196,707.5158845657716,0.0,0.0,0.0
B,2420.0,0.0,3.6678845967992997,0.40000000000000063,12810.015040174303,12809.983743704912,-0.031296469391236315,38294.291196105114,38981.35821760199,687.0670214968777,0.0,0.0,0.0
B,2430.0,0.0,3.6680194928704655,0.40000000000000063,12810.0126258237,12809.985056159223,-0.02756966447668674,38306.171272065214,38973.37438216903,667.2031101038156,0.0,0.0,0.0
B,2440.0,0.0,3.668150093636873,0.40000000000000063,12810.013213001685,12809.985016769939,-0.028196231745823752,38317.739546671255,38965.65163222618,647.9120855549263,0.0,0.0,0.0
B,2450.0,0.0,3.668276613440633,0.40000000000000063,12810.014417840048,12809.984596049739,-0.02982179030914267,38329.00213203402,38958.17678629803,629.1746542640103,0.0,0.0,0.0
B,2460.0,0.0,3.6683992139992583,0.40000000000000063,12810.015594830493,12809.984099639221,-0.0314951912714605,38339.96539106436,38950.93972131518,610.9743302508214,0.0,0.0,0.0
B,2470.0,0.0,3.668518060366058,0.40000000000000063,12810.015827469248,12809.983956741762,-0.03187072748551145,38350.635623180824,38943.930189598934,593.2945664181098,0.0,0.0,0.0
B,2480.0,0.0,3.668633323091268,0.40000000000000063,12810.013880859184,12809.984742129516,-0.029138729667465668,38361.01903160069,38937.137693452154,576.1186618514621,0.0,0.0,0.0
B,2490.0,0.0,3.668745079686792,0.40000000000000063,12810.011394358411,12809.985788912278,-0.025605446133340592,38371.12222547694,38930.5570522725,559.4348267955647,0.0,0.0,0.0
B,2500.0,0.0,3.6688534519518408,0.40000000000000063,12810.008477587671,12809.987105415832,-0.02137217183917528,38380.95146803108,38924.18062292807,543.2291548969879,0.0,0.0,0.0
B,2510.0,0.0,3.6689585417678092,0.40000000000000063,12810.00580069669,12809.988467424813,-0.01733327187685063,38390.51299671598,38918.00193006643,527.488933350447,0.0,0.0,0.0
B,2520.0,0.0,3.6690598413246573,0.40000000000000063,12810.003913370305,12809.989555800921,-0.014357569383719238,38399.764637531676,38912.05032286131,512.2856853296325,0.0,0.0,0.0
B,2530.0,0.0,3.6691585044442587,0.40000000000000063,12810.002319637952,12809.990483053358,-0.01183658459376602,38408.79702705187,38906.25762725425,497.4606002023793,0.0,0.0,0.0
B,2540.0,0.0,3.6692543200130068,0.40000000000000063,12810.001000002876,12809.991258037398,-0.009741965477587655,38417.591594802696,38900.635908302116,483.04431349942024,0.0,0.0,0.0
B,2550.0,0.0,3.669347317405765,0.40000000000000063,12809.999894718356,12809.991910999297,-0.007983719058756833,38426.148020020606,38895.18311444785,469.03509442724317,0.0,0.0,0.0
B,2560.0,0.0,3.669437580660798,0.40000000000000063,12809.998977453475,12809.99245633122,-0.00652112225543533,38434.47211754312,38889.89400359614,455.4218860530236,0.0,0.0,0.0
B,2570.0,0.0,3.66952554172601,0.40000000000000063,12809.99810529463,12809.992972088374,-0.005133206255777623,38442.59116281531,38884.74299825311,442.1518354377986,0.0,0.0,0.0
B,2580.0,0.0,3.669610876115707,0.40000000000000063,12809.997385767168,12809.993399687866,-0.003986079302194412,38450.4853374869,38879.74882516163,429.26348767473246,0.0,0.0,0.0
B,2590.0,0.0,3.6696935791245817,0.40000000000000063,12809.996818871088,12809.993739129684,-0.0030797414037806448,38458.15464155791,38874.911484321696,416.7568427637889,0.0,0.0,0.0
B,2600.0,0.0,3.669773646181343,0.40000000000000063,12809.996404606392,12809.99399041384,-0.0024141925532603636,38465.59907502833,38870.23097573328,404.631900704946,0.0,0.0,0.0
B,2610.0,0.0,3.6698512542420714,0.40000000000000063,12809.996094621021,12809.994180436168,-0.001914184853376355,38472.83045333666,38865.69670878651,392.86625544985145,0.0,0.0,0.0
B,2620.0,0.0,3.6699266309275966,0.40000000000000063,12809.99582720287,12809.994343524066,-0.0014836788050160976,38479.86385661959,38861.29516660309,381.43130998350534,0.0,0.0,0.0
B,2630.0,0.0,3.669999626776196,0.40000000000000063,12809.99564120869,12809.994458063442,-0.001183145248432993,38486.689789736505,38857.03486002497,370.34507028846565,0.0,0.0,0.0
B,2640.0,0.0,3.670070570240757,0.40000000000000063,12809.995477268283,12809.994558524542,-0.0009187437408400001,38493.33109421089,38852.89642597813,359.5653317672404,0.0,0.0,0.0
B,2650.0,0.0,3.6701393606075703,0.40000000000000063,12809.995352829032,12809.99463477745,-0.0007180515822255984,38499.7810575027,38848.88555477512,349.1044972724194,0.0,0.0,0.0
B,2660.0,0.0,3.67020606837973,0.40000000000000063,12809.995261290105,12809.994690895508,-0.0005703945971617941,38506.045091619875,38844.99795738376,338.95286576388753,0.0,0.0,0.0
B,2670.0,0.0,3.6702708844584757,0.40000000000000063,12809.995181145763,12809.994739846727,-0.000441299036538112,38512.13721514067,38841.222347636816,329.0851324961477,0.0,0.0,0.0
B,2680.0,0.0,3.670333696703933,0.40000000000000063,12809.995124545709,12809.994774304816,-0.0003502408926578937,38518.04950825109,38837.5651016691,319.5155934180075,0.0,0.0,0.0
B,2690.0,0.0,3.6703946125088396,0.40000000000000063,12809.995083355334,12809.99479929032,-0.0002840650140569778,38523.790194932284,38834.01981684515,310.22962191286933,0.0,0.0,0.0
B,2700.0,0.0,3.6704537082898474,0.40000000000000063,12809.995051748218,12809.99481839925,-0.00023334896832238883,38529.36516563401,38830.58190725926,301.2167416252487,0.0,0.0,0.0
