cell,time_s,current_A,voltage_V,soc,capacity_ah,contact_resistance_ohm,negative_gradient_mol_m3,positive_gradient_mol_m3,negative_overpotential_V,positive_overpotential_V,total_overpotential_V
Cell 1,0.0,2.5,3.982064065887455,0.8,5.0,0.012,3.637978807091713e-12,0.0,0.053503745218615555,-0.006510885367504817,-0.060014630586120374
Cell 1,10.0,2.5,3.972390945979345,0.7986111111111112,5.0,0.012,-144.1112276924432,371.43896996434705,0.05327708010146157,-0.006491490567168431,-0.059768570668630006
Cell 1,20.0,2.5,3.9660972051956547,0.7972222222222223,5.0,0.012,-206.49976871802937,601.2059837551169,0.05316613429682159,-0.006479741269746377,-0.05964587556656797
Cell 1,30.0,2.5,3.9612476344743626,0.7958333333333334,5.0,0.012,-251.614636823826,772.9432293228056,0.05307779510617181,-0.006471033680506229,-0.05954882878667804
Cell 1,40.0,2.5,3.9571674746125933,0.7944444444444445,5.0,0.012,-287.4571295409296,914.1557647250665,0.053000423105208104,-0.006463911106495984,-0.059464334211704085
Cell 1,50.0,2.5,3.953575405741409,0.7930555555555556,5.0,0.012,-316.7084146184534,1036.1622436641192,0.052929973418539174,-0.0064577809743924216,-0.0593877543929316
Cell 1,60.0,2.5,3.950324291067963,0.7916666666666667,5.0,0.012,-340.8444374712344,1144.8423568521976,0.0528642913300038,-0.006452338287270086,-0.05931662961727389
Cell 1,70.0,2.5,3.9473279781349504,0.7902777777777779,5.0,0.012,-360.81845104584136,1243.6193599109356,0.05280214021481334,-0.006447406206007377,-0.05924954642082071
Cell 1,80.0,2.5,3.944534263223599,0.788888888888889,5.0,0.012,-377.3333471842998,1334.5553063588814,0.05274275632870039,-0.006442877059044409,-0.059185633387744796
Cell 1,90.0,2.5,3.941905368169651,0.7875000000000001,5.0,0.012,-390.9828777524599,1419.1340230595197,0.052685588002466734,-0.006438674209407999,-0.05912426221187473
Cell 1,100.0,2.5,3.9394136245030285,0.7861111111111112,5.0,0.012,-402.2616113041622,1498.4362194502173,0.0526302327947676,-0.00643474210141686,-0.05906497489618446
Cell 1,110.0,2.5,3.937038904395829,0.7847222222222222,5.0,0.012,-411.576107448087,1573.2418709850135,0.05257639774251785,-0.006431040340421268,-0.059007438082939116
Cell 1,120.0,2.5,3.934766066204643,0.7833333333333333,5.0,0.012,-419.26322622484076,1644.1317478833662,0.05252386372847829,-0.0064275385388378355,-0.05895140226731613
Cell 1,130.0,2.5,3.932582982655176,0.7819444444444444,5.0,0.012,-425.604211739148,1711.5665914021556,0.05247245812810837,-0.006424212563171137,-0.058896670691279504
Cell 1,140.0,2.5,3.9304791891940356,0.7805555555555556,5.0,0.012,-430.8378160580178,1775.9422836168087,0.052422036070436974,-0.006421042044013632,-0.05884307811445061
Cell 1,150.0,2.5,3.928446816522107,0.7791666666666667,5.0,0.012,-435.15374996647006,1837.5499061574992,0.05237249097782131,-0.006418011453519665,-0.05879050243134098
Cell 1,160.0,2.5,3.9264785999096405,0.7777777777777778,5.0,0.012,-438.7156233732421,1896.6581933393172,0.05232372832797327,-0.006415106898164835,-0.05873883522613811
Cell 1,170.0,2.5,3.9245692442507525,0.7763888888888889,5.0,0.012,-441.64920031811926,1953.4551209798265,0.05227568212127506,-0.00641231795902147,-0.05868800008029653
Cell 1,180.0,2.5,3.9227136496813255,0.775,5.0,0.012,-444.0641007155609,2008.1224798030162,0.05222829174581177,-0.006409634961801643,-0.05863792670761341
Cell 1,190.0,2.5,3.920907416218198,0.7736111111111111,5.0,0.012,-446.05034052416886,2060.814359127544,0.05218150769318581,-0.006407049632828481,-0.05858855732601429
Cell 1,200.0,2.5,3.9191465007582984,0.7722222222222223,5.0,0.012,-447.6849607393451,2111.6715799826525,0.05213528688471543,-0.0064045545386749005,-0.05853984142339033
Cell 1,210.0,2.5,3.9174274834134066,0.7708333333333334,5.0,0.012,-449.02982552974936,2160.8100655218113,0.052089595312419135,-0.0064021434044152226,-0.05849173871683436
Cell 1,220.0,2.5,3.9157470442978424,0.7694444444444445,5.0,0.012,-450.1401406267905,2208.343380788083,0.052044401289775916,-0.006399810336297687,-0.058444211626073606
Cell 1,230.0,2.5,3.9141026551500957,0.7680555555555556,5.0,0.012,-451.05623937849305,2254.352155510798,0.0519996836731216,-0.006397550736651438,-0.058397234409773034
Cell 1,240.0,2.5,3.9124918880794453,0.7666666666666667,5.0,0.012,-451.8131464734324,2298.9141691279583,0.05195542307062343,-0.006395360312288086,-0.05835078338291152
Cell 1,250.0,2.5,3.9109127081536097,0.7652777777777778,5.0,0.012,-452.43749991086224,2342.091256007283,0.051911605236554394,-0.0063932354471446075,-0.058304840683699004
Cell 1,260.0,2.5,3.9093630009171783,0.763888888888889,5.0,0.012,-452.9529278188311,2383.950233407355,0.05186821532096581,-0.006391172549084942,-0.058259387870050756
Cell 1,270.0,2.5,3.9078410638277172,0.7625000000000001,5.0,0.012,-453.3774300406876,2424.541009323806,0.0518252432782749,-0.006389168687761371,-0.05821441196603627
Cell 1,280.0,2.5,3.906345229012192,0.7611111111111112,5.0,0.012,-453.7261934009621,2463.9131815201144,0.0517826795476398,-0.006387221078148992,-0.05816990062578879
Cell 1,290.0,2.5,3.904873811848355,0.7597222222222223,5.0,0.012,-454.0123429342384,2502.1183801469087,0.051740514438628586,-0.006385327009836397,-0.058125841448464985
Cell 1,300.0,2.5,3.9034254126300656,0.7583333333333334,5.0,0.012,-454.24829317982585,2539.1969561957158,0.05169874090053779,-0.006383484224178901,-0.05808222512471669
Cell 1,310.0,2.5,3.9019986213438975,0.7569444444444444,5.0,0.012,-454.4408413647034,2575.1902804018137,0.05165735237202585,-0.006381690526935767,-0.05803904289896162
Cell 1,320.0,2.5,3.9005921212794505,0.7555555555555555,5.0,0.012,-454.59918963736345,2610.1370662474,0.05161634254522089,-0.0063799439139659445,-0.057996286459186835
Cell 1,330.0,2.5,3.8992046682845514,0.7541666666666667,5.0,0.012,-454.7312480352339,2644.0736931432402,0.051575705758430124,-0.006378242538946954,-0.05795394829737708
Cell 1,340.0,2.5,3.897835138215956,0.7527777777777778,5.0,0.012,-454.8391919623391,2677.031326625045,0.051535438129185235,-0.006376584764510895,-0.05791202289369613
Cell 1,350.0,2.5,3.8964823985332604,0.7513888888888889,5.0,0.012,-454.92947030532014,2709.0429606305333,0.05149553479500674,-0.006374969000690121,-0.05787050379569686
Cell 1,360.0,2.5,3.895145411868421,0.75,5.0,0.012,-455.004873072965,2740.1374618397094,0.05145599215690848,-0.00637339382661697,-0.057829385983525446
Cell 1,370.0,2.5,3.8938231905608376,0.7486111111111111,5.0,0.012,-455.0674308255184,2770.3419503955483,0.05141680699406618,-0.006371857930730294,-0.05778866492479647
Cell 1,380.0,2.5,3.892514775067394,0.7472222222222222,5.0,0.012,-455.1195079936733,2799.6828589495817,0.05137797610819838,-0.006370360082391369,-0.05774833619058975
Cell 1,390.0,2.5,3.891219232107905,0.7458333333333333,5.0,0.012,-455.1626908744802,2828.185574174404,0.05133949654423114,-0.006368899127651978,-0.057708395671883114
Cell 1,400.0,2.5,3.8899356670979635,0.7444444444444445,5.0,0.012,-455.19827522864944,2855.874058513171,0.05130136558944496,-0.006367474000993827,-0.05766883959043879
Cell 1,410.0,2.5,3.8886632076473697,0.7430555555555556,5.0,0.012,-455.2271150098204,2882.7713263556543,0.0512635806901709,-0.006366083704323106,-0.05762966439449401
Cell 1,420.0,2.5,3.8874009996244627,0.7416666666666667,5.0,0.012,-455.24982021691903,2908.899585421703,0.051226139400612686,-0.006364727300979251,-0.057590866701591935
Cell 1,430.0,2.5,3.886148188842056,0.7402777777777778,5.0,0.012,-455.26762059674,2934.281151128591,0.051189039133650374,-0.006363403894893282,-0.057552443028543655
Cell 1,440.0,2.5,3.8849039246148362,0.7388888888888889,5.0,0.012,-455.2819371468431,2958.938100150048,0.051152277268312,-0.006362112634239679,-0.05751438990255168
Cell 1,450.0,2.5,3.8836673505037207,0.7375,5.0,0.012,-455.2947171199885,2982.8926689292093,0.05111585105071374,-0.006360852701586556,-0.057476703752300295
Cell 1,460.0,2.5,3.882437762450513,0.7361111111111112,5.0,0.012,-455.3019065553417,3006.1588585469144,0.05107975978975081,-0.006359623473294001,-0.05743938326304481
Cell 1,470.0,2.5,3.8812143071100187,0.7347222222222223,5.0,0.012,-455.30560289151254,3028.75811066596,0.05104400072626585,-0.006358424207862329,-0.05740242493412818
Cell 1,480.0,2.5,3.8799961278793504,0.7333333333333334,5.0,0.012,-455.308064587869,3050.7116044915383,0.051008571098966816,-0.006357254200184485,-0.0573658252991513
Cell 1,490.0,2.5,3.878782369804023,0.7319444444444445,5.0,0.012,-455.31142100497163,3072.0398990618887,0.05097346824038449,-0.00635611278605556,-0.05732958102644005
Cell 1,500.0,2.5,3.877572194724724,0.7305555555555556,5.0,0.012,-455.3170085275051,3092.7620663903945,0.05093868979416225,-0.0063549993556139776,-0.05729368914977623
Cell 1,510.0,2.5,3.876364992702698,0.7291666666666667,5.0,0.012,-455.3168588548506,3112.884589456844,0.050904236457773415,-0.006353913545022951,-0.05725815000279637
Cell 1,520.0,2.5,3.875159803248085,0.7277777777777779,5.0,0.012,-455.31668769766475,3132.4313972349264,0.050870104468948074,-0.0063528546942635865,-0.05722295916321166
Cell 1,530.0,2.5,3.8739557735888788,0.726388888888889,5.0,0.012,-455.31758975257253,3151.4199733885216,0.050836291627867645,-0.006351822281548718,-0.05718811390941636
Cell 1,540.0,2.5,3.872752032595939,0.7250000000000001,5.0,0.012,-455.3209947923533,3169.8678421428995,0.050802795667165876,-0.006350815803501149,-0.057153611470667026
Cell 1,550.0,2.5,3.8715477736113635,0.7236111111111112,5.0,0.012,-455.3256081907348,3187.788476936599,0.050769615210546064,-0.006349834845437899,-0.05711945005598396
Cell 1,560.0,2.5,3.870342212739909,0.7222222222222223,5.0,0.012,-455.32889388645344,3205.1933006923537,0.050736749273957105,-0.006348879039145325,-0.05708562831310243
Cell 1,570.0,2.5,3.869134428246451,0.7208333333333334,5.0,0.012,-455.3328949604329,3222.0995030259073,0.05070419546657951,-0.006347947929015506,-0.057052143395595015
Cell 1,580.0,2.5,3.8679235448150333,0.7194444444444446,5.0,0.012,-455.33750886629423,3238.521033570163,0.05067195209566707,-0.0063470411283660984,-0.05701899322403317
Cell 1,590.0,2.5,3.8667086772070167,0.7180555555555557,5.0,0.012,-455.3425311403407,3254.4713542322897,0.050640017521444744,-0.006346158269418198,-0.056986175790862945
Cell 1,600.0,2.5,3.865489576577912,0.7166666666666668,5.0,0.012,-455.34628975828673,3269.885595809712,0.05060839055316759,-0.006345299511142092,-0.056953690064309684
Cell 1,610.0,2.5,3.8642642515833234,0.7152777777777779,5.0,0.012,-455.3494710457162,3284.9120375028397,0.050577069318088565,-0.006344463646592465,-0.056921532964681026
Cell 1,620.0,2.5,3.8630321357590787,0.713888888888889,5.0,0.012,-455.35211446896574,3299.520827948596,0.05054605215805238,-0.00634365064187616,-0.05688970279992854
Cell 1,630.0,2.5,3.8617923727326278,0.7125000000000001,5.0,0.012,-455.35433173534693,3313.7156613860934,0.050515337416453414,-0.006342860244595573,-0.056858197661048986
Cell 1,640.0,2.5,3.8605438872261733,0.7111111111111112,5.0,0.012,-455.35626133068945,3327.52568329265,0.050484923451731695,-0.0063420920572522695,-0.05682701550898396
Cell 1,650.0,2.5,3.85928570427352,0.7097222222222224,5.0,0.012,-455.35799904515807,3340.967974764455,0.05045480865733159,-0.006341345777802231,-0.05679615443513382
Cell 1,660.0,2.5,3.8580172167580953,0.7083333333333335,5.0,0.012,-455.35941533228106,3354.01943535564,0.05042499151215531,-0.006340621370704545,-0.05676561288285985
Cell 1,670.0,2.5,3.856737604787858,0.7069444444444446,5.0,0.012,-455.3605101920657,3366.680065066208,0.050395470478342176,-0.006339918644182264,-0.05673538912252444
Cell 1,680.0,2.5,3.855446054422245,0.7055555555555557,5.0,0.012,-455.36128362449745,3378.949863896134,0.05036624403854138,-0.006339237407857038,-0.05670548144639842
Cell 1,690.0,2.5,3.8541412940909763,0.7041666666666668,5.0,0.012,-455.3619672818022,3390.8813364631533,0.05033731063240174,-0.006338577177187887,-0.056675887809589626
Cell 1,700.0,2.5,3.8528227060219082,0.702777777777778,5.0,0.012,-455.3624791167931,3402.4558865446525,0.050308668806947815,-0.006337937892300488,-0.0566466066992483
Cell 1,710.0,2.5,3.851489358536562,0.7013888888888891,5.0,0.012,-455.36287611939406,3413.69336518988,0.05028031709082311,-0.006337319281732255,-0.05661763637255537
Cell 1,720.0,2.5,3.850140379412472,0.7000000000000002,5.0,0.012,-455.36320782670737,3424.610397125096,0.050252254034806834,-0.006336721103790559,-0.05658897513859739
Cell 1,730.0,2.5,3.8487751471875318,0.6986111111111113,5.0,0.012,-455.3634470129182,3435.1993317812958,0.05022447822967209,-0.006336143246185582,-0.05656062147585767
Cell 1,740.0,2.5,3.8473927284739347,0.6972222222222224,5.0,0.012,-455.3636588840345,3445.4949388794157,0.050196988260906975,-0.0063355853987107375,-0.05653257365961771
Cell 1,750.0,2.5,3.8459926705428735,0.6958333333333335,5.0,0.012,-455.36381428326786,3455.4816711661733,0.0501697827578667,-0.006335047494329008,-0.056504830252195715
Cell 1,760.0,2.5,3.8445742566157715,0.6944444444444446,5.0,0.012,-455.36393876090733,3465.183926917991,0.05014286035425471,-0.006334529291273935,-0.05647738964552865
Cell 1,770.0,2.5,3.8431369775345567,0.6930555555555558,5.0,0.012,-455.3640410230364,3474.610019707983,0.05011621970671254,-0.006334030627074994,-0.05645025033378753
Cell 1,780.0,2.5,3.841680493743998,0.6916666666666669,5.0,0.012,-455.3641190599119,3483.7580303884097,0.05008985949284953,-0.006333551384137651,-0.056423410876987184
Cell 1,790.0,2.5,3.8402045125822983,0.690277777777778,5.0,0.012,-455.3641771148905,3492.632010991274,0.05006377840669624,-0.006333091422712011,-0.05639686982940825
Cell 1,800.0,2.5,3.8387087429931483,0.6888888888888891,5.0,0.012,-455.3642197540321,3501.2493495060407,0.0500379751600345,-0.006332650561798313,-0.05637062572183281
Cell 1,810.0,2.5,3.8371930852437894,0.6875000000000002,5.0,0.012,-455.36425130330827,3509.617511393317,0.05001244848233974,-0.006332228662853257,-0.05634467714519299
Cell 1,820.0,2.5,3.8356575973819482,0.6861111111111113,5.0,0.012,-455.3642759796858,3517.7394583310233,0.049987197120549866,-0.006331825606199286,-0.05631902272674915
Cell 1,830.0,2.5,3.834102437914316,0.6847222222222225,5.0,0.012,-455.36429809271795,3525.6219785764333,0.04996221983882284,-0.006331441263537125,-0.05629366110235996
Cell 1,840.0,2.5,3.8325278905207707,0.6833333333333336,5.0,0.012,-455.36431306465965,3533.2739847785997,0.049937515420453535,-0.006331075507194719,-0.05626859092764826
Cell 1,850.0,2.5,3.830934388013588,0.6819444444444447,5.0,0.012,-455.3643225644555,3540.702896398474,0.049913082664065474,-0.00633072821762461,-0.05624381088169009
Cell 1,860.0,2.5,3.8293225119629812,0.6805555555555558,5.0,0.012,-455.3643317582937,3547.9152969264724,0.04988892038414,-0.00633039928153939,-0.05621931966567939
Cell 1,870.0,2.5,3.827692985937922,0.6791666666666669,5.0,0.012,-455.364343086454,3554.918421452654,0.04986502741229266,-0.006330088589087401,-0.05619511600138006
Cell 1,880.0,2.5,3.8260467065074533,0.677777777777778,5.0,0.012,-455.364351706874,3561.7165822846364,0.04984140259808303,-0.006329796043174804,-0.05617119864125783
Cell 1,890.0,2.5,3.8243846927926795,0.6763888888888892,5.0,0.012,-455.3643575840215,3568.316020835744,0.04981804480607209,-0.006329521544400037,-0.056147566350472126
Cell 1,900.0,2.5,3.82270808660932,0.6750000000000003,5.0,0.012,-455.3643639707734,3574.7242983418255,0.04979495291604698,-0.006329264994155357,-0.056124217910202334
Cell 1,910.0,2.5,3.8210181666207825,0.6736111111111114,5.0,0.012,-455.3643717364466,3580.94801940678,0.04977212582412378,-0.006329026300834917,-0.05610115212495869
Cell 1,920.0,2.5,3.8193163859591976,0.6722222222222225,5.0,0.012,-455.36437701760224,3586.9872655710788,0.0497495624430559,-0.006328805389096348,-0.05607836783215225
Cell 1,930.0,2.5,3.817604255541881,0.6708333333333336,5.0,0.012,-455.3643798270605,3592.8474609447585,0.049727261700196236,-0.006328602174704294,-0.05605586387490053
Cell 1,940.0,2.5,3.8158833491437694,0.6694444444444447,5.0,0.012,-455.3643823732855,3598.5370557529677,0.049705222537739284,-0.006328416572167931,-0.05603363910990722
Cell 1,950.0,2.5,3.814155334888483,0.6680555555555558,5.0,0.012,-455.3643850891531,3604.0620530223787,0.04968344391341308,-0.006328248504663323,-0.05601169241807641
Cell 1,960.0,2.5,3.8124219355335147,0.666666666666667,5.0,0.012,-455.36438840755363,3609.428455779678,0.04966192479994367,-0.006328097899109886,-0.05599002269905356
Cell 1,970.0,2.5,3.810684909073168,0.6652777777777781,5.0,0.012,-455.36439276138117,3614.642267051593,0.04964066418490616,-0.006327964686153633,-0.05596862887105979
Cell 1,980.0,2.5,3.808946099948925,0.6638888888888892,5.0,0.012,-455.3643960487425,3619.7012332269514,0.049619661071082316,-0.0063278488076673476,-0.05594750987874966
Cell 1,990.0,2.5,3.8072073008286953,0.6625000000000003,5.0,0.012,-455.36439784563845,3624.6085661751276,0.049598914475459166,-0.006327750200233398,-0.055926664675692565
Cell 1,1000.0,2.5,3.8054702245068404,0.6611111111111114,5.0,0.012,-455.3643996547944,3629.37375374962,0.04957842342906054,-0.006327668798613279,-0.05590609222767382
Cell 1,1010.0,2.5,3.803736577110432,0.6597222222222225,5.0,0.012,-455.36440160619895,3634.001812439368,0.049558186977463725,-0.006327604545390803,-0.05588579152285453
Cell 1,1020.0,2.5,3.8020080009278905,0.6583333333333337,5.0,0.012,-455.3644038299244,3638.4977587333706,0.04953820418038762,-0.006327557386238496,-0.055865761566626114
Cell 1,1030.0,2.5,3.800286057171873,0.6569444444444448,5.0,0.012,-455.36440645593393,3642.866609120618,0.049518474111559345,-0.006327527269906376,-0.05584600138146572
Cell 1,1040.0,2.5,3.798572266153884,0.6555555555555559,5.0,0.012,-455.364408787882,3647.106873173838,0.049498995858735746,-0.006327514148460899,-0.05582651000719664
Cell 1,1050.0,2.5,3.796868019516819,0.654166666666667,5.0,0.012,-455.36441041901344,3651.219340962434,0.04947976852336219,-0.006327517973613941,-0.055807286496976125
Cell 1,1060.0,2.5,3.795174518624662,0.6527777777777781,5.0,0.012,-455.36441196922533,3655.2128863350154,0.04946079122031771,-0.006327538699717128,-0.05578832992003484
Cell 1,1070.0,2.5,3.7934928755367845,0.6513888888888892,5.0,0.012,-455.3644134535207,3659.0916200017164,0.04944206307809251,-0.006327576284507976,-0.05576963936260049
Cell 1,1080.0,2.5,3.7918240660281968,0.6500000000000004,5.0,0.012,-455.36441488687706,3662.8596526726324,0.04942358323855368,-0.006327630688252126,-0.05575121392680581
Cell 1,1090.0,2.5,3.790168925601551,0.6486111111111115,5.0,0.012,-455.36441628426473,3666.521095057884,0.04940535085682601,-0.006327701873736063,-0.05573305273056207
Cell 1,1100.0,2.5,3.7885281848639174,0.6472222222222226,5.0,0.012,-455.3644175586014,3670.075676117034,0.049387365101192515,-0.006327789802887338,-0.055715154904079855
Cell 1,1110.0,2.5,3.786902436211043,0.6458333333333337,5.0,0.012,-455.36441861607454,3673.5228349913377,0.04936962515296259,-0.006327894437528336,-0.05569751959049092
Cell 1,1120.0,2.5,3.785292063497771,0.6444444444444448,5.0,0.012,-455.3644195554043,3676.87027870565,0.04935213020632623,-0.006328015748061599,-0.055680145954387826
Cell 1,1130.0,2.5,3.7836973526691473,0.6430555555555559,5.0,0.012,-455.3644203746735,3680.1213919462243,0.049334879468293916,-0.006328153704251186,-0.055663033172545104
Cell 1,1140.0,2.5,3.7821184613539445,0.641666666666667,5.0,0.012,-455.36442107195035,3683.2795593993287,0.049317872158570815,-0.006328308277964795,-0.05564618043653561
Cell 1,1150.0,2.5,3.780555426121639,0.6402777777777782,5.0,0.012,-455.3644216453249,3686.348165751242,0.04930110750945063,-0.00632847944316911,-0.05562958695261974
Cell 1,1160.0,2.5,3.779008178280741,0.6388888888888893,5.0,0.012,-455.36442210446694,3689.3297105305974,0.04928458476570943,-0.006328667174570004,-0.05561325194027944
Cell 1,1170.0,2.5,3.7774765621902433,0.6375000000000004,5.0,0.012,-455.36442248466483,3692.2247473612515,0.049268303184501594,-0.0063288714452699475,-0.05559717462977154
Cell 1,1180.0,2.5,3.775960306695066,0.6361111111111115,5.0,0.012,-455.36442278741015,3695.0363993405845,0.04925226203526878,-0.006329092233588684,-0.055581354268857464
Cell 1,1190.0,2.5,3.774459284786211,0.6347222222222226,5.0,0.012,-455.3644230182217,3697.7396902979053,0.04923646059963559,-0.0063293294688094625,-0.05556579006844505
Cell 1,1200.0,2.5,3.7729727353331044,0.6333333333333337,5.0,0.012,-455.36442321636423,3700.378954684493,0.049220898171309,-0.006329583202438468,-0.05555048137374747
Cell 1,1200.0000000000002,0.0,3.8285232167068517,0.6333333333333337,5.0,0.012,-455.36442321636423,3700.378954684493,0.0,0.0,0.0
Cell 1,1210.0,0.0,3.83697993735901,0.6333333333333337,5.0,0.012,-311.2832063171263,3331.539114827836,0.0,0.0,0.0
Cell 1,1220.0,0.0,3.8415389902614288,0.6333333333333337,5.0,0.012,-248.84347924686153,3104.2416361705255,0.0,0.0,0.0
Cell 1,1230.0,0.0,3.844698127061698,0.6333333333333337,5.0,0.012,-203.74922596836404,2934.936084700581,0.0,0.0,0.0
Cell 1,1240.0,0.0,3.8471401724330705,0.6333333333333337,5.0,0.012,-167.9097042093308,2796.092993825714,0.0,0.0,0.0
Cell 1,1250.0,0.0,3.8491375962218544,0.6333333333333337,5.0,0.012,-138.66014806214662,2676.377624165045,0.0,0.0,0.0
Cell 1,1260.0,0.0,3.8508317627855506,0.6333333333333337,5.0,0.012,-114.51985892220546,2569.9065961875604,0.0,0.0,0.0
Cell 1,1270.0,0.0,3.852303691764878,0.6333333333333337,5.0,0.012,-94.546137407684,2473.2873393903246,0.0,0.0,0.0
Cell 1,1280.0,0.0,3.853602929137633,0.6333333333333337,5.0,0.012,-78.03227425393925,2384.450764304045,0.0,0.0,0.0
Cell 1,1290.0,0.0,3.8547651063934008,0.6333333333333337,5.0,0.012,-64.38227480393834,2301.903588785033,0.0,0.0,0.0
Cell 1,1300.0,0.0,3.8558158211550486,0.6333333333333337,5.0,0.012,-53.10288101815968,2224.5718069877585,0.0,0.0,0.0
Cell 1,1310.0,0.0,3.8567735549338265,0.6333333333333337,5.0,0.012,-43.78806464756053,2151.680899305,0.0,0.0,0.0
Cell 1,1320.0,0.0,3.85765207269715,0.6333333333333337,5.0,0.012,-36.10133493784815,2082.654619136076,0.0,0.0,0.0
Cell 1,1330.0,0.0,3.858462474905279,0.6333333333333337,5.0,0.012,-29.760257105306664,2017.0273390135844,0.0,0.0,0.0
Cell 1,1340.0,0.0,3.859214026403821,0.6333333333333337,5.0,0.012,-24.527545695455046,1954.4092274558752,0.0,0.0,0.0
Cell 1,1350.0,0.0,3.8599139077460016,0.6333333333333337,5.0,0.012,-20.21023945570778,1894.498688559881,0.0,0.0,0.0
Cell 1,1360.0,0.0,3.8605678156482752,0.6333333333333337,5.0,0.012,-16.651824823973584,1837.0567902177063,0.0,0.0,0.0
Cell 1,1370.0,0.0,3.8611810064333945,0.6333333333333337,5.0,0.012,-13.7174938187527,1781.861552163784,0.0,0.0,0.0
Cell 1,1380.0,0.0,3.8617571414760175,0.6333333333333337,5.0,0.012,-11.304553817080887,1728.7599187650667,0.0,0.0,0.0
Cell 1,1390.0,0.0,3.8623001888368207,0.6333333333333337,5.0,0.012,-9.318866466634063,1677.5834059742156,0.0,0.0,0.0
Cell 1,1400.0,0.0,3.8628133378432015,0.6333333333333337,5.0,0.012,-7.6847090535120515,1628.1967687846663,0.0,0.0,0.0
Cell 1,1410.0,0.0,3.8632994747683256,0.6333333333333337,5.0,0.012,-6.337440012139268,1580.4770305263664,0.0,0.0,0.0
Cell 1,1420.0,0.0,3.8637608783875477,0.6333333333333337,5.0,0.012,-5.226658232350019,1534.3272402320326,0.0,0.0,0.0
Cell 1,1430.0,0.0,3.864199593995806,0.6333333333333337,5.0,0.012,-4.30901269018068,1489.6599445239808,0.0,0.0,0.0
Cell 1,1440.0,0.0,3.8646172877579983,0.6333333333333337,5.0,0.012,-3.551622582184791,1446.4037006136423,0.0,0.0,0.0
Cell 1,1450.0,0.0,3.8650154013876827,0.6333333333333337,5.0,0.012,-2.927241449688154,1404.4963070923332,0.0,0.0,0.0
Cell 1,1460.0,0.0,3.8653953510847257,0.6333333333333337,5.0,0.012,-2.4128238110461098,1363.875853948568,0.0,0.0,0.0
Cell 1,1470.0,0.0,3.8657582774031427,0.6333333333333337,5.0,0.012,-1.9908528139167174,1324.4921046657146,0.0,0.0,0.0
Cell 1,1480.0,0.0,3.8661054318293306,0.6333333333333337,5.0,0.012,-1.644173801127181,1286.2890159677554,0.0,0.0,0.0
Cell 1,1490.0,0.0,3.866437769272228,0.6333333333333337,5.0,0.012,-1.3612509364866128,1249.2232540276855,0.0,0.0,0.0
Cell 1,1500.0,0.0,3.866755600215776,0.6333333333333337,5.0,0.012,-1.1408531742526975,1213.2800372482416,0.0,0.0,0.0
Cell 1,1510.0,0.0,3.867060280021135,0.6333333333333337,5.0,0.012,-0.9664038410373905,1178.3964941757913,0.0,0.0,0.0
Cell 1,1520.0,0.0,3.867353268387686,0.6333333333333337,5.0,0.012,-0.8194383113150252,1144.5043085865836,0.0,0.0,0.0
Cell 1,1530.0,0.0,3.8676346663996872,0.6333333333333337,5.0,0.012,-0.7039158206025604,1111.5963219853038,0.0,0.0,0.0
Cell 1,1540.0,0.0,3.867903768410367,0.6333333333333337,5.0,0.012,-0.6368708059817436,1079.7015447851518,0.0,0.0,0.0
Cell 1,1550.0,0.0,3.8681628706629505,0.6333333333333337,5.0,0.012,-0.585213396436302,1048.7117978105343,0.0,0.0,0.0
Cell 1,1560.0,0.0,3.8684136468566575,0.6333333333333337,5.0,0.012,-0.5252943740852061,1018.5465940489667,0.0,0.0,0.0
Cell 1,1570.0,0.0,3.8686553560340853,0.6333333333333337,5.0,0.012,-0.47559440755139804,989.2351354123639,0.0,0.0,0.0
Cell 1,1580.0,0.0,3.868887241596769,0.6333333333333337,5.0,0.012,-0.45428816313142306,960.8069368361139,0.0,0.0,0.0
Cell 1,1590.0,0.0,3.8691113447363636,0.6333333333333337,5.0,0.012,-0.42941411693027476,933.1633218178686,0.0,0.0,0.0
Cell 1,1600.0,0.0,3.8693286469368138,0.6333333333333337,5.0,0.012,-0.38679430730553577,906.253529227688,0.0,0.0,0.0
Cell 1,1610.0,0.0,3.869538548024907,0.6333333333333337,5.0,0.012,-0.3442096234211931,880.0991556559784,0.0,0.0,0.0
Cell 1,1620.0,0.0,3.8697409316532814,0.6333333333333337,5.0,0.012,-0.3090003623838129,854.6992656355978,0.0,0.0,0.0
Cell 1,1630.0,0.0,3.8699365222011335,0.6333333333333337,5.0,0.012,-0.2706845003485796,830.0139727827409,0.0,0.0,0.0
Cell 1,1640.0,0.0,3.8701254744228,0.6333333333333337,5.0,0.012,-0.2298562542491709,806.0293211535245,0.0,0.0,0.0
Cell 1,1650.0,0.0,3.8703081053983412,0.6333333333333337,5.0,0.012,-0.18838598157162778,782.7242461534697,0.0,0.0,0.0
Cell 1,1660.0,0.0,3.870484560832608,0.6333333333333337,5.0,0.012,-0.14873449039077968,760.085109821408,0.0,0.0,0.0
Cell 1,1670.0,0.0,3.8706549009383293,0.6333333333333337,5.0,0.012,-0.11414401001820806,738.1020049999061,0.0,0.0,0.0
Cell 1,1680.0,0.0,3.8708191930883973,0.6333333333333337,5.0,0.012,-0.08884354923065985,716.7647602992365,0.0,0.0,0.0
Cell 1,1690.0,0.0,3.870977962592216,0.6333333333333337,5.0,0.012,-0.06632674359934754,696.0419517025293,0.0,0.0,0.0
Cell 1,1700.0,0.0,3.87113138376732,0.6333333333333337,5.0,0.012,-0.04859703084002831,675.9184425434796,0.0,0.0,0.0
Cell 1,1710.0,0.0,3.871279687853265,0.6333333333333337,5.0,0.012,-0.03655813174918876,656.3765114239286,0.0,0.0,0.0
Cell 1,1720.0,0.0,3.8714232062571776,0.6333333333333337,5.0,0.012,-0.029049607353954343,637.3938815942274,0.0,0.0,0.0
Cell 1,1730.0,0.0,3.8715618639124094,0.6333333333333337,5.0,0.012,-0.027483030229632277,618.96606050435,0.0,0.0,0.0
Cell 1,1740.0,0.0,3.8716960459283167,0.6333333333333337,5.0,0.012,-0.029015117521339562,601.0683794693396,0.0,0.0,0.0
Cell 1,1750.0,0.0,3.871826050958748,0.6333333333333337,5.0,0.012,-0.03069555316324113,583.6799529125128,0.0,0.0,0.0
Cell 1,1760.0,0.0,3.8719521750068226,0.6333333333333337,5.0,0.012,-0.028899089567858027,566.7800306316385,0.0,0.0,0.0
Cell 1,1770.0,0.0,3.872074211354198,0.6333333333333337,5.0,0.012,-0.03139739179459866,550.3704975695146,0.0,0.0,0.0
Cell 1,1780.0,0.0,3.8721924886569385,0.6333333333333337,5.0,0.012,-0.03272171800927026,534.4292565281612,0.0,0.0,0.0
Cell 1,1790.0,0.0,3.8723071226790307,0.6333333333333337,5.0,0.012,-0.031846313511778135,518.94385470622,0.0,0.0,0.0
Cell 1,1800.0,0.0,3.87241819748922,0.6333333333333337,5.0,0.012,-0.027889925499039236,503.90335990463427,0.0,0.0,0.0
Cell 1,1800.0000000000002,1.25,3.8419178965247514,0.6333333333333337,5.0,0.012,-0.027889925499039236,503.90335990463427,0.02732810569035098,-0.0031721952741173005,-0.03050030096446828
Cell 1,1810.0,1.25,3.8373404172449783,0.6326388888888893,5.0,0.012,-72.07182340267536,675.0019416966061,0.02730581409183372,-0.0031715053560144287,-0.030477319447848147
Cell 1,1820.0,1.25,3.8346172424104634,0.6319444444444449,5.0,0.012,-103.20022248210444,775.6101185113002,0.02729487905644328,-0.0031711305904287817,-0.030466009646872065
Cell 1,1830.0,1.25,3.8325294834873342,0.6312500000000004,5.0,0.012,-125.84172628997112,847.8304933653744,0.02728611795165832,-0.0031708754193802663,-0.030456993371038587
Cell 1,1840.0,1.25,3.830772975832844,0.630555555555556,5.0,0.012,-143.79533863270262,905.1805705301886,0.02727844404999523,-0.003170682135821153,-0.030449126185816383
Cell 1,1850.0,1.25,3.829227136761912,0.6298611111111115,5.0,0.012,-158.3833567661277,953.1110454640693,0.027271464683032397,-0.003170527851638069,-0.030441992534670465
Cell 1,1860.0,1.25,3.827821714100516,0.6291666666666671,5.0,0.012,-170.4358081636783,994.7855793126582,0.027264944234760714,-0.0031704001720278927,-0.030435344406788606
Cell 1,1870.0,1.25,3.826518729602245,0.6284722222222227,5.0,0.012,-180.42519824158808,1031.929553004913,0.027258763336989098,-0.0031702923091532567,-0.030429055646142355
Cell 1,1880.0,1.25,3.825296608548321,0.6277777777777782,5.0,0.012,-188.68277577108165,1065.5169921314337,0.027252852676418363,-0.00317020021398438,-0.030423052890402744
Cell 1,1890.0,1.25,3.8241398359524834,0.6270833333333338,5.0,0.012,-195.50126001232638,1096.240772971516,0.027247159378401598,-0.003170121055845076,-0.030417280434246675
Cell 1,1900.0,1.25,3.8230361133431496,0.6263888888888893,5.0,0.012,-201.13580647133494,1124.6504517772992,0.027241642162347843,-0.003170052726589517,-0.03041169488893736
Cell 1,1910.0,1.25,3.82197649693111,0.6256944444444449,5.0,0.012,-205.79160718260027,1151.1453361007189,0.027236271769256064,-0.0031699936919790295,-0.030406265461235094
Cell 1,1920.0,1.25,3.8209546012208073,0.6250000000000004,5.0,0.012,-209.6352321784434,1176.008252342548,0.027231027269418718,-0.0031699428153769403,-0.03040097008479566
Cell 1,1930.0,1.25,3.819965513223624,0.624305555555556,5.0,0.012,-212.8062308036424,1199.4542188985033,0.027225892134197675,-0.0031698992112719642,-0.03039579134546964
Cell 1,1940.0,1.25,3.8190051717792697,0.6236111111111116,5.0,0.012,-215.42152927352436,1221.659923842839,0.027220852899831727,-0.003169862163440495,-0.030390715063272223
Cell 1,1950.0,1.25,3.8180702698319338,0.6229166666666671,5.0,0.012,-217.57768591519562,1242.7681555978197,0.027215898893192397,-0.0031698310890002314,-0.03038572998219263
Cell 1,1960.0,1.25,3.8171580091965387,0.6222222222222227,5.0,0.012,-219.3545181585141,1262.8987636886231,0.027211021350251937,-0.003169805504806905,-0.030380826855058843
Cell 1,1970.0,1.25,3.8162659532032466,0.6215277777777782,5.0,0.012,-220.81975806447372,1282.1554648036727,0.027206212986202735,-0.0031697850059897825,-0.030375997992192517
Cell 1,1980.0,1.25,3.8153920640068315,0.6208333333333338,5.0,0.012,-222.03087478980888,1300.6237070924071,0.02720146784975133,-0.0031697692539187266,-0.030371237103670054
Cell 1,1990.0,1.25,3.814534778474979,0.6201388888888894,5.0,0.012,-223.0286044083914,1318.3672910369787,0.027196781738746734,-0.0031697579639040235,-0.03036653970265076
Cell 1,2000.0,1.25,3.813692483938904,0.6194444444444449,5.0,0.012,-223.85657668946806,1335.4523732104753,0.027192150237785324,-0.0031697508877918915,-0.030361901125577215
Cell 1,2010.0,1.25,3.8128642549655636,0.6187500000000005,5.0,0.012,-224.53514939512752,1351.9134809190036,0.027187571321921372,-0.00316974781476684,-0.030357319136688213
Cell 1,2020.0,1.25,3.812048714697535,0.618055555555556,5.0,0.012,-225.09856269548254,1367.8063759463912,0.02718304154775128,-0.0031697485570159486,-0.030352790104767227
Cell 1,2030.0,1.25,3.811245202248279,0.6173611111111116,5.0,0.012,-225.55816989824598,1383.1535540586847,0.027178559780056413,-0.0031697529502621347,-0.030348312730318548
Cell 1,2040.0,1.25,3.8104526345008067,0.6166666666666671,5.0,0.012,-225.93815617879955,1397.9976869469283,0.027174123631211817,-0.0031697608505281494,-0.030343884481739965
Cell 1,2050.0,1.25,3.809670364104224,0.6159722222222227,5.0,0.012,-226.24842026669648,1412.3611059843788,0.02716973207955618,-0.0031697721283315784,-0.03033950420788776
Cell 1,2060.0,1.25,3.80889762361639,0.6152777777777783,5.0,0.012,-226.50321807260116,1426.2722493339243,0.02716538373201027,-0.0031697866703259397,-0.030335170402336208
Cell 1,2070.0,1.25,3.8081337723521655,0.6145833333333338,5.0,0.012,-226.71224202435042,1439.7538021613,0.027161077607458808,-0.003169804374969497,-0.030330881982428306
Cell 1,2080.0,1.25,3.8073782289534766,0.6138888888888894,5.0,0.012,-226.88386357581476,1452.8260442150058,0.02715681287517637,-0.003169825151294931,-0.0303266380264713
Cell 1,2090.0,1.25,3.806630459386296,0.6131944444444449,5.0,0.012,-227.02520068691592,1465.5073818880373,0.027152588830132843,-0.003169848917654517,-0.03032243774778736
Cell 1,2100.0,1.25,3.8058899704446105,0.6125000000000005,5.0,0.012,-227.14223324978957,1477.814618347089,0.02714840488005696,-0.0031698756006343807,-0.03031828048069134
Cell 1,2110.0,1.25,3.805156303583556,0.611805555555556,5.0,0.012,-227.24036063047606,1489.7633135473698,0.027144260504375288,-0.0031699051341514874,-0.030314165638526777
Cell 1,2120.0,1.25,3.8044291079892307,0.6111111111111116,5.0,0.012,-227.32116034928185,1501.3642428040039,0.02714015548637578,-0.003169937454850901,-0.03031009294122668
Cell 1,2130.0,1.25,3.803708012917887,0.6104166666666672,5.0,0.012,-227.3874723739391,1512.629481280379,0.02713608952081912,-0.0031699725064662557,-0.030306062027285374
Cell 1,2140.0,1.25,3.8029925803636044,0.6097222222222227,5.0,0.012,-227.44502534544154,1523.5745995964753,0.027132062090843897,-0.003170010242897161,-0.03030207233374106
Cell 1,2150.0,1.25,3.8022825944339074,0.6090277777777783,5.0,0.012,-227.49187375071415,1534.2051175835768,0.02712807327744195,-0.0031700506113183464,-0.030298123888760298
Cell 1,2160.0,1.25,3.8015777948483636,0.6083333333333338,5.0,0.012,-227.52810237426092,1544.5289712290578,0.02712412300379732,-0.0031700935652025225,-0.030294216568999843
Cell 1,2170.0,1.25,3.8008777459367584,0.6076388888888894,5.0,0.012,-227.5603187192719,1554.562411818224,0.02712021070414254,-0.003170139074577118,-0.03029034977871966
Cell 1,2180.0,1.25,3.800182283712278,0.606944444444445,5.0,0.012,-227.5860014793834,1564.3096136056338,0.027116336509428723,-0.00317018709578657,-0.030286523605215294
Cell 1,2190.0,1.25,3.7994911927850397,0.6062500000000005,5.0,0.012,-227.60482934998072,1573.7774340890937,0.02711250038138849,-0.0031702375915252184,-0.03028273797291371
Cell 1,2200.0,1.25,3.798804130536645,0.6055555555555561,5.0,0.012,-227.62095341847817,1582.9784050058988,0.027108701957992067,-0.0031702905382879573,-0.030278992496280025
Cell 1,2210.0,1.25,3.7981209148230257,0.6048611111111116,5.0,0.012,-227.63363007229782,1591.9184718189172,0.027104941239327312,-0.003170345903510405,-0.03027528714283772
Cell 1,2220.0,1.25,3.7974413437882815,0.6041666666666672,5.0,0.012,-227.64309939978557,1600.6046879100031,0.027101218153910974,-0.0031704036588927134,-0.030271621812803687
Cell 1,2230.0,1.25,3.79676518734819,0.6034722222222227,5.0,0.012,-227.65048781104633,1609.045158789766,0.027097532571560945,-0.003170463781647281,-0.030267996353208225
Cell 1,2240.0,1.25,3.7960922461930062,0.6027777777777783,5.0,0.012,-227.656393825142,1617.247094299637,0.027093884401183932,-0.0031705262490473295,-0.030264410650231263
Cell 1,2250.0,1.25,3.7954223453128533,0.6020833333333339,5.0,0.012,-227.6610453289104,1625.2170262664222,0.027090273578555923,-0.0031705910384716408,-0.030260864617027563
Cell 1,2260.0,1.25,3.794755295292912,0.6013888888888894,5.0,0.012,-227.6648024355418,1632.9616605682604,0.027086700033101596,-0.0031706581311966285,-0.030257358164298226
Cell 1,2270.0,1.25,3.7940909158981233,0.600694444444445,5.0,0.012,-227.6679409407916,1640.4874471755793,0.027083163701515096,-0.0031707275099517045,-0.0302538912114668
Cell 1,2280.0,1.25,3.793429062363819,0.6000000000000005,5.0,0.012,-227.67059914388665,1647.8002915623074,0.027079664529579845,-0.0031707991555796817,-0.030250463685159528
Cell 1,2290.0,1.25,3.792769592356584,0.5993055555555561,5.0,0.012,-227.67284562529676,1654.9059225172932,0.027076202469061717,-0.0031708730504350193,-0.030247075519496736
Cell 1,2300.0,1.25,3.7921123760404196,0.5986111111111116,5.0,0.012,-227.67465890819585,1661.8097817728121,0.027072777478230125,-0.003170949177057928,-0.03024372665528805
Cell 1,2310.0,1.25,3.7914572319119357,0.5979166666666672,5.0,0.012,-227.67647131620834,1668.5181788928348,0.02706938948693267,-0.003171027526295631,-0.030240417013228302
Cell 1,2320.0,1.25,3.7908040210746385,0.5972222222222228,5.0,0.012,-227.67836764651656,1675.0365896459589,0.027066038448606517,-0.0031711080856424577,-0.030237146534248974
Cell 1,2330.0,1.25,3.7901526524649487,0.5965277777777782,5.0,0.012,-227.68004556786764,1681.3695719099705,0.027062724341525828,-0.0031711908377291638,-0.030233915179254993
Cell 1,2340.0,1.25,3.7895030209582643,0.5958333333333338,5.0,0.012,-227.68134005699903,1687.5218793190215,0.027059447135175715,-0.003171275768193456,-0.030230722903369173
Cell 1,2350.0,1.25,3.7888550317449177,0.5951388888888893,5.0,0.012,-227.6820175041903,1693.4980240441218,0.027056206803256832,-0.003171362862421001,-0.03022756966567783
Cell 1,2360.0,1.25,3.7882085329936612,0.5944444444444449,5.0,0.012,-227.6825588389038,1699.3036847020376,0.02705300327591184,-0.0031714521153337638,-0.030224455391245606
Cell 1,2370.0,1.25,3.787563420852156,0.5937500000000004,5.0,0.012,-227.68293451912905,1704.9435040224198,0.027049836515724374,-0.0031715435165086616,-0.030221380032233035
Cell 1,2380.0,1.25,3.786919612219502,0.5930555555555559,5.0,0.012,-227.6829257652862,1710.421666364593,0.027046706496881193,-0.0031716370535508683,-0.030218343550432063
Cell 1,2390.0,1.25,3.7862770147751577,0.5923611111111114,5.0,0.012,-227.6824726317427,1715.7425234826624,0.027043613184113736,-0.0031717327164915146,-0.03021534590060525
Cell 1,2400.0,1.25,3.7856359413919973,0.591666666666667,5.0,0.012,-227.68242548895796,1720.8656430396877,0.027040556489832692,-0.0031718304302530433,-0.030212386920085734
Cell 1,2410.0,1.25,3.7849955931206543,0.5909722222222226,5.0,0.012,-227.68238721534726,1725.8679936637018,0.027037536400489698,-0.0031719303007218848,-0.030209466701211583
Cell 1,2420.0,1.25,3.7843560617542473,0.5902777777777781,5.0,0.012,-227.68235566682415,1730.7355015320572,0.02703455287973296,-0.0031720322930908124,-0.030206585172823774
Cell 1,2430.0,1.25,3.783717266750222,0.5895833333333336,5.0,0.012,-227.6823298887939,1735.4724056391933,0.027031605891551097,-0.0031721364010480107,-0.030203742292599107
Cell 1,2440.0,1.25,3.783079192968656,0.5888888888888891,5.0,0.012,-227.6823087275916,1740.0761090537599,0.027028695400411456,-0.003172242607705491,-0.030200938008116948
Cell 1,2450.0,1.25,3.782441714679149,0.5881944444444447,5.0,0.012,-227.6822899275212,1744.5539301822573,0.02702582137128794,-0.003172350916201357,-0.0301981722874893
Cell 1,2460.0,1.25,3.7818048482429654,0.5875000000000002,5.0,0.012,-227.6822748576924,1748.9026859493242,0.027022983769413592,-0.0031724613052396063,-0.030195445074653198
Cell 1,2470.0,1.25,3.781168517422003,0.5868055555555558,5.0,0.012,-227.6822629070448,1753.1265797552114,0.027020182560590477,-0.0031725737705442974,-0.030192756331134774
Cell 1,2480.0,1.25,3.7805324162793488,0.5861111111111112,5.0,0.012,-227.68225061285193,1757.2494312391173,0.02701741771122366,-0.003172688352398623,-0.030190106063622286
Cell 1,2490.0,1.25,3.7798967301297703,0.5854166666666668,5.0,0.012,-227.6822405844796,1761.2532909303336,0.02701468918785783,-0.0031728050002467496,-0.030187494188104583
Cell 1,2500.0,1.25,3.779261435861225,0.5847222222222224,5.0,0.012,-227.68223282193867,1765.138158828864,0.02701199695763116,-0.003172923702042127,-0.030184920659673285
Cell 1,2510.0,1.25,3.7786265119070843,0.5840277777777779,5.0,0.012,-227.68222732521463,1768.9040349347124,0.027009340988136534,-0.0031730444457684494,-0.030182385433904984
Cell 1,2520.0,1.25,3.7779919066366405,0.5833333333333335,5.0,0.012,-227.6822238499626,1772.5537193925848,0.027006721247432357,-0.0031731672258328313,-0.03017988847326519
Cell 1,2530.0,1.25,3.7773571839176205,0.5826388888888889,5.0,0.012,-227.6822191761421,1776.1241128777838,0.027004137704171947,-0.0031732921164123427,-0.03017742982058429
Cell 1,2540.0,1.25,3.7767226187472422,0.5819444444444445,5.0,0.012,-227.6822155792397,1779.589138927804,0.02700159032719093,-0.003173419048814413,-0.03017500937600534
Cell 1,2550.0,1.25,3.776088194251457,0.58125,5.0,0.012,-227.6822130592809,1782.9487975426455,0.026999079085887764,-0.0031735480128259673,-0.030172627098713732
Cell 1,2560.0,1.25,3.7754538949772196,0.5805555555555556,5.0,0.012,-227.68221161621477,1786.2030887222973,0.026996603950110325,-0.003173678998258375,-0.0301702829483687
Cell 1,2570.0,1.25,3.7748197068483296,0.5798611111111112,5.0,0.012,-227.68221125001583,1789.3520140870241,0.026994164890154826,-0.0031738119949511097,-0.030167976885105936
Cell 1,2580.0,1.25,3.7741851671763147,0.5791666666666666,5.0,0.012,-227.6822099502715,1792.4367342157275,0.02699176187685542,-0.0031739470921773264,-0.03016570896903275
Cell 1,2590.0,1.25,3.7735505638756357,0.5784722222222222,5.0,0.012,-227.68220906604256,1795.429628265636,0.026989394881338072,-0.0031740842168801815,-0.030163479098218253
Cell 1,2600.0,1.25,3.7729158857908143,0.5777777777777777,5.0,0.012,-227.68220859735084,1798.3306962367133,0.02698706387523675,-0.0031742233605575776,-0.030161287235794327
Cell 1,2610.0,1.25,3.7722811230700297,0.5770833333333333,5.0,0.012,-227.68220854418178,1801.1399381290248,0.026984768830629852,-0.0031743645147273352,-0.03015913334535719
Cell 1,2620.0,1.25,3.771646267139832,0.5763888888888888,5.0,0.012,-227.68220890654266,1803.8573539424906,0.026982509720039283,-0.0031745076709270444,-0.030157017390966327
Cell 1,2630.0,1.25,3.7710109757566,0.5756944444444443,5.0,0.012,-227.68220894358092,1806.5145948936733,0.026980286516460634,-0.0031746528997126234,-0.030154939416173258
Cell 1,2640.0,1.25,3.770375400145116,0.5749999999999998,5.0,0.012,-227.6822090079404,1809.0965964935567,0.026978099193283925,-0.0031748001580518214,-0.030152899351335746
Cell 1,2650.0,1.25,3.7697395439988948,0.5743055555555554,5.0,0.012,-227.682209121278,1811.6024317906777,0.02697594772435438,-0.0031749494370157867,-0.030150897161370167
Cell 1,2660.0,1.25,3.7691033888950893,0.573611111111111,5.0,0.012,-227.6822092539005,1814.0333700692063,0.026973832083959176,-0.0031751007332812176,-0.030148932817240393
Cell 1,2670.0,1.25,3.7684669174555028,0.5729166666666665,5.0,0.012,-227.68220937610022,1816.3906806133818,0.026971752246824465,-0.0031752540437305727,-0.03014700629055504
Cell 1,2680.0,1.25,3.7678301133258207,0.572222222222222,5.0,0.012,-227.6822094581621,1818.6756327074581,0.026969708188114467,-0.0031754093654516274,-0.030145117553566095
Cell 1,2690.0,1.25,3.7671929611551285,0.5715277777777775,5.0,0.012,-227.68220947037116,1820.8894956356053,0.026967699883430677,-0.003175566695737035,-0.030143266579167712
Cell 1,2700.0,1.25,3.7665554314339627,0.5708333333333331,5.0,0.012,-227.6822094511699,1823.035254379207,0.02696572730880847,-0.00317572603596422,-0.03014145334477269
Cell 1,2710.0,1.25,3.765917421140621,0.5701388888888886,5.0,0.012,-227.682209772629,1825.1242976865142,0.026963790440706917,-0.003175887407187898,-0.030139677847894814
Cell 1,2720.0,1.25,3.7652789799145814,0.5694444444444442,5.0,0.012,-227.68221012374852,1827.1508103595188,0.026961889256045417,-0.003176050791942234,-0.03013794004798765
Cell 1,2730.0,1.25,3.7646400912150053,0.5687499999999996,5.0,0.012,-227.68221049596468,1829.1165942445878,0.026960023732166084,-0.003176216190023474,-0.03013623992218956
Cell 1,2740.0,1.25,3.7640007393718196,0.5680555555555552,5.0,0.012,-227.6822108807246,1831.0234511880044,0.026958193846844416,-0.003176383601495516,-0.03013457744833993
Cell 1,2750.0,1.25,3.763360909568625,0.5673611111111108,5.0,0.012,-227.68221126944627,1832.8731830361394,0.026956399578288503,-0.0031765530266895468,-0.03013295260497805
Cell 1,2760.0,1.25,3.762720587825949,0.5666666666666663,5.0,0.012,-227.68221165357681,1834.667591635287,0.026954640905138376,-0.0031767244662037042,-0.03013136537134208
Cell 1,2770.0,1.25,3.7620797609848857,0.5659722222222219,5.0,0.012,-227.68221202457062,1836.408478831756,0.026952917806465217,-0.0031768979209027617,-0.03012981572736798
Cell 1,2780.0,1.25,3.7614384256707285,0.5652777777777773,5.0,0.012,-227.68221236770114,1838.0971410053462,0.026951230261770875,-0.0031770733894122064,-0.030128303651183082
Cell 1,2790.0,1.25,3.760796581588943,0.5645833333333329,5.0,0.012,-227.68221266673572,1839.734749935542,0.026949578250987056,-0.0031772508698764816,-0.03012682912086354
Cell 1,2800.0,1.25,3.760154207575768,0.5638888888888884,5.0,0.012,-227.68221292029193,1841.3236957180707,0.02694796175447414,-0.0031774303667401822,-0.03012539212121432
Cell 1,2810.0,1.25,3.7595112947210954,0.563194444444444,5.0,0.012,-227.68221311906018,1842.8657204232222,0.02694638075302125,-0.0031776118815259324,-0.03012399263454718
Cell 1,2820.0,1.25,3.7588678348650433,0.5624999999999996,5.0,0.012,-227.68221325375634,1844.3625661214537,0.026944835227845333,-0.0031777954160074127,-0.030122630643852746
Cell 1,2830.0,1.25,3.758223820583118,0.561805555555555,5.0,0.012,-227.6822133150854,1845.815974883153,0.026943325160590538,-0.003177980972209192,-0.03012130613279973
Cell 1,2840.0,1.25,3.757579245171763,0.5611111111111106,5.0,0.012,-227.68221329375956,1847.2276887786502,0.026941850533327625,-0.0031781685524065813,-0.030120019085734206
Cell 1,2850.0,1.25,3.7569341026341494,0.5604166666666661,5.0,0.012,-227.68221318050928,1848.5994498783875,0.026940411328553366,-0.003178358159125514,-0.03011876948767888
Cell 1,2860.0,1.25,3.756288486132783,0.5597222222222217,5.0,0.012,-227.68221319492295,1849.9244503499685,0.026939007529183906,-0.00317854976545203,-0.030117557294635937
Cell 1,2870.0,1.25,3.7556423885145676,0.5590277777777772,5.0,0.012,-227.68221332065514,1851.2046962520762,0.026937639118566947,-0.0031787433743531673,-0.030116382492920115
Cell 1,2880.0,1.25,3.7549957577988007,0.5583333333333327,5.0,0.012,-227.68221343605546,1852.44612658619,0.026936306080477083,-0.003178939003047128,-0.03011524508352421
Cell 1,2890.0,1.25,3.7543485933027694,0.5576388888888882,5.0,0.012,-227.682213537395,1853.6502754348403,0.02693500839910948,-0.0031791366538433123,-0.030114145052952793
Cell 1,2900.0,1.25,3.7537008949882065,0.5569444444444438,5.0,0.012,-227.682213620963,1854.818676880539,0.02693374605908256,-0.0031793363292693328,-0.03011308238835189
Cell 1,2910.0,1.25,3.7530526634474137,0.5562499999999994,5.0,0.012,-227.68221368303057,1855.9528650058055,0.02693251904543754,-0.003179538032070973,-0.030112057077508515
Cell 1,2920.0,1.25,3.7524038998895333,0.5555555555555549,5.0,0.012,-227.68221371987238,1857.0543738931374,0.026931327343637824,-0.0031797417652121712,-0.030111069108849996
Cell 1,2930.0,1.25,3.751754606127087,0.5548611111111104,5.0,0.012,-227.68221372778862,1858.1247376250467,0.026930170939568586,-0.003179947531875015,-0.0301101184714436
Cell 1,2940.0,1.25,3.7511047845626204,0.5541666666666659,5.0,0.012,-227.68221370302854,1859.1654902840528,0.026929049819536328,-0.003180155335459763,-0.030109205154996092
Cell 1,2950.0,1.25,3.750454438175586,0.5534722222222215,5.0,0.012,-227.6822136418923,1860.1781659526714,0.026927963970268354,-0.0031803651795848696,-0.030108329149853223
Cell 1,2960.0,1.25,3.7498035705093224,0.552777777777777,5.0,0.012,-227.68221354065827,1861.1642987134146,0.026926913378912405,-0.0031805770680870477,-0.030107490446999452
Cell 1,2970.0,1.25,3.749152185658289,0.5520833333333326,5.0,0.012,-227.68221339559022,1862.1254226487945,0.026925898033036175,-0.0031807910050213376,-0.03010668903805751
Cell 1,2980.0,1.25,3.7485002882553538,0.551388888888888,5.0,0.012,-227.68221320297744,1863.0630718413086,0.026924917920626918,-0.0031810069946611925,-0.030105924915288112
Cell 1,2990.0,1.25,3.7478480035623525,0.5506944444444436,5.0,0.012,-227.6822130160872,1863.9669509470477,0.026923973030090063,-0.00318122500087096,-0.03010519803096102
Cell 1,3000.0,1.25,3.7471952386756153,0.5499999999999992,5.0,0.012,-227.68221285613618,1864.8494353197893,0.0269230633502505,-0.0031814450609562086,-0.03010450841120671
Cell 1,3000.0000000000005,0.0,3.777299747086822,0.5499999999999992,5.0,0.012,-227.68221285613618,1864.8494353197893,0.0,0.0,0.0
Cell 1,3010.0,0.0,3.7816149665714023,0.5499999999999992,5.0,0.012,-155.62946047518926,1680.0028850449962,0.0,0.0,0.0
Cell 1,3020.0,0.0,3.7841098312082577,0.5499999999999992,5.0,0.012,-124.49896652705866,1566.0438381496606,0.0,0.0,0.0
Cell 1,3030.0,0.0,3.785875391812005,0.5499999999999992,5.0,0.012,-101.85585917549906,1480.860810759721,0.0,0.0,0.0
Cell 1,3040.0,0.0,3.7872580616521505,0.5499999999999992,5.0,0.012,-83.90259355091257,1410.9293354856236,0.0,0.0,0.0
Cell 1,3050.0,0.0,3.788397577852778,0.5499999999999992,5.0,0.012,-69.31423809214539,1350.7779836415248,0.0,0.0,0.0
Cell 1,3060.0,0.0,3.789375077849577,0.5499999999999992,5.0,0.012,-57.25381314533297,1297.2133151610396,0.0,0.0,0.0
Cell 1,3070.0,0.0,3.7902337651383577,0.5499999999999992,5.0,0.012,-47.26207966461152,1248.5325164298738,0.0,0.0,0.0
Cell 1,3080.0,0.0,3.7909985145902443,0.5499999999999992,5.0,0.012,-39.00632926372418,1203.756147932887,0.0,0.0,0.0
Cell 1,3090.0,0.0,3.7916876299144557,0.5499999999999992,5.0,0.012,-32.18718055780846,1162.1616195688875,0.0,0.0,0.0
Cell 1,3100.0,0.0,3.7923152698650973,0.5499999999999992,5.0,0.012,-26.550791056728485,1123.1880907504637,0.0,0.0,0.0
Cell 1,3110.0,0.0,3.792891547085564,0.5499999999999992,5.0,0.012,-21.893995547106897,1086.4349062041438,0.0,0.0,0.0
Cell 1,3120.0,0.0,3.7934238521279586,0.5499999999999992,5.0,0.012,-18.049314828123897,1051.6096415776665,0.0,0.0,0.0
Cell 1,3130.0,0.0,3.793917735527591,0.5499999999999992,5.0,0.012,-14.878044428936846,1018.4932456134484,0.0,0.0,0.0
Cell 1,3140.0,0.0,3.7943779010032856,0.5499999999999992,5.0,0.012,-12.262976945537957,986.900031968551,0.0,0.0,0.0
Cell 1,3150.0,0.0,3.794808285564005,0.5499999999999992,5.0,0.012,-10.107135111960815,956.6747489427507,0.0,0.0,0.0
Cell 1,3160.0,0.0,3.7952121734870423,0.5499999999999992,5.0,0.012,-8.329951560754125,927.688208778316,0.0,0.0,0.0
Cell 1,3170.0,0.0,3.7955923813995094,0.5499999999999992,5.0,0.012,-6.862754850262718,899.8298457317978,0.0,0.0,0.0
Cell 1,3180.0,0.0,3.795951178979572,0.5499999999999992,5.0,0.012,-5.651913944861008,873.011260978692,0.0,0.0,0.0
Cell 1,3190.0,0.0,3.796290564474482,0.5499999999999992,5.0,0.012,-4.65122070815778,847.1548256705646,0.0,0.0,0.0
Cell 1,3200.0,0.0,3.7966121643254462,0.5499999999999992,5.0,0.012,-3.8245017647495843,822.1980253649381,0.0,0.0,0.0
Cell 1,3210.0,0.0,3.796917327447558,0.5499999999999992,5.0,0.012,-3.1444145048117207,798.0895701442569,0.0,0.0,0.0
Cell 1,3220.0,0.0,3.797207451387092,0.5499999999999992,5.0,0.012,-2.58256745669496,774.7757010769601,0.0,0.0,0.0
Cell 1,3230.0,0.0,3.797483488707153,0.5499999999999992,5.0,0.012,-2.1231709131170646,752.2210388970998,0.0,0.0,0.0
Cell 1,3240.0,0.0,3.7977466364403982,0.5499999999999992,5.0,0.012,-1.744170526824746,730.3793659864241,0.0,0.0,0.0
Cell 1,3250.0,0.0,3.797997685544527,0.5499999999999992,5.0,0.012,-1.4348844606902276,709.2213533408394,0.0,0.0,0.0
Cell 1,3260.0,0.0,3.7982375673267392,0.5499999999999992,5.0,0.012,-1.1799859244347317,688.7110449789652,0.0,0.0,0.0
Cell 1,3270.0,0.0,3.7984669795618444,0.5499999999999992,5.0,0.012,-0.971442446065339,668.8221998415465,0.0,0.0,0.0
Cell 1,3280.0,0.0,3.798686627408074,0.5499999999999992,5.0,0.012,-0.7993650421958591,649.5275138891193,0.0,0.0,0.0
Cell 1,3290.0,0.0,3.798897092144197,0.5499999999999992,5.0,0.012,-0.6581821805157233,630.8047541331835,0.0,0.0,0.0
Cell 1,3300.0,0.0,3.799098942284926,0.5499999999999992,5.0,0.012,-0.5413490132341394,612.6315796446615,0.0,0.0,0.0
Cell 1,3310.0,0.0,3.799292642651066,0.5499999999999992,5.0,0.012,-0.44546234338122304,594.9897757244253,0.0,0.0,0.0
Cell 1,3320.0,0.0,3.799478738566203,0.5499999999999992,5.0,0.012,-0.36412571881737676,577.8572377871606,0.0,0.0,0.0
Cell 1,3330.0,0.0,3.7996575843595726,0.5499999999999992,5.0,0.012,-0.29619917618401814,561.2196168370938,0.0,0.0,0.0
Cell 1,3340.0,0.0,3.7998294983798844,0.5499999999999992,5.0,0.012,-0.24118401942178025,545.0637140546896,0.0,0.0,0.0
Cell 1,3350.0,0.0,3.7999949265619324,0.5499999999999992,5.0,0.012,-0.19445759997324785,529.3706183428367,0.0,0.0,0.0
Cell 1,3360.0,0.0,3.8001542132822532,0.5499999999999992,5.0,0.012,-0.15398043804816552,514.1253553124043,0.0,0.0,0.0
Cell 1,3370.0,0.0,3.800307551063616,0.5499999999999992,5.0,0.012,-0.12178308081274736,499.31902630333207,0.0,0.0,0.0
Cell 1,3380.0,0.0,3.800455206825866,0.5499999999999992,5.0,0.012,-0.09731799638393568,484.9393422813664,0.0,0.0,0.0
Cell 1,3390.0,0.0,3.8005976030308375,0.5499999999999992,5.0,0.012,-0.07502611256495584,470.9673163243933,0.0,0.0,0.0
Cell 1,3400.0,0.0,3.800734870015819,0.5499999999999992,5.0,0.012,-0.05762927075193147,457.39574570657715,0.0,0.0,0.0
Cell 1,3410.0,0.0,3.8008672032188673,0.5499999999999992,5.0,0.012,-0.04553377837873995,444.21447839336906,0.0,0.0,0.0
Cell 1,3420.0,0.0,3.8009949236571527,0.5499999999999992,5.0,0.012,-0.035281396467325976,431.4083918458491,0.0,0.0,0.0
Cell 1,3430.0,0.0,3.80111820104207,0.5499999999999992,5.0,0.012,-0.027320941822836176,418.96795857670804,0.0,0.0,0.0
Cell 1,3440.0,0.0,3.8012372117515074,0.5499999999999992,5.0,0.012,-0.021579281987214927,406.8832248822873,0.0,0.0,0.0
Cell 1,3450.0,0.0,3.8013521496675784,0.5499999999999992,5.0,0.012,-0.017442931482946733,395.1436993820025,0.0,0.0,0.0
Cell 1,3460.0,0.0,3.8014632057276327,0.5499999999999992,5.0,0.012,-0.014199917084624758,383.7389939385903,0.0,0.0,0.0
Cell 1,3470.0,0.0,3.8015705270575566,0.5499999999999992,5.0,0.012,-0.011710058719472727,372.65988020321674,0.0,0.0,0.0
Cell 1,3480.0,0.0,3.8016742659912475,0.5499999999999992,5.0,0.012,-0.009702811654278776,361.8971032785048,0.0,0.0,0.0
Cell 1,3490.0,0.0,3.801774599682359,0.5499999999999992,5.0,0.012,-0.00816044361636159,351.4414229696122,0.0,0.0,0.0
Cell 1,3500.0,0.0,3.801871643470125,0.5499999999999992,5.0,0.012,-0.006854639079392655,341.2843881245208,0.0,0.0,0.0
Cell 1,3510.0,0.0,3.8019655179976226,0.5499999999999992,5.0,0.012,-0.005705025439965539,331.4177375321742,0.0,0.0,0.0
Cell 1,3520.0,0.0,3.802056332155111,0.5499999999999992,5.0,0.012,-0.004687821721745422,321.83355257147196,0.0,0.0,0.0
Cell 1,3530.0,0.0,3.802144183114363,0.5499999999999992,5.0,0.012,-0.003835838713712292,312.5242572112693,0.0,0.0,0.0
Cell 1,3540.0,0.0,3.8022292788970447,0.5499999999999992,5.0,0.012,-0.002703241625567898,303.48037402402406,0.0,0.0,0.0
Cell 1,3550.0,0.0,3.8023116624316238,0.5499999999999992,5.0,0.012,-0.0015704983525210992,294.695575940852,0.0,0.0,0.0
Cell 1,3560.0,0.0,3.802391416977513,0.5499999999999992,5.0,0.012,-0.0005477656413859222,286.1629271909551,0.0,0.0,0.0
Cell 1,3570.0,0.0,3.8024686202883142,0.5499999999999992,5.0,0.012,0.00022496308156405576,277.8757224226647,0.0,0.0,0.0
Cell 1,3580.0,0.0,3.802543341016899,0.5499999999999992,5.0,0.012,0.0005620642223220784,269.82755291828653,0.0,0.0,0.0
Cell 1,3590.0,0.0,3.8026156757916514,0.5499999999999992,5.0,0.012,0.0005524910193344112,262.0114982572122,0.0,0.0,0.0
Cell 1,3600.0,0.0,3.802685738078857,0.5499999999999992,5.0,0.012,0.00046379928244277835,254.42036859536165,0.0,0.0,0.0
Cell 2,0.0,2.5,3.945280337275225,0.76,4.9,0.015,0.0,-3.637978807091713e-12,0.052008501163175104,-0.006443099967899859,-0.05845160113107496
Cell 2,10.0,2.5,3.9356908875930343,0.7585827664399093,4.9,0.015,-144.11156445649976,371.4393414412225,0.05183285943407003,-0.006428146453869552,-0.05826100588793959
Cell 2,20.0,2.5,3.9296861424720286,0.7571655328798186,4.9,0.015,-206.49818049634268,601.2054827769316,0.05174695625700739,-0.006419180764335634,-0.058166137021343024
Cell 2,30.0,2.5,3.9251471433766647,0.7557482993197279,4.9,0.015,-251.61441154240674,772.9422599004065,0.05167859042972815,-0.006412588305100845,-0.058091178734828997
Cell 2,40.0,2.5,3.9213751185554684,0.7543310657596372,4.9,0.015,-287.4577835723576,914.1582888839657,0.051618741929459304,-0.006407232376664456,-0.05802597430612376
Cell 2,50.0,2.5,3.9180832758563158,0.7529138321995464,4.9,0.015,-316.7075397971239,1036.1593776084374,0.051564276260708794,-0.006402651828645902,-0.0579669280893547
Cell 2,60.0,2.5,3.9151223470821352,0.7514965986394558,4.9,0.015,-340.8449604675152,1144.844529033664,0.05151351764819661,-0.00639860880137652,-0.05791212644957313
Cell 2,70.0,2.5,3.912405993758442,0.7500793650793651,4.9,0.015,-360.81883190386,1243.6206848516704,0.051465512054276095,-0.006394966322955183,-0.05786047837723128
Cell 2,80.0,2.5,3.9098814452385424,0.7486621315192744,4.9,0.015,-377.33290157021474,1334.552331380779,0.05141966658504698,-0.006391640403913223,-0.0578113069889602
Cell 2,90.0,2.5,3.9075106374271464,0.7472448979591837,4.9,0.015,-390.9826062299144,1419.1322294477213,0.05137555179400528,-0.006388571177513432,-0.05776412297151871
Cell 2,100.0,2.5,3.905266017543116,0.745827664399093,4.9,0.015,-402.26173287853817,1498.4369312608105,0.051332856908288094,-0.006385715595964605,-0.0577185725042527
Cell 2,110.0,2.5,3.9031274643774085,0.7444104308390023,4.9,0.015,-411.57646824389303,1573.2443671091423,0.05129135564843733,-0.006383042279017813,-0.05767439792745514
Cell 2,120.0,2.5,3.9010797981765,0.7429931972789116,4.9,0.015,-419.26341205141944,1644.1332024011172,0.05125087896099638,-0.006380527586699039,-0.05763140654769542
Cell 2,130.0,2.5,3.899110747523546,0.7415759637188208,4.9,0.015,-425.6044434901851,1711.5676114942216,0.051211292552800956,-0.006378152609052609,-0.05758944516185357
Cell 2,140.0,2.5,3.897209860440906,0.7401587301587301,4.9,0.015,-430.83779762280756,1775.9424987289785,0.05117248476156935,-0.00637590155046473,-0.057548386312034086
Cell 2,150.0,2.5,3.8953690580582676,0.7387414965986394,4.9,0.015,-435.15445371203896,1837.5532835642625,0.05113437231127515,-0.00637376216843778,-0.05750813447971293
Cell 2,160.0,2.5,3.893581301256081,0.7373242630385488,4.9,0.015,-438.71456111738735,1896.6552644335607,0.051096885435003514,-0.006371724003150466,-0.05746860943815398
Cell 2,170.0,2.5,3.8918407295489392,0.7359070294784581,4.9,0.015,-441.64868377482344,1953.4548854109198,0.05105996905306974,-0.006369778422951125,-0.057429747476020865
Cell 2,180.0,2.5,3.8901424368414252,0.7344897959183674,4.9,0.015,-444.06249928335455,2008.1184979724603,0.05102358008621894,-0.006367918256408499,-0.05739149834262744
Cell 2,190.0,2.5,3.888481687200636,0.7330725623582767,4.9,0.015,-446.04829180628076,2060.8089041956882,0.0509876785530732,-0.006366136849431841,-0.05735381540250504
Cell 2,200.0,2.5,3.886854312322866,0.731655328798186,4.9,0.015,-447.6826054606827,2111.665405288066,0.0509522317889714,-0.006364428469302522,-0.05731666025827392
Cell 2,210.0,2.5,3.8852566293392368,0.7302380952380952,4.9,0.015,-449.0283817355921,2160.8070611870644,0.05091721311153144,-0.006362788163153364,-0.05728000127468481
Cell 2,220.0,2.5,3.8836852396411077,0.7288208616780045,4.9,0.015,-450.13899505508016,2208.341757725899,0.0508825995956708,-0.006361211505060679,-0.05724381110073148
Cell 2,230.0,2.5,3.8821373028418944,0.7274036281179138,4.9,0.015,-451.0558944214208,2254.352372654197,0.05084837466192069,-0.006359694841444235,-0.05720806950336492
Cell 2,240.0,2.5,3.880610150029139,0.7259863945578231,4.9,0.015,-451.8130412597202,2298.9151778574706,0.05081452397735345,-0.006358234857063794,-0.05717275883441724
Cell 2,250.0,2.5,3.879101451175032,0.7245691609977324,4.9,0.015,-452.4373910743416,2342.091387558801,0.05078103689107325,-0.0063568287182695716,-0.05713786560934282
Cell 2,260.0,2.5,3.8776088642636406,0.7231519274376417,4.9,0.015,-452.95193523136186,2383.9441199296634,0.05074790291119553,-0.0063554737103103005,-0.05710337662150583
Cell 2,270.0,2.5,3.876130284925004,0.7217346938775511,4.9,0.015,-453.37467193171324,2424.5259751902013,0.050715114047996626,-0.006354167466931609,-0.05706928151492824
Cell 2,280.0,2.5,3.8746636438366444,0.7203174603174604,4.9,0.015,-453.7211960069253,2463.8888692637483,0.05068266273249763,-0.00635290776477445,-0.05703557049727208
Cell 2,290.0,2.5,3.873206778253081,0.7189002267573696,4.9,0.015,-454.0074153601381,2502.090452074248,0.050650540392625176,-0.006351692408347361,-0.05700223280097254
Cell 2,300.0,2.5,3.871758620434821,0.7174829931972789,4.9,0.015,-454.2304235487536,2539.1343233205844,0.05061874974951211,-0.0063505202435525515,-0.05696926999306466
Cell 2,310.0,2.5,3.8703169993983457,0.7160657596371882,4.9,0.015,-454.40536202004296,2575.0803861760614,0.05058728180716101,-0.006349389229118252,-0.05693667103627926
Cell 2,320.0,2.5,3.868879750929452,0.7146485260770975,4.9,0.015,-454.5475231778546,2609.9890684748643,0.050556127604186346,-0.006348297444854141,-0.05690442504904049
Cell 2,330.0,2.5,3.867444567313828,0.7132312925170068,4.9,0.015,-454.6748215991538,2643.9287156595565,0.05052527675134791,-0.006347242972778534,-0.05687251972412644
Cell 2,340.0,2.5,3.8660124969598755,0.7118140589569161,4.9,0.015,-454.7439517224011,2676.7999912275372,0.05049475270880353,-0.006346226557426204,-0.05684097926622973
Cell 2,350.0,2.5,3.864580232531032,0.7103968253968254,4.9,0.015,-454.7921200607052,2708.723423276202,0.050464534162100096,-0.006345245574127467,-0.05680977973622756
Cell 2,360.0,2.5,3.8631454821544535,0.7089795918367346,4.9,0.015,-454.83864667672606,2739.769142457073,0.05043461031809398,-0.006344298330889885,-0.05677890864898386
Cell 2,370.0,2.5,3.8617060359742417,0.707562358276644,4.9,0.015,-454.9017000788772,2770.0037324868026,0.05040497133061833,-0.006343383310393316,-0.05674835464101165
Cell 2,380.0,2.5,3.8602637807789675,0.7061451247165533,4.9,0.015,-454.9208756102271,2799.2906450049995,0.05037564713949951,-0.00634250183702913,-0.056718148976528646
Cell 2,390.0,2.5,3.8588153300547057,0.7047278911564626,4.9,0.015,-454.9392423295649,2827.75826853935,0.05034661521751118,-0.006341651579603332,-0.056688266797114514
Cell 2,400.0,2.5,3.857358959811378,0.7033106575963719,4.9,0.015,-454.9686775162445,2855.453045655093,0.050317869382545594,-0.006340831451651138,-0.05665870083419673
Cell 2,410.0,2.5,3.8558931770589497,0.7018934240362812,4.9,0.015,-455.01685026797713,2882.4113361456402,0.050289405492060596,-0.006340040565530035,-0.056629446057590634
Cell 2,420.0,2.5,3.854418474518284,0.7004761904761905,4.9,0.015,-455.0487591644451,2908.5734595781432,0.05026123777891964,-0.0063392792195689175,-0.05660051699848855
Cell 2,430.0,2.5,3.8529329574992985,0.6990589569160998,4.9,0.015,-455.08402241868316,2934.0007467861433,0.05023335684996533,-0.006338546250433406,-0.05657190310039873
Cell 2,440.0,2.5,3.851435706714875,0.6976417233560092,4.9,0.015,-455.12227737313515,2958.708919524488,0.05020576207864846,-0.006337841089499135,-0.05654360316814759
Cell 2,450.0,2.5,3.8499258712104742,0.6962244897959184,4.9,0.015,-455.1623433630666,2982.7134315339754,0.05017845283790617,-0.006337163191983558,-0.056515616029889734
Cell 2,460.0,2.5,3.848402502414065,0.6948072562358277,4.9,0.015,-455.2021217103829,3006.037373167608,0.050151427279547245,-0.0063365119467824445,-0.05648793922632969
Cell 2,470.0,2.5,3.84686505093014,0.693390022675737,4.9,0.015,-455.238820113409,3028.689267081263,0.05012468580525341,-0.00633588693129851,-0.05646057273655192
Cell 2,480.0,2.5,3.8453129909223227,0.6919727891156463,4.9,0.015,-455.2687480704917,3050.6806785900226,0.0500982282829766,-0.006335287698025651,-0.056433515981002255
Cell 2,490.0,2.5,3.8437458046577513,0.6905555555555556,4.9,0.015,-455.2904337475193,3072.0276077930794,0.05007205367285815,-0.006334713772309681,-0.05640676744516783
Cell 2,500.0,2.5,3.8421627422293287,0.689138321995465,4.9,0.015,-455.31062604065664,3092.76209775636,0.05004615797787925,-0.0063341645590373535,-0.056380322536916605
Cell 2,510.0,2.5,3.8405636036027433,0.6877210884353743,4.9,0.015,-455.32501034031884,3112.8952938090915,0.05002054102642079,-0.00633363967645761,-0.0563541807028784
Cell 2,520.0,2.5,3.8389480995331198,0.6863038548752836,4.9,0.015,-455.33425040857765,3132.4483278500957,0.04999520080377099,-0.006333138673443716,-0.0563283394772147
Cell 2,530.0,2.5,3.8373161461523164,0.6848866213151928,4.9,0.015,-455.33889961120803,3151.438974626257,0.0499701357608853,-0.006332661152370649,-0.056302796913255945
Cell 2,540.0,2.5,3.835668014371231,0.6834693877551021,4.9,0.015,-455.33836067706943,3169.8755257307166,0.04994534570519338,-0.0063322068113035816,-0.05627755251649696
Cell 2,550.0,2.5,3.83400371440995,0.6820521541950114,4.9,0.015,-455.33596806308196,3187.783779438905,0.04992082772285684,-0.006331775219292298,-0.056252602942149135
Cell 2,560.0,2.5,3.8323235174016754,0.6806349206349207,4.9,0.015,-455.3348767825846,3205.1843047117036,0.049896579657028914,-0.006331366014300816,-0.05622794567132973
Cell 2,570.0,2.5,3.830627903483407,0.6792176870748301,4.9,0.015,-455.3373574745201,3222.0947663707884,0.04987259979726365,-0.00633097887548511,-0.05620357867274876
Cell 2,580.0,2.5,3.828917755401699,0.6778004535147394,4.9,0.015,-455.34073864683523,3238.521602972276,0.04984888819000224,-0.0063306135692332115,-0.056179501759235445
Cell 2,590.0,2.5,3.8271940135390885,0.6763832199546487,4.9,0.015,-455.34488733847684,3254.475060848443,0.04982544415599152,-0.006330269841151706,-0.056155713997143225
Cell 2,600.0,2.5,3.825458371960782,0.674965986394558,4.9,0.015,-455.3481661630358,3269.8882169681783,0.04980226704123501,-0.006329947622413775,-0.05613221466364879
Cell 2,610.0,2.5,3.8237108010767207,0.6735487528344672,4.9,0.015,-455.3509789896416,3284.9139996248086,0.04977935521633706,-0.006329646304956958,-0.056109001521294014
Cell 2,620.0,2.5,3.8219529142506863,0.6721315192743765,4.9,0.015,-455.3533368174285,3299.5224010048078,0.049756707575316424,-0.006329365763275009,-0.05608607333859143
Cell 2,630.0,2.5,3.8201861572070057,0.6707142857142858,4.9,0.015,-455.3553231112819,3313.7170130192862,0.04973432301067534,-0.006329105790798526,-0.056063428801473865
Cell 2,640.0,2.5,3.818411880190699,0.6692970521541952,4.9,0.015,-455.3570450975967,3327.5248923924773,0.04971220043074276,-0.006328866144979726,-0.056041066575722484
Cell 2,650.0,2.5,3.816631560358096,0.6678798185941045,4.9,0.015,-455.35860149255313,3340.967218599799,0.04969033876149445,-0.006328646612230571,-0.05601898537372502
Cell 2,660.0,2.5,3.8148471718899213,0.6664625850340138,4.9,0.015,-455.35987641579777,3354.0191296055164,0.04966873699856424,-0.0063284470720338425,-0.05599718407059809
Cell 2,670.0,2.5,3.8130604990651946,0.6650453514739231,4.9,0.015,-455.3608698673452,3366.6806254096155,0.04964739412260547,-0.006328267350373457,-0.05597566147297893
Cell 2,680.0,2.5,3.8112733501348495,0.6636281179138324,4.9,0.015,-455.3615818471626,3378.9517060120925,0.04962630912903467,-0.006328107274342462,-0.05595441640337714
Cell 2,690.0,2.5,3.809487076927621,0.6622108843537416,4.9,0.015,-455.3621979713862,3390.8818772224913,0.04960548098512711,-0.006327966615769789,-0.0559334476008969
Cell 2,700.0,2.5,3.807703596813558,0.6607936507936509,4.9,0.015,-455.36266719366176,3402.4575244305706,0.049584908728590775,-0.006327845241582602,-0.055912753970173375
Cell 2,710.0,2.5,3.8059245273969378,0.6593764172335603,4.9,0.015,-455.3630258286139,3413.6938918901687,0.049564591392124505,-0.006327742987780579,-0.05589233437990508
Cell 2,720.0,2.5,3.804151376334383,0.6579591836734696,4.9,0.015,-455.3633287198245,3424.611837410328,0.049544528018977664,-0.00632765969732164,-0.0558721877162993
Cell 2,730.0,2.5,3.8023858699973654,0.6565419501133789,4.9,0.015,-455.3635443112107,3435.1999385449453,0.04952471768448347,-0.006327595242403377,-0.055852312926886846
Cell 2,740.0,2.5,3.80062920286392,0.6551247165532882,4.9,0.015,-455.3637368262862,3445.496225305302,0.049505159459340004,-0.0063275494737574335,-0.055832708933097434
Cell 2,750.0,2.5,3.798882945997469,0.6537074829931975,4.9,0.015,-455.36387868560996,3455.4843665027875,0.04948585244545586,-0.006327522274334718,-0.05581337471979057
Cell 2,760.0,2.5,3.7971482305815725,0.6522902494331068,4.9,0.015,-455.3639893820946,3465.1849922602414,0.049466795749786775,-0.006327513517992881,-0.05579430926777966
Cell 2,770.0,2.5,3.795426121459254,0.650873015873016,4.9,0.015,-455.3640816947045,3474.6116270719394,0.04944798849415113,-0.006327523090495209,-0.05577551158464634
Cell 2,780.0,2.5,3.793717699873729,0.6494557823129253,4.9,0.015,-455.36415214997396,3483.7605947976845,0.04942942981663606,-0.006327550881171178,-0.05575698069780724
Cell 2,790.0,2.5,3.792023842098196,0.6480385487528346,4.9,0.015,-455.3642045561428,3492.635925868908,0.04941111886738389,-0.006327596781311929,-0.05573871564869582
Cell 2,800.0,2.5,3.790345194561102,0.646621315192744,4.9,0.015,-455.36424285473186,3501.2522728772456,0.049393054809737505,-0.00632766069124781,-0.05572071550098531
Cell 2,810.0,2.5,3.788682289437261,0.6452040816326533,4.9,0.015,-455.3642709455962,3509.62096618125,0.049375236820141506,-0.006327742517931429,-0.05570297933807294
Cell 2,820.0,2.5,3.78703560273473,0.6437868480725626,4.9,0.015,-455.36429260477234,3517.743470347381,0.049357664088035935,-0.006327842167074087,-0.055685506255110026
Cell 2,830.0,2.5,3.785405430724128,0.6423696145124719,4.9,0.015,-455.3643116747917,3525.6265443310476,0.04934033581572709,-0.006327959551125258,-0.05566829536685235
Cell 2,840.0,2.5,3.7837919305468386,0.6409523809523812,4.9,0.015,-455.3643260268582,3533.2785170888856,0.049323251219189033,-0.006328094588204435,-0.05565134580739347
Cell 2,850.0,2.5,3.7821951369496056,0.6395351473922904,4.9,0.015,-455.3643341452589,3540.707556383044,0.049306409526908665,-0.00632824720133504,-0.055634656728243706
Cell 2,860.0,2.5,3.7806149805269063,0.6381179138321997,4.9,0.015,-455.36434175806426,3547.9199254060295,0.04928980997881177,-0.006328417316685127,-0.0556182272954969
Cell 2,870.0,2.5,3.779051279980152,0.6367006802721091,4.9,0.015,-455.36435101585084,3554.9228279561394,0.049273451827807575,-0.00632860486562515,-0.055602056693432725
Cell 2,880.0,2.5,3.777503778764563,0.6352834467120184,4.9,0.015,-455.36435962324686,3561.7214627557078,0.04925733433978225,-0.006328809779928541,-0.055586144119710794
Cell 2,890.0,2.5,3.7759721368322974,0.6338662131519277,4.9,0.015,-455.36436463286736,3568.3207344808034,0.04924145679291009,-0.006329031993876717,-0.055570488786786804
Cell 2,900.0,2.5,3.774455903445662,0.632448979591837,4.9,0.015,-455.3643699887325,3574.728655736417,0.049225818476488784,-0.006329271452197308,-0.05555508992868609
Cell 2,910.0,2.5,3.7729545763906733,0.6310317460317463,4.9,0.015,-455.3643764413064,3580.9517988895714,0.04921041869231531,-0.006329528100956484,-0.05553994679327179
Cell 2,920.0,2.5,3.771467637251764,0.6296145124716557,4.9,0.015,-455.36438211581117,3586.9925959433604,0.04919525675449446,-0.006329801880092058,-0.05552505863458652
Cell 2,930.0,2.5,3.7699945279510656,0.6281972789115648,4.9,0.015,-455.36438468154665,3592.852759864727,0.04918033198901594,-0.0063300927291921015,-0.05551042471820804
Cell 2,940.0,2.5,3.768534571726405,0.6267800453514742,4.9,0.015,-455.3643869445914,3598.542104978096,0.049165643732893165,-0.006330400611324471,-0.055496044344217635
Cell 2,950.0,2.5,3.7670870997545394,0.6253628117913835,4.9,0.015,-455.3643892725304,3604.0665997088254,0.049151191335154366,-0.006330725484336347,-0.05548191681949071
Cell 2,960.0,2.5,3.765651421245901,0.6239455782312928,4.9,0.015,-455.36439203289046,3609.432212482254,0.049136974156406076,-0.006331067309721547,-0.055468041466127625
Cell 2,970.0,2.5,3.7642268308050766,0.6225283446712021,4.9,0.015,-455.36439559319115,3614.6449117237353,0.04912299156874888,-0.006331426052610426,-0.0554544176213593
Cell 2,980.0,2.5,3.7628126594007694,0.6211111111111114,4.9,0.015,-455.36439914463335,3619.706183565788,0.04910924295585078,-0.006331801667182039,-0.055441044623032815
Cell 2,990.0,2.5,3.761408279150522,0.6196938775510208,4.9,0.015,-455.36440076786675,3624.6132830254355,0.04909572771284465,-0.006332194094236044,-0.05542792180708069
Cell 2,1000.0,2.5,3.760012922241084,0.61827664399093,4.9,0.015,-455.3644023679335,3629.378036642909,0.04908244524560496,-0.006332603324745343,-0.0554150485703503
Cell 2,1010.0,2.5,3.7586258966821005,0.6168594104308394,4.9,0.015,-455.364404053631,3634.0054270454093,0.04906939497142038,-0.006333029331453455,-0.05540242430287383
Cell 2,1020.0,2.5,3.7572465233037873,0.6154421768707486,4.9,0.015,-455.36440593381485,3638.500436860111,0.0490565763186758,-0.006333472090127655,-0.055390048408803454
Cell 2,1030.0,2.5,3.755874139381598,0.6140249433106579,4.9,0.015,-455.36440811726425,3642.8680487141974,0.04904398872677833,-0.006333931579553171,-0.0553779203063315
Cell 2,1040.0,2.5,3.7545081288727236,0.6126077097505672,4.9,0.015,-455.36441041915896,3647.1104949445107,0.04903163164611966,-0.006334407770537486,-0.055366039416657145
Cell 2,1050.0,2.5,3.7531479708630577,0.6111904761904765,4.9,0.015,-455.36441187519085,3651.2227083199323,0.049019504538058686,-0.006334900605143988,-0.055354405143202674
Cell 2,1060.0,2.5,3.75179300902085,0.6097732426303859,4.9,0.015,-455.36441325274063,3655.2158390643854,0.04900760687455534,-0.006335410092152319,-0.05534301696670766
Cell 2,1070.0,2.5,3.750442682604535,0.6083560090702951,4.9,0.015,-455.36441456410466,3659.0939658668212,0.04899593813840191,-0.006335936215571936,-0.055331874353973846
Cell 2,1080.0,2.5,3.7490964583712274,0.6069387755102045,4.9,0.015,-455.3644158216266,3662.8611674163294,0.048984497823064924,-0.006336478961899539,-0.05532097678496446
Cell 2,1090.0,2.5,3.747753831579461,0.6055215419501138,4.9,0.015,-455.36441703753735,3666.5215224019557,0.048973285432620396,-0.006337038320116169,-0.05531032375273656
Cell 2,1100.0,2.5,3.7464143381046204,0.604104308390023,4.9,0.015,-455.36441820227265,3670.077944678902,0.048962300481692714,-0.006337614276253856,-0.05529991475794657
Cell 2,1110.0,2.5,3.745077626745239,0.6026870748299323,4.9,0.015,-455.3644191475287,3673.524911129025,0.04895154249540578,-0.006338206777709607,-0.055289749273115384
Cell 2,1120.0,2.5,3.743743228232763,0.6012698412698416,4.9,0.015,-455.3644199896771,3676.8720329353346,0.04894101100927903,-0.006338815843814282,-0.05527982685309331
Cell 2,1130.0,2.5,3.742410764257899,0.599852607709751,4.9,0.015,-455.364420727361,3680.122664988241,0.04893070556920877,-0.006339441467662029,-0.0552701470368708
Cell 2,1140.0,2.5,3.7410798862945103,0.5984353741496602,4.9,0.015,-455.364421359307,3683.280162178191,0.048920625731398694,-0.006340083644428476,-0.055260709375827166
Cell 2,1150.0,2.5,3.7397502752699423,0.5970181405895696,4.9,0.015,-455.3644218841837,3686.34787939566,0.048910771062303904,-0.006340742371369713,-0.05525151343367361
Cell 2,1160.0,2.5,3.738421641408478,0.5956009070294789,4.9,0.015,-455.36442230101966,3689.3291408575096,0.048901141138576146,-0.006341417647657927,-0.055242558786234075
Cell 2,1170.0,2.5,3.737093752878826,0.5941836734693882,4.9,0.015,-455.36442264318976,3692.2242759776927,0.048891735547007105,-0.00634210945814558,-0.05523384500515269
Cell 2,1180.0,2.5,3.735766382609442,0.5927664399092974,4.9,0.015,-455.3644229168349,3695.0359892401248,0.04888255388448291,-0.006342817801467743,-0.05522537168595065
Cell 2,1190.0,2.5,3.7344395902451426,0.5913492063492067,4.9,0.015,-455.3644231262442,3697.7392921439205,0.048873595757930884,-0.006343542528076767,-0.05521713828600765
Cell 2,1200.0,2.5,3.7331128132942966,0.5899319727891161,4.9,0.015,-455.364423305964,3700.3785681955706,0.04886486078426766,-0.00634428386030461,-0.05520914464457227
Cell 2,1200.0000000000002,0.0,3.7883219579388685,0.589931972789116,4.9,0.015,-455.364423305964,3700.3785681955706,0.0,0.0,0.0
Cell 2,1210.0,0.0,3.796837608172824,0.589931972789116,4.9,0.015,-311.2824987817148,3331.537723131536,0.0,0.0,0.0
Cell 2,1220.0,0.0,3.8016575586260983,0.589931972789116,4.9,0.015,-248.848651806853,3104.2436946279813,0.0,0.0,0.0
Cell 2,1230.0,0.0,3.8050187981960173,0.589931972789116,4.9,0.015,-203.7495167655943,2934.937925296199,0.0,0.0,0.0
Cell 2,1240.0,0.0,3.8076264302904086,0.589931972789116,4.9,0.015,-167.90937887889595,2796.090398591281,0.0,0.0,0.0
Cell 2,1250.0,0.0,3.809767215544176,0.589931972789116,4.9,0.015,-138.6610049636838,2676.38063494605,0.0,0.0,0.0
Cell 2,1260.0,0.0,3.8115898467814704,0.589931972789116,4.9,0.015,-114.51892847939598,2569.902598826393,0.0,0.0,0.0
Cell 2,1270.0,0.0,3.8131788187432845,0.589931972789116,4.9,0.015,-94.54607239065444,2473.287296431554,0.0,0.0,0.0
Cell 2,1280.0,0.0,3.814586306052709,0.589931972789116,4.9,0.015,-78.03272487995491,2384.453044494214,0.0,0.0,0.0
Cell 2,1290.0,0.0,3.8158495124199945,0.589931972789116,4.9,0.015,-64.38257236340723,2301.9054937133624,0.0,0.0,0.0
Cell 2,1300.0,0.0,3.816995076546359,0.589931972789116,4.9,0.015,-53.10277785224025,2224.5709900882903,0.0,0.0,0.0
Cell 2,1310.0,0.0,3.818042132624496,0.589931972789116,4.9,0.015,-43.787784874268254,2151.678515639902,0.0,0.0,0.0
Cell 2,1320.0,0.0,3.8190049501921113,0.589931972789116,4.9,0.015,-36.10128312946108,2082.653535095389,0.0,0.0,0.0
Cell 2,1330.0,0.0,3.819895170117823,0.589931972789116,4.9,0.015,-29.759844551732385,2017.0250981252793,0.0,0.0,0.0
Cell 2,1340.0,0.0,3.8207222041142304,0.589931972789116,4.9,0.015,-24.528279062651563,1954.4117286116343,0.0,0.0,0.0
Cell 2,1350.0,0.0,3.821493895735843,0.589931972789116,4.9,0.015,-20.20956755612133,1894.4945992219727,0.0,0.0,0.0
Cell 2,1360.0,0.0,3.8222157439089566,0.589931972789116,4.9,0.015,-16.651712851431512,1837.0545197001593,0.0,0.0,0.0
Cell 2,1370.0,0.0,3.8228933375894565,0.589931972789116,4.9,0.015,-13.718746727256075,1781.8640757265784,0.0,0.0,0.0
Cell 2,1380.0,0.0,3.8235306391119486,0.589931972789116,4.9,0.015,-11.30676249647513,1728.765769134643,0.0,0.0,0.0
Cell 2,1390.0,0.0,3.8241318465181107,0.589931972789116,4.9,0.015,-9.321001932170475,1677.5886517335166,0.0,0.0,0.0
Cell 2,1400.0,0.0,3.8247001897142137,0.589931972789116,4.9,0.015,-7.687267064909975,1628.2031884507414,0.0,0.0,0.0
Cell 2,1410.0,0.0,3.8252388429614945,0.589931972789116,4.9,0.015,-6.339250250468467,1580.4803075014097,0.0,0.0,0.0
Cell 2,1420.0,0.0,3.825750133381018,0.589931972789116,4.9,0.015,-5.227532807020907,1534.3276619348471,0.0,0.0,0.0
Cell 2,1430.0,0.0,3.826236232945937,0.589931972789116,4.9,0.015,-4.309270861398545,1489.6584319444082,0.0,0.0,0.0
Cell 2,1440.0,0.0,3.826698891395652,0.589931972789116,4.9,0.015,-3.5518602974698297,1446.4036544275768,0.0,0.0,0.0
Cell 2,1450.0,0.0,3.8271397867812684,0.589931972789116,4.9,0.015,-2.9274306247389177,1404.4963347049015,0.0,0.0,0.0
Cell 2,1460.0,0.0,3.827560379579089,0.589931972789116,4.9,0.015,-2.4135576196676993,1363.878173710269,0.0,0.0,0.0
Cell 2,1470.0,0.0,3.8279619936269023,0.589931972789116,4.9,0.015,-1.9920511919081036,1324.4960256510712,0.0,0.0,0.0
Cell 2,1480.0,0.0,3.828346075088883,0.589931972789116,4.9,0.015,-1.6445741515744885,1286.2897397129054,0.0,0.0,0.0
Cell 2,1490.0,0.0,3.8287131908274725,0.589931972789116,4.9,0.015,-1.366981255941937,1249.2392434803405,0.0,0.0,0.0
Cell 2,1500.0,0.0,3.8290643780948455,0.589931972789116,4.9,0.015,-1.1485901247215224,1213.3013171062048,0.0,0.0,0.0
Cell 2,1510.0,0.0,3.8294010998430754,0.589931972789116,4.9,0.015,-0.9722261259812512,1178.4115127793739,0.0,0.0,0.0
Cell 2,1520.0,0.0,3.8297251375536123,0.589931972789116,4.9,0.015,-0.8152217786628171,1144.4890638499273,0.0,0.0,0.0
Cell 2,1530.0,0.0,3.8300343852968997,0.589931972789116,4.9,0.015,-0.7200395965737698,1111.6364405712666,0.0,0.0,0.0
Cell 2,1540.0,0.0,3.8303313233518477,0.589931972789116,4.9,0.015,-0.6516316296074365,1079.7379142102218,0.0,0.0,0.0
Cell 2,1550.0,0.0,3.8306175086528875,0.589931972789116,4.9,0.015,-0.5895712562487461,1048.720268567573,0.0,0.0,0.0
Cell 2,1560.0,0.0,3.83089440338202,0.589931972789116,4.9,0.015,-0.5145273984599044,1018.513741903309,0.0,0.0,0.0
Cell 2,1570.0,0.0,3.831159178431151,0.589931972789116,4.9,0.015,-0.48424061894547776,989.25305091669,0.0,0.0,0.0
Cell 2,1580.0,0.0,3.8314144808936943,0.589931972789116,4.9,0.015,-0.4565347373536497,960.8103507820852,0.0,0.0,0.0
Cell 2,1590.0,0.0,3.831661277570322,0.589931972789116,4.9,0.015,-0.41860764502416714,933.1372031840219,0.0,0.0,0.0
Cell 2,1600.0,0.0,3.8319000894183675,0.589931972789116,4.9,0.015,-0.3665346149755351,906.2060752721882,0.0,0.0,0.0
Cell 2,1610.0,0.0,3.832129839844609,0.589931972789116,4.9,0.015,-0.3298721691062383,880.0664777254678,0.0,0.0,0.0
Cell 2,1620.0,0.0,3.832351645866605,0.589931972789116,4.9,0.015,-0.29071551799279405,854.6609062844145,0.0,0.0,0.0
Cell 2,1630.0,0.0,3.83256574455247,0.589931972789116,4.9,0.015,-0.24919653492906946,829.9740442881957,0.0,0.0,0.0
Cell 2,1640.0,0.0,3.8327724169501165,0.589931972789116,4.9,0.015,-0.2066272014490096,805.9884878159901,0.0,0.0,0.0
Cell 2,1650.0,0.0,3.832971991064671,0.589931972789116,4.9,0.015,-0.16551522009831388,782.6846454330771,0.0,0.0,0.0
Cell 2,1660.0,0.0,3.8331645548883624,0.589931972789116,4.9,0.015,-0.12858853165744222,760.053484060034,0.0,0.0,0.0
Cell 2,1670.0,0.0,3.8333502377478186,0.589931972789116,4.9,0.015,-0.09975919088174123,738.0841377722536,0.0,0.0,0.0
Cell 2,1680.0,0.0,3.8335294290605963,0.589931972789116,4.9,0.015,-0.07662985763454344,716.7527781564677,0.0,0.0,0.0
Cell 2,1690.0,0.0,3.8337025202150827,0.589931972789116,4.9,0.015,-0.05687645483703818,696.0353509578381,0.0,0.0,0.0
Cell 2,1700.0,0.0,3.83386971460031,0.589931972789116,4.9,0.015,-0.04298584614662104,675.9170075810325,0.0,0.0,0.0
Cell 2,1710.0,0.0,3.83403136681582,0.589931972789116,4.9,0.015,-0.03400046049137018,656.3754305474868,0.0,0.0,0.0
Cell 2,1720.0,0.0,3.8341875459002126,0.589931972789116,4.9,0.015,-0.03056431858203723,637.4011668953681,0.0,0.0,0.0
Cell 2,1730.0,0.0,3.8343385346586945,0.589931972789116,4.9,0.015,-0.030973678731243126,618.9748653593815,0.0,0.0,0.0
Cell 2,1740.0,0.0,3.834484694813505,0.589931972789116,4.9,0.015,-0.03210935800598236,601.073421943147,0.0,0.0,0.0
Cell 2,1750.0,0.0,3.834626352446214,0.589931972789116,4.9,0.015,-0.030216554849175736,583.6752224223274,0.0,0.0,0.0
Cell 2,1760.0,0.0,3.834763390269269,0.589931972789116,4.9,0.015,-0.03185284274150035,566.779761228634,0.0,0.0,0.0
Cell 2,1770.0,0.0,3.8348960967996772,0.589931972789116,4.9,0.015,-0.03298477267526323,550.3671260301599,0.0,0.0,0.0
Cell 2,1780.0,0.0,3.8350246314659246,0.589931972789116,4.9,0.015,-0.03207748932982213,534.4235436188756,0.0,0.0,0.0
Cell 2,1790.0,0.0,3.8351491026061684,0.589931972789116,4.9,0.015,-0.02818665032827994,518.9376841304729,0.0,0.0,0.0
Cell 2,1800.0,0.0,3.8352696299886415,0.589931972789116,4.9,0.015,-0.023018856772978324,503.8978604204167,0.0,0.0,0.0
Cell 2,1800.0000000000002,1.25,3.8050352142653727,0.589931972789116,4.9,0.015,-0.023018856772978324,503.8978604204167,0.02706456905818629,-0.003169846665082594,-0.030234415723268883
Cell 2,1810.0,1.25,3.800964863860293,0.5892233560090707,4.9,0.015,-72.06963746825932,674.9981880066298,0.027051463407483843,-0.0031700535187307076,-0.03022151692621455
Cell 2,1820.0,1.25,3.7984048020425316,0.5885147392290253,4.9,0.015,-103.1978054545325,775.6077073433407,0.0270451164996747,-0.003170241482718558,-0.030215357982393255
Cell 2,1830.0,1.25,3.7964364987866066,0.58780612244898,4.9,0.015,-125.83959373012476,847.8288267689932,0.02704007240398733,-0.00317041464725301,-0.030210487051240343
Cell 2,1840.0,1.25,3.79477821441477,0.5870975056689347,4.9,0.015,-143.79207485288498,905.1749453202901,0.02703568566313569,-0.0031705793062446475,-0.030206264969380336
Cell 2,1850.0,1.25,3.7933164620862945,0.5863888888888893,4.9,0.015,-158.3790835807813,953.1016045160177,0.027031722111373523,-0.003170738367871534,-0.030202460479245057
Cell 2,1860.0,1.25,3.791984652247519,0.585680272108844,4.9,0.015,-170.43481223565323,994.7840780531333,0.027028041807297086,-0.0031708944314393812,-0.030198936238736467
Cell 2,1870.0,1.25,3.790747041730922,0.5849716553287987,4.9,0.015,-180.42503285470593,1031.9314283368512,0.027024574844980005,-0.0031710488282276498,-0.030195623673207654
Cell 2,1880.0,1.25,3.789583409138479,0.5842630385487533,4.9,0.015,-188.68134880786965,1065.5147018641583,0.02702127975388612,-0.003171202107208092,-0.03019248186109421
Cell 2,1890.0,1.25,3.7884790382137705,0.5835544217687079,4.9,0.015,-195.49969499331928,1096.2362819965747,0.027018124669490485,-0.0031713547488161765,-0.030189479418306662
Cell 2,1900.0,1.25,3.787422285393834,0.5828458049886626,4.9,0.015,-201.13488459590008,1124.6474733741525,0.02701508531222098,-0.003171507261943285,-0.030186592574164263
Cell 2,1910.0,1.25,3.7864047704243515,0.5821371882086173,4.9,0.015,-205.79103786351334,1151.1442054443178,0.02701214457436012,-0.003171660004642986,-0.030183804579003107
Cell 2,1920.0,1.25,3.785420505841781,0.5814285714285718,4.9,0.015,-209.6349957780294,1176.0089948797395,0.027009290106944785,-0.0031718131936830374,-0.030181103300627822
Cell 2,1930.0,1.25,3.7844649599559075,0.5807199546485265,4.9,0.015,-212.80595173433903,1199.4547887828194,0.027006512263633774,-0.0031719669719824694,-0.030178479235616243
Cell 2,1940.0,1.25,3.7835343337978484,0.5800113378684812,4.9,0.015,-215.4209188959503,1221.6584678612817,0.027003803142693225,-0.0031721214803605096,-0.030175924623053733
Cell 2,1950.0,1.25,3.782625462139058,0.5793027210884358,4.9,0.015,-217.5769082545521,1242.7660673050596,0.027001156439318087,-0.0031722768469145436,-0.03017343328623263
Cell 2,1960.0,1.25,3.7817357325186123,0.5785941043083904,4.9,0.015,-219.353845640464,1262.8969356325106,0.026998567107096274,-0.003172433178846048,-0.030171000285942322
Cell 2,1970.0,1.25,3.780862844662445,0.5778854875283451,4.9,0.015,-220.81986608921943,1282.1548456453602,0.02699603094376478,-0.0031725905886111805,-0.03016862153237596
Cell 2,1980.0,1.25,3.780004919339097,0.5771768707482998,4.9,0.015,-222.03098812457756,1300.6235648845977,0.026993544625749117,-0.003172749162048412,-0.03016629378779753
Cell 2,1990.0,1.25,3.7791604523757694,0.5764682539682544,4.9,0.015,-223.02992472333426,1318.369222118643,0.026991105635316478,-0.0031729089548849097,-0.030164014590201387
Cell 2,2000.0,1.25,3.7783280085266533,0.5757596371882091,4.9,0.015,-223.85752851977668,1335.4540610645527,0.026988711644789158,-0.003173070042654803,-0.03016178168744396
Cell 2,2010.0,1.25,3.7775066924468965,0.5750510204081638,4.9,0.015,-224.5365743431321,1351.9159503878655,0.026986361335797182,-0.003173232422577101,-0.030159593758374282
Cell 2,2020.0,1.25,3.776695251047063,0.5743424036281184,4.9,0.015,-225.09941003144922,1367.807990230729,0.026984052909514132,-0.003173396185654606,-0.030157449095168737
Cell 2,2030.0,1.25,3.7758930804982276,0.573633786848073,4.9,0.015,-225.55864479321826,1383.154424611861,0.026981785625062073,-0.003173561311541944,-0.030155346936604016
Cell 2,2040.0,1.25,3.7750991530014666,0.5729251700680277,4.9,0.015,-225.93829808567534,1397.9979439016643,0.026979558190462664,-0.0031737278841363686,-0.030153286074599033
Cell 2,2050.0,1.25,3.7743129182702684,0.5722165532879824,4.9,0.015,-226.24770000290664,1412.360044376761,0.026977370048525955,-0.003173895902892101,-0.030151265951418055
Cell 2,2060.0,1.25,3.7735336185650366,0.571507936507937,4.9,0.015,-226.50283257451883,1426.2715152664932,0.026975220369998377,-0.003174065424646432,-0.03014928579464481
Cell 2,2070.0,1.25,3.77276073249892,0.5707993197278917,4.9,0.015,-226.71138054464973,1439.7525904982722,0.026973108704407032,-0.0031742364671367633,-0.030147345171543796
Cell 2,2080.0,1.25,3.7719937077198753,0.5700907029478464,4.9,0.015,-226.88341192727603,1452.8252626489339,0.026971034541496134,-0.0031744090652303654,-0.0301454436067265
Cell 2,2090.0,1.25,3.7712321049396653,0.569382086167801,4.9,0.015,-227.02460613193034,1465.506547862904,0.026968997557862643,-0.0031745832377235344,-0.030143580795586176
Cell 2,2100.0,1.25,3.77047549608279,0.5686734693877555,4.9,0.015,-227.14119632833172,1477.813314235671,0.0269669974342538,-0.003174759008965051,-0.03014175644321885
Cell 2,2110.0,1.25,3.7697235283997412,0.5679648526077102,4.9,0.015,-227.2371429988125,1489.759362729852,0.026965033952427192,-0.003174936393058466,-0.03013997034548566
Cell 2,2120.0,1.25,3.7689758183090722,0.5672562358276649,4.9,0.015,-227.3175128428702,1501.3599912134523,0.0269631068614306,-0.003175115418129811,-0.030138222279560412
Cell 2,2130.0,1.25,3.7682320587502582,0.5665476190476195,4.9,0.015,-227.38535249380948,1512.6274937216658,0.02696121599964399,-0.0031752961001833948,-0.030136512099827383
Cell 2,2140.0,1.25,3.767492038917947,0.5658390022675742,4.9,0.015,-227.4410906057783,1523.570369415589,0.02695936130884919,-0.003175478436673882,-0.030134839745523074
Cell 2,2150.0,1.25,3.76675551487664,0.5651303854875289,4.9,0.015,-227.48637737515674,1534.1987331007585,0.026957542686744218,-0.003175662437541708,-0.030133205124285925
Cell 2,2160.0,1.25,3.7660221089591905,0.5644217687074835,4.9,0.015,-227.52698440625682,1544.5284138803981,0.026955759888663427,-0.0031758481515180834,-0.03013160804018151
Cell 2,2170.0,1.25,3.765291746700873,0.5637131519274381,4.9,0.015,-227.56010740663987,1554.563024404124,0.026954012982802193,-0.003176035554528436,-0.03013004853733063
Cell 2,2180.0,1.25,3.7645643052262474,0.5630045351473928,4.9,0.015,-227.584632687649,1564.3084589109021,0.026952301970964664,-0.0031762246372300483,-0.030128526608194713
Cell 2,2190.0,1.25,3.7638394254214624,0.5622959183673475,4.9,0.015,-227.6066018974161,1573.7802158822014,0.026950626618645526,-0.0031764154558879916,-0.030127042074533518
Cell 2,2200.0,1.25,3.7631170126350915,0.5615873015873021,4.9,0.015,-227.6246168664111,1582.9834948191274,0.026948986945142053,-0.0031766080009187144,-0.030125594946060767
Cell 2,2210.0,1.25,3.762396963077964,0.5608786848072568,4.9,0.015,-227.6378449200638,1591.9241129834336,0.026947382948130736,-0.0031768022673047056,-0.03012418521543544
Cell 2,2220.0,1.25,3.7616791121624527,0.5601700680272115,4.9,0.015,-227.64739600159737,1600.610307838564,0.02694581456569013,-0.003176998268998435,-0.030122812834688564
Cell 2,2230.0,1.25,3.76096326001841,0.5594614512471661,4.9,0.015,-227.6555798790323,1609.051731053023,0.02694428170485152,-0.003177196032715454,-0.030121477737566973
Cell 2,2240.0,1.25,3.7602493312673806,0.5587528344671207,4.9,0.015,-227.66157957593896,1617.2537339944865,0.026942784366869064,-0.003177395553229564,-0.030120179920098626
Cell 2,2250.0,1.25,3.7595372194443186,0.5580442176870754,4.9,0.015,-227.66566804967806,1625.2229392438348,0.02694132252146291,-0.0031775968358857464,-0.03011891935734866
Cell 2,2260.0,1.25,3.758826775487586,0.55733560090703,4.9,0.015,-227.6688773529131,1632.9668886424006,0.02693989612165347,-0.0031777999004216476,-0.03011769602207512
Cell 2,2270.0,1.25,3.7581179203796395,0.5566269841269846,4.9,0.015,-227.6712650949048,1640.491578516794,0.026938505146386436,-0.003178004748606566,-0.030116509894993003
Cell 2,2280.0,1.25,3.7574105659108556,0.5559183673469393,4.9,0.015,-227.6731384994673,1647.8032000654712,0.026937149569805745,-0.0031782113865817035,-0.03011536095638745
Cell 2,2290.0,1.25,3.756704610739195,0.555209750566894,4.9,0.015,-227.67460316700817,1654.9077636059155,0.026935829372259343,-0.0031784198261782925,-0.030114249198437637
Cell 2,2300.0,1.25,3.755999969007779,0.5545011337868486,4.9,0.015,-227.6757502372311,1661.8110390287839,0.026934544535225743,-0.003178630076429446,-0.03011317461165519
Cell 2,2310.0,1.25,3.755296584415788,0.5537925170068032,4.9,0.015,-227.67674675038143,1668.5185270490438,0.026933295039189082,-0.0031788421390086877,-0.03011213717819777
Cell 2,2320.0,1.25,3.7545944012352255,0.5530839002267578,4.9,0.015,-227.67764564252866,1675.0355196564306,0.02693208086809154,-0.0031790560167198074,-0.030111136884811346
Cell 2,2330.0,1.25,3.753893374086738,0.5523752834467125,4.9,0.015,-227.678449021103,1681.3670799842184,0.02693090200758388,-0.0031792717104241973,-0.030110173718008077
Cell 2,2340.0,1.25,3.753193425630558,0.5516666666666671,4.9,0.015,-227.67926762255593,1687.5185886240251,0.026929758440744356,-0.003179489232188014,-0.030109247672932368
Cell 2,2350.0,1.25,3.7524944574422348,0.5509580498866218,4.9,0.015,-227.68027898770742,1693.4956003309635,0.026928650149584652,-0.0031797086023017383,-0.03010835875188639
Cell 2,2360.0,1.25,3.751796475339467,0.5502494331065764,4.9,0.015,-227.6812571642986,1699.3022327467297,0.026927577126685108,-0.0031799298093819314,-0.03010750693606704
Cell 2,2370.0,1.25,3.751099450620066,0.549540816326531,4.9,0.015,-227.68209516205388,1704.9429563727244,0.026926539361418006,-0.0031801528537183884,-0.030106692215136396
Cell 2,2380.0,1.25,3.750403362779186,0.5488321995464857,4.9,0.015,-227.68264427573013,1710.4220440779754,0.026925536844068735,-0.0031803777338270923,-0.030105914577895826
Cell 2,2390.0,1.25,3.7497081977675797,0.5481235827664402,4.9,0.015,-227.68272855446776,1715.7436015007188,0.026924569565414704,-0.003180604446893092,-0.030105174012307796
Cell 2,2400.0,1.25,3.749014402030041,0.5474149659863949,4.9,0.015,-227.682643408094,1720.8662217339006,0.02692363750738422,-0.0031808328374013585,-0.03010447034478558
Cell 2,2410.0,1.25,3.7483210977932218,0.5467063492063495,4.9,0.015,-227.68257014608753,1725.868210669818,0.02692274065557077,-0.0031810631900958536,-0.030103803845666622
Cell 2,2420.0,1.25,3.747628462994195,0.5459977324263041,4.9,0.015,-227.68250804755735,1730.735341827727,0.02692187899947157,-0.003181295442832793,-0.030103174442304363
Cell 2,2430.0,1.25,3.7469364738836273,0.5452891156462587,4.9,0.015,-227.68245587986166,1735.4721222005937,0.026921052528978473,-0.003181529600858525,-0.030102582129836998
Cell 2,2440.0,1.25,3.7462451862876427,0.5445804988662134,4.9,0.015,-227.68241254018722,1740.0755876750118,0.026920261234397343,-0.003181765642756592,-0.030102026877153933
Cell 2,2450.0,1.25,3.7455545192755935,0.543871882086168,4.9,0.015,-227.68237422692982,1744.553468192371,0.02691950510650202,-0.0031820035945865814,-0.0301015087010886
Cell 2,2460.0,1.25,3.7448645589692133,0.5431632653061227,4.9,0.015,-227.68234307678358,1748.9024341322292,0.026918784136312598,-0.003182243425209397,-0.030101027561521995
Cell 2,2470.0,1.25,3.744175303832527,0.5424546485260773,4.9,0.015,-227.68231839217333,1753.1251318745162,0.026918098315343694,-0.0031824851340132494,-0.030100583449356944
Cell 2,2480.0,1.25,3.7434864371209153,0.5417460317460319,4.9,0.015,-227.6822931752431,1757.2481093299211,0.02691744763563827,-0.003182728833612365,-0.030100176469250634
Cell 2,2490.0,1.25,3.7427982433084277,0.5410374149659866,4.9,0.015,-227.68227245503658,1761.2522877539232,0.026916832089420178,-0.0031829744242079386,-0.030099806513628116
Cell 2,2500.0,1.25,3.742110755915257,0.5403287981859412,4.9,0.015,-227.68225623153558,1765.137667146566,0.026916251669430936,-0.0031832218942712464,-0.030099473563702184
Cell 2,2510.0,1.25,3.7414240086080954,0.5396201814058958,4.9,0.015,-227.68224450474736,1768.9042475078568,0.026915706368827685,-0.0031834712322959973,-0.030099177601123683
Cell 2,2520.0,1.25,3.7407380322111927,0.5389115646258504,4.9,0.015,-227.68223723482515,1772.552264782833,0.026915196181183453,-0.0031837224278939286,-0.03009891860907738
Cell 2,2530.0,1.25,3.74005234306728,0.538202947845805,4.9,0.015,-227.68222746296306,1776.1229152477208,0.026914721100563994,-0.003183975662715924,-0.03009869676327992
Cell 2,2540.0,1.25,3.739367323376347,0.5374943310657597,4.9,0.015,-227.682219882965,1779.588411588251,0.02691428112130533,-0.003184230799203421,-0.03009851192050875
Cell 2,2550.0,1.25,3.738683006886044,0.5367857142857143,4.9,0.015,-227.68221449479097,1782.9487538044777,0.02691387623821902,-0.003184487827677217,-0.03009836406589624
Cell 2,2560.0,1.25,3.7379994274144646,0.5360770975056689,4.9,0.015,-227.68221129847007,1786.2039418963905,0.02691350644653132,-0.003184746738476022,-0.03009825318500734
Cell 2,2570.0,1.25,3.7373166188251044,0.5353684807256236,4.9,0.015,-227.682210293995,1789.353975863989,0.02691317174188293,-0.003185007521956303,-0.03009817926383923
Cell 2,2580.0,1.25,3.7366341683936017,0.5346598639455782,4.9,0.015,-227.6822078225814,1792.436009466881,0.02691287212035075,-0.0031852703421924606,-0.030098142462543213
Cell 2,2590.0,1.25,3.7359523577146074,0.5339512471655328,4.9,0.015,-227.68220591726276,1795.429397881715,0.026912607578385275,-0.003185535096741721,-0.030098142675126997
Cell 2,2600.0,1.25,3.735271256074223,0.5332426303854875,4.9,0.015,-227.6822048692411,1798.3311840152091,0.026912378112864933,-0.003185801763952028,-0.030098179876816962
Cell 2,2610.0,1.25,3.734590897230763,0.5325340136054421,4.9,0.015,-227.6822046785419,1801.1413678673707,0.02691218372108412,-0.0031860703358907883,-0.03009825405697491
Cell 2,2620.0,1.25,3.733911314920808,0.5318253968253968,4.9,0.015,-227.6822053451251,1803.859949438207,0.0269120244007511,-0.003186340804639846,-0.030098365205390946
Cell 2,2630.0,1.25,3.7332322233420547,0.5311167800453513,4.9,0.015,-227.68220552836283,1806.514695385289,0.026911900149990647,-0.0031866132917481122,-0.03009851344173876
Cell 2,2640.0,1.25,3.7325537544298184,0.5304081632653059,4.9,0.015,-227.6822056412384,1809.0970512897984,0.02691181096733547,-0.0031868877523347533,-0.030098698719670223
Cell 2,2650.0,1.25,3.7318759837845352,0.5296995464852606,4.9,0.015,-227.68220586028838,1811.60336174861,0.0269117568517332,-0.003187164163425796,-0.030098921015158996
Cell 2,2660.0,1.25,3.7311989303978983,0.5289909297052152,4.9,0.015,-227.6822061246712,1814.0348868710862,0.026911737802545656,-0.0031874425249810595,-0.030099180327526717
Cell 2,2670.0,1.25,3.730522613187936,0.5282823129251699,4.9,0.015,-227.68220637351988,1816.3928867666036,0.0269117538195481,-0.0031877228371671616,-0.030099476656715262
Cell 2,2680.0,1.25,3.729847050985567,0.5275736961451245,4.9,0.015,-227.68220654599645,1818.6786215445536,0.026911804902929375,-0.003188005100357245,-0.03009981000328662
Cell 2,2690.0,1.25,3.729172262521441,0.5268650793650791,4.9,0.015,-227.6822065812703,1820.8933513143274,0.026911891053291743,-0.0031882893151307227,-0.030100180368422467
Cell 2,2700.0,1.25,3.7284982662176986,0.5261564625850337,4.9,0.015,-227.68220642021333,1823.038356900819,0.026912012271651027,-0.0031885754823568198,-0.030100587754007847
Cell 2,2710.0,1.25,3.727824958518363,0.5254478458049884,4.9,0.015,-227.68220707216096,1825.127839886154,0.02691216855944022,-0.003188863655780746,-0.030101032215220966
Cell 2,2720.0,1.25,3.7271524359597317,0.524739229024943,4.9,0.015,-227.68220779145122,1827.1547791952908,0.02691235991850169,-0.0031891538038124204,-0.03010151372231411
Cell 2,2730.0,1.25,3.72648071180893,0.5240306122448977,4.9,0.015,-227.68220856116022,1829.1209657304207,0.026912586351093087,-0.003189445930495597,-0.030102032281588684
Cell 2,2740.0,1.25,3.7258097991937826,0.5233219954648523,4.9,0.015,-227.68220936432044,1831.028190393663,0.02691284785988586,-0.0031897400401463888,-0.03010258790003225
Cell 2,2750.0,1.25,3.725139711094115,0.5226133786848068,4.9,0.015,-227.6822101839789,1832.878244087202,0.02691314444796546,-0.0031900361373531317,-0.030103180585318592
Cell 2,2760.0,1.25,3.724470460333338,0.5219047619047615,4.9,0.015,-227.6822110032099,1834.6729177131783,0.02691347611883134,-0.0031903342269762798,-0.03010381034580762
Cell 2,2770.0,1.25,3.723802059570316,0.5211961451247161,4.9,0.015,-227.68221180504952,1836.4140021737767,0.02691384287639716,-0.0031906343141483175,-0.030104477190545476
Cell 2,2780.0,1.25,3.723134525531741,0.5204875283446708,4.9,0.015,-227.6822125617473,1838.1030596858182,0.0269142447249907,-0.0031909364023352074,-0.03010518112732591
Cell 2,2790.0,1.25,3.7224678902770942,0.5197789115646254,4.9,0.015,-227.68221320598968,1839.7408146694725,0.026914681669353634,-0.0031912404880636903,-0.030105922157417326
Cell 2,2800.0,1.25,3.721802151661185,0.51907029478458,4.9,0.015,-227.682213757078,1841.3298255693808,0.02691515371464323,-0.0031915465836415114,-0.03010670029828474
Cell 2,2810.0,1.25,3.7211373226662436,0.5183616780045346,4.9,0.015,-227.68221419529618,1842.8718246751887,0.026915660866431074,-0.0031918546946822137,-0.03010751556111329
Cell 2,2820.0,1.25,3.720473416066757,0.5176530612244893,4.9,0.015,-227.6822145009155,1844.3685442765782,0.02691620313070369,-0.003192164827056638,-0.03010836795776033
Cell 2,2830.0,1.25,3.719810444422373,0.5169444444444439,4.9,0.015,-227.6822146542272,1845.821716663224,0.02691678051386271,-0.0031924769868929737,-0.030109257500755684
Cell 2,2840.0,1.25,3.7191484200710816,0.5162358276643986,4.9,0.015,-227.68221463552436,1847.2330741246988,0.02691739302272514,-0.003192791180576827,-0.030110184203301967
Cell 2,2850.0,1.25,3.7184873551226527,0.5155272108843532,4.9,0.015,-227.6822144250691,1848.6043489507283,0.02691804066452351,-0.003193107414751324,-0.030111148079274834
Cell 2,2860.0,1.25,3.717827316988488,0.5148185941043077,4.9,0.015,-227.68221427818753,1849.93256790522,0.026918723446909803,-0.00319342566924857,-0.030112149116158372
Cell 2,2870.0,1.25,3.717168387387443,0.5141099773242624,4.9,0.015,-227.6822145234746,1851.213503510684,0.026919441377953744,-0.0031937459161386606,-0.030113187294092403
Cell 2,2880.0,1.25,3.7165104981227906,0.513401360544217,4.9,0.015,-227.68221474838174,1852.455609326491,0.026920194466131652,-0.0031940682007581336,-0.030114262666889786
Cell 2,2890.0,1.25,3.715853662642737,0.5126927437641717,4.9,0.015,-227.68221494564932,1853.660404903123,0.026920982720341494,-0.00319439252905693,-0.030115375249398425
Cell 2,2900.0,1.25,3.715197894112747,0.5119841269841263,4.9,0.015,-227.68221510795956,1854.8294097910912,0.026921806149898184,-0.003194718907208735,-0.030116525057106918
Cell 2,2910.0,1.25,3.7145432054094494,0.5112755102040809,4.9,0.015,-227.6822152280365,1855.9641435408848,0.02692266476453387,-0.0031950473416111373,-0.030117712106145007
Cell 2,2920.0,1.25,3.713889609114835,0.5105668934240355,4.9,0.015,-227.68221529862603,1857.0661257030806,0.02692355857439824,-0.0031953778388857943,-0.030118936413284034
Cell 2,2930.0,1.25,3.7132371175106584,0.5098582766439902,4.9,0.015,-227.68221531240488,1858.1368758280732,0.026924487590058915,-0.003195710405878623,-0.03012019799593754
Cell 2,2940.0,1.25,3.712585742573176,0.5091496598639449,4.9,0.015,-227.682215262108,1859.1779134664903,0.026925451822501723,-0.0031960450496600116,-0.030121496872161733
Cell 2,2950.0,1.25,3.7119354959680617,0.5084410430838995,4.9,0.015,-227.6822151404631,1860.1907581687701,0.026926451283131113,-0.003196381777525047,-0.03012283306065616
Cell 2,2960.0,1.25,3.7112863890455996,0.5077324263038541,4.9,0.015,-227.68221494015597,1861.176929485482,0.026927485983770528,-0.003196720596993756,-0.030124206580764284
Cell 2,2970.0,1.25,3.710638432836131,0.5070238095238087,4.9,0.015,-227.68221465394345,1862.137946967072,0.026928555936662765,-0.0031970615158113808,-0.030125617452474145
Cell 2,2980.0,1.25,3.7099916380456954,0.5063151927437634,4.9,0.015,-227.6822142745059,1863.0753301640725,0.02692966115447041,-0.0031974045419486522,-0.030127065696419063
Cell 2,2990.0,1.25,3.7093461324866213,0.5056065759637179,4.9,0.015,-227.68221390676626,1863.9788664935768,0.02693080165027833,-0.003197749620043421,-0.030128551270321748
Cell 2,3000.0,1.25,3.7087018269544307,0.5048979591836726,4.9,0.015,-227.68221359236122,1864.8610155504794,0.026931977437591185,-0.0031980968111194235,-0.030130074248710607
Cell 2,3000.0000000000005,0.0,3.7388319012031412,0.5048979591836726,4.9,0.015,-227.68221359236122,1864.8610155504794,0.0,0.0,0.0
Cell 2,3010.0,0.0,3.7431167077268483,0.5048979591836726,4.9,0.015,-155.62745560187795,1680.0128339102957,0.0,0.0,0.0
Cell 2,3020.0,0.0,3.7456328767541622,0.5048979591836726,4.9,0.015,-124.4978782056096,1566.0528699441056,0.0,0.0,0.0
Cell 2,3030.0,0.0,3.747430392124655,0.5048979591836726,4.9,0.015,-101.85761167272358,1480.874388309865,0.0,0.0,0.0
Cell 2,3040.0,0.0,3.7488479422037746,0.5048979591836726,4.9,0.015,-83.90554131677891,1410.9473834414093,0.0,0.0,0.0
Cell 2,3050.0,0.0,3.7500228786736383,0.5048979591836726,4.9,0.015,-69.31632762364461,1350.7946524845393,0.0,0.0,0.0
Cell 2,3060.0,0.0,3.75103565593572,0.5048979591836726,4.9,0.015,-57.252911466090154,1297.2216968785579,0.0,0.0,0.0
Cell 2,3070.0,0.0,3.751928765961551,0.5048979591836726,4.9,0.015,-47.261368683244655,1248.5397230970484,0.0,0.0,0.0
Cell 2,3080.0,0.0,3.752726844596113,0.5048979591836726,4.9,0.015,-39.00711691311335,1203.7683487962786,0.0,0.0,0.0
Cell 2,3090.0,0.0,3.7534483790123576,0.5048979591836726,4.9,0.015,-32.187673457239725,1162.1741453481372,0.0,0.0,0.0
Cell 2,3100.0,0.0,3.7541074944007384,0.5048979591836726,4.9,0.015,-26.550855346025855,1123.1980634120846,0.0,0.0,0.0
Cell 2,3110.0,0.0,3.754714194743508,0.5048979591836726,4.9,0.015,-21.894236848835135,1086.444357436747,0.0,0.0,0.0
Cell 2,3120.0,0.0,3.755275965058962,0.5048979591836726,4.9,0.015,-18.049326121414197,1051.6173918206987,0.0,0.0,0.0
Cell 2,3130.0,0.0,3.755798296913742,0.5048979591836726,4.9,0.015,-14.87805982894497,1018.5006178134645,0.0,0.0,0.0
Cell 2,3140.0,0.0,3.7562859199218095,0.5048979591836726,4.9,0.015,-12.26316328104258,986.9083533688026,0.0,0.0,0.0
Cell 2,3150.0,0.0,3.756742849623487,0.5048979591836726,4.9,0.015,-10.107459604696487,956.6836451830677,0.0,0.0,0.0
Cell 2,3160.0,0.0,3.7571724136282127,0.5048979591836726,4.9,0.015,-8.330570637501296,927.6970582179711,0.0,0.0,0.0
Cell 2,3170.0,0.0,3.757577502342612,0.5048979591836726,4.9,0.015,-6.862244496933272,899.8367080680619,0.0,0.0,0.0
Cell 2,3180.0,0.0,3.7579603028478905,0.5048979591836726,4.9,0.015,-5.652366937370971,873.018693465172,0.0,0.0,0.0
Cell 2,3190.0,0.0,3.7583230168008748,0.5048979591836726,4.9,0.015,-4.649602274024801,847.1587160054842,0.0,0.0,0.0
Cell 2,3200.0,0.0,3.7586670445653145,0.5048979591836726,4.9,0.015,-3.8246090605680365,822.2042017840504,0.0,0.0,0.0
Cell 2,3210.0,0.0,3.7589940296163613,0.5048979591836726,4.9,0.015,-3.1429390413522924,798.0930384988678,0.0,0.0,0.0
Cell 2,3220.0,0.0,3.759305148186975,0.5048979591836726,4.9,0.015,-2.582710063590639,774.7816097078612,0.0,0.0,0.0
Cell 2,3230.0,0.0,3.7596015804665597,0.5048979591836726,4.9,0.015,-2.1226823845008767,752.2260102981818,0.0,0.0,0.0
Cell 2,3240.0,0.0,3.7598844205348367,0.5048979591836726,4.9,0.015,-1.7446466157089162,730.3856894332639,0.0,0.0,0.0
Cell 2,3250.0,0.0,3.7601545693664087,0.5048979591836726,4.9,0.015,-1.435201320953638,709.2275065493814,0.0,0.0,0.0
Cell 2,3260.0,0.0,3.7604129429947033,0.5048979591836726,4.9,0.015,-1.1806549197481218,688.717470759213,0.0,0.0,0.0
Cell 2,3270.0,0.0,3.760660282943209,0.5048979591836726,4.9,0.015,-0.9719651694267668,668.828306722542,0.0,0.0,0.0
Cell 2,3280.0,0.0,3.7608973026860224,0.5048979591836726,4.9,0.015,-0.7999294728724635,649.5334136271849,0.0,0.0,0.0
Cell 2,3290.0,0.0,3.7611246113865504,0.5048979591836726,4.9,0.015,-0.6585393696332176,630.8101578531132,0.0,0.0,0.0
Cell 2,3300.0,0.0,3.7613427847181358,0.5048979591836726,4.9,0.015,-0.5416849413468299,612.6367658198142,0.0,0.0,0.0
Cell 2,3310.0,0.0,3.7615523312199515,0.5048979591836726,4.9,0.015,-0.44517283454479184,594.9939131487481,0.0,0.0,0.0
Cell 2,3320.0,0.0,3.7617537902887968,0.5048979591836726,4.9,0.015,-0.3634483612840995,577.8606911421593,0.0,0.0,0.0
Cell 2,3330.0,0.0,3.761947516282774,0.5048979591836726,4.9,0.015,-0.29568586711502576,561.2232144464942,0.0,0.0,0.0
Cell 2,3340.0,0.0,3.7621338316115733,0.5048979591836726,4.9,0.015,-0.24156633660095395,545.0685436296844,0.0,0.0,0.0
Cell 2,3350.0,0.0,3.762313330309909,0.5048979591836726,4.9,0.015,-0.19307704518541868,529.37283726639,0.0,0.0,0.0
Cell 2,3360.0,0.0,3.7624861937261276,0.5048979591836726,4.9,0.015,-0.1530334798280819,514.128101897455,0.0,0.0,0.0
Cell 2,3370.0,0.0,3.7626526646391976,0.5048979591836726,4.9,0.015,-0.12224579253233969,499.3236574053226,0.0,0.0,0.0
Cell 2,3380.0,0.0,3.762813150552061,0.5048979591836726,4.9,0.015,-0.0966198352889478,484.9422763000839,0.0,0.0,0.0
Cell 2,3390.0,0.0,3.7629679479162643,0.5048979591836726,4.9,0.015,-0.07475096246344037,470.9707375295038,0.0,0.0,0.0
Cell 2,3400.0,0.0,3.763117231326841,0.5048979591836726,4.9,0.015,-0.05822163296943472,457.4002400842728,0.0,0.0,0.0
Cell 2,3410.0,0.0,3.763261250175655,0.5048979591836726,4.9,0.015,-0.04625114680493425,444.21902167594817,0.0,0.0,0.0
Cell 2,3420.0,0.0,3.7634003209052835,0.5048979591836726,4.9,0.015,-0.0359654251660686,431.4127808693811,0.0,0.0,0.0
Cell 2,3430.0,0.0,3.763534604245649,0.5048979591836726,4.9,0.015,-0.028249652747035725,418.97257736515166,0.0,0.0,0.0
Cell 2,3440.0,0.0,3.763664294476186,0.5048979591836726,4.9,0.015,-0.02278941524855327,406.8881343972389,0.0,0.0,0.0
Cell 2,3450.0,0.0,3.7637896287787083,0.5048979591836726,4.9,0.015,-0.018435833535477286,395.14816274750046,0.0,0.0,0.0
Cell 2,3460.0,0.0,3.763910767620514,0.5048979591836726,4.9,0.015,-0.015110699368960923,383.743274398832,0.0,0.0,0.0
Cell 2,3470.0,0.0,3.7640278782549244,0.5048979591836726,4.9,0.015,-0.01247650369805342,372.66394851941004,0.0,0.0,0.0
Cell 2,3480.0,0.0,3.7641411463436887,0.5048979591836726,4.9,0.015,-0.010377772641732008,361.9007275399126,0.0,0.0,0.0
Cell 2,3490.0,0.0,3.7642507275981147,0.5048979591836726,4.9,0.015,-0.008658972752527916,351.4446665567084,0.0,0.0,0.0
Cell 2,3500.0,0.0,3.764356750464344,0.5048979591836726,4.9,0.015,-0.007174614636824117,341.28730839658965,0.0,0.0,0.0
Cell 2,3510.0,0.0,3.764459339211114,0.5048979591836726,4.9,0.015,-0.005876199904378154,331.42046903480514,0.0,0.0,0.0
Cell 2,3520.0,0.0,3.764558605016867,0.5048979591836726,4.9,0.015,-0.0047786565683054505,321.8363204311827,0.0,0.0,0.0
Cell 2,3530.0,0.0,3.7646547166523985,0.5048979591836726,4.9,0.015,-0.003636057479525334,312.526165733565,0.0,0.0,0.0
Cell 2,3540.0,0.0,3.764747815790753,0.5048979591836726,4.9,0.015,-0.002330124676518608,303.4819066406344,0.0,0.0,0.0
Cell 2,3550.0,0.0,3.7648379631740405,0.5048979591836726,4.9,0.015,-0.001117247316869907,294.6969763770103,0.0,0.0,0.0
Cell 2,3560.0,0.0,3.764925247548142,0.5048979591836726,4.9,0.015,-0.00012870905811723787,286.16445207547804,0.0,0.0,0.0
Cell 2,3570.0,0.0,3.7650097474440343,0.5048979591836726,4.9,0.015,0.0004539717974694213,277.8777170286703,0.0,0.0,0.0
Cell 2,3580.0,0.0,3.7650915546342403,0.5048979591836726,4.9,0.015,0.0005934583241469227,269.82998577362014,0.0,0.0,0.0
Cell 2,3590.0,0.0,3.765170802219108,0.5048979591836726,4.9,0.015,0.0006294308695942163,262.01373532548314,0.0,0.0,0.0
Cell 2,3600.0,0.0,3.7652475763011415,0.5048979591836726,4.9,0.015,0.0005464925397973275,254.42249352208455,0.0,0.0,0.0
Cell 3,0.0,2.5,3.9095096089426438,0.72,4.7,0.022,-3.637978807091713e-12,0.0,0.05085512119151601,-0.00639180357258711,-0.05724692476410312
Cell 3,10.0,2.5,3.9005850174999863,0.7185224586288416,4.7,0.022,-144.1120524592552,371.43978981868713,0.05072092050561618,-0.006380963149121318,-0.05710188365473749
Cell 3,20.0,2.5,3.895038819818678,0.7170449172576832,4.7,0.022,-206.49549604082858,601.2040588739037,0.05065544319847883,-0.0063745862260469206,-0.05703002942452575
Cell 3,30.0,2.5,3.8908086867981164,0.7155673758865247,4.7,0.022,-251.6143929956961,772.9417121635015,0.05060340875342263,-0.00636996650220478,-0.056973375255627415
Cell 3,40.0,2.5,3.8872543808289963,0.7140898345153665,4.7,0.022,-287.458232265104,914.1602608459107,0.050557920020836075,-0.006366262235430103,-0.05692418225626618
Cell 3,50.0,2.5,3.8841159364853306,0.712612293144208,4.7,0.022,-316.70668315378134,1036.1563744910927,0.050516576413007976,-0.006363133133849261,-0.056879709546857234
Cell 3,60.0,2.5,3.8812575025325553,0.7111347517730496,4.7,0.022,-340.8455666484406,1144.84700342032,0.05047809189235871,-0.006360403659149192,-0.056838495551507905
Cell 3,70.0,2.5,3.8786011772920603,0.7096572104018912,4.7,0.022,-360.8190475849151,1243.621162377538,0.050441739803621495,-0.006357973373597382,-0.05679971317721888
Cell 3,80.0,2.5,3.8760989574652718,0.7081796690307328,4.7,0.022,-377.3325499061939,1334.5503497018653,0.050407064840330716,-0.006355780075570255,-0.05676284491590097
Cell 3,90.0,2.5,3.873716119324226,0.7067021276595744,4.7,0.022,-390.9823499200247,1419.130464936963,0.05037373801484998,-0.0063537796458275906,-0.056727517660677566
Cell 3,100.0,2.5,3.8714274892084686,0.705224586288416,4.7,0.022,-402.2618407290356,1498.4375560564004,0.05034152186983744,-0.0063519404391687686,-0.05669346230900621
Cell 3,110.0,2.5,3.8692146866094315,0.7037470449172577,4.7,0.022,-411.57677053419684,1573.246539647469,0.05031024409028755,-0.006350239374217969,-0.05666048346450552
Cell 3,120.0,2.5,3.86706380971679,0.7022695035460993,4.7,0.022,-419.2635311084887,1644.1342928075283,0.05027977590515595,-0.006348658989184572,-0.056628434894340524
Cell 3,130.0,2.5,3.8649634719803276,0.7007919621749409,4.7,0.022,-425.6047241513879,1711.5688902353068,0.05025001419638396,-0.006347185243732973,-0.05659719944011693
Cell 3,140.0,2.5,3.86290407488738,0.6993144208037825,4.7,0.022,-430.8375401221565,1775.9417439208883,0.05022087457529115,-0.006345806588292442,-0.05656668116358359
Cell 3,150.0,2.5,3.8608780133581333,0.6978368794326241,4.7,0.022,-435.1551137174829,1837.5567021139104,0.050192292201808354,-0.006344513819565168,-0.05653680602137352
Cell 3,160.0,2.5,3.8588791892981202,0.6963593380614657,4.7,0.022,-438.7135827788843,1896.6525837857007,0.05016421692738245,-0.006343299458590917,-0.05650751638597337
Cell 3,170.0,2.5,3.8569019243031,0.6948817966903073,4.7,0.022,-441.6479780829395,1953.4539177512888,0.05013660385338839,-0.006342156844177971,-0.05647876069756636
Cell 3,180.0,2.5,3.8549421777189807,0.693404255319149,4.7,0.022,-444.0608300598651,2008.1141523792285,0.05010942252940209,-0.006341080806219255,-0.05645050333562135
Cell 3,190.0,2.5,3.852995661231661,0.6919267139479905,4.7,0.022,-446.04635813552886,2060.803726232436,0.05008264147399884,-0.006340066353363228,-0.05642270782736206
Cell 3,200.0,2.5,3.851058928939391,0.6904491725768321,4.7,0.022,-447.68035486118606,2111.6594584445047,0.05005623647543573,-0.006339109309202507,-0.056395345784638236
Cell 3,210.0,2.5,3.8491289299315437,0.6889716312056737,4.7,0.022,-449.02743690474017,2160.8056559950746,0.0500301866280613,-0.006338205970405859,-0.05636839259846716
Cell 3,220.0,2.5,3.84720331177466,0.6874940898345153,4.7,0.022,-450.1380421620597,2208.3406637472945,0.050004476297557554,-0.00633735321417497,-0.05634182951173253
Cell 3,230.0,2.5,3.8452800739785316,0.6860165484633569,4.7,0.022,-451.0555729413063,2254.3531703375265,0.049979092138845965,-0.006336548253350318,-0.05631564039219628
Cell 3,240.0,2.5,3.84335771856647,0.6845390070921985,4.7,0.022,-451.81292907397074,2298.915876872983,0.049954024028772616,-0.00633578867095035,-0.05628981269972297
Cell 3,250.0,2.5,3.841435123107029,0.6830614657210401,4.7,0.022,-452.4372954800019,2342.091577733776,0.04992926381404327,-0.006335072317978165,-0.056264336132021434
Cell 3,260.0,2.5,3.839511317802113,0.6815839243498818,4.7,0.022,-452.95171799334275,2383.9434424699466,0.04990480370969711,-0.00633439718966909,-0.0562392008993662
Cell 3,270.0,2.5,3.837585755876995,0.6801063829787234,4.7,0.022,-453.3737872068341,2424.5229174691194,0.04988063801997924,-0.00633376152818959,-0.05621439954816883
Cell 3,280.0,2.5,3.8356579418631185,0.678628841607565,4.7,0.022,-453.7204182578207,2463.886406292433,0.049856760491709166,-0.006333163653474295,-0.056189924145183465
Cell 3,290.0,2.5,3.833727762875731,0.6771513002364066,4.7,0.022,-454.0038224779855,2502.0803453595945,0.04983316658104376,-0.006332602087149361,-0.056165768668193124
Cell 3,300.0,2.5,3.831796008450883,0.6756737588652482,4.7,0.022,-454.22466784409335,2539.1183873906666,0.04980985676412092,-0.006332075697369302,-0.05614193246149022
Cell 3,310.0,2.5,3.8298624803772308,0.6741962174940898,4.7,0.022,-454.3993912190308,2575.064318504974,0.04978682390573783,-0.00633158304395458,-0.05611840694969241
Cell 3,320.0,2.5,3.8279269989557965,0.6727186761229313,4.7,0.022,-454.54606722551034,2609.98668679424,0.04976406032764922,-0.00633112277979015,-0.05609518310743937
Cell 3,330.0,2.5,3.8259907641830355,0.671241134751773,4.7,0.022,-454.6629046001217,2643.8992741379807,0.04974156664464005,-0.006330694024300185,-0.056072260668940235
Cell 3,340.0,2.5,3.8240562152173956,0.6697635933806146,4.7,0.022,-454.73087966757885,2676.7676608510956,0.049719350322503617,-0.00633029621145837,-0.05604964653396199
Cell 3,350.0,2.5,3.8221225499335043,0.6682860520094562,4.7,0.022,-454.78309072587945,2708.701871106874,0.0496973975159298,-0.006329927953460008,-0.05602732546938981
Cell 3,360.0,2.5,3.82018970998026,0.6668085106382978,4.7,0.022,-454.84264798886215,2739.782371606696,0.049675699061221955,-0.006329588194543325,-0.05600528725576528
Cell 3,370.0,2.5,3.8182601075759144,0.6653309692671394,4.7,0.022,-454.8932808542704,2769.9859414237217,0.04965426083354858,-0.006329276486946839,-0.05598353732049542
Cell 3,380.0,2.5,3.81633644425797,0.6638534278959811,4.7,0.022,-454.9153033342045,2799.279313822568,0.0496330897044455,-0.006328992393690263,-0.05596208209813576
Cell 3,390.0,2.5,3.814418326959677,0.6623758865248227,4.7,0.022,-454.94055188419225,2827.762430108083,0.04961217359216158,-0.0063287349222126065,-0.05594090851437419
Cell 3,400.0,2.5,3.812506498033759,0.6608983451536643,4.7,0.022,-454.9828849816149,2855.486292649952,0.04959150755424673,-0.006328503403302724,-0.055920010957549456
Cell 3,410.0,2.5,3.810603326140203,0.6594208037825059,4.7,0.022,-455.02528085710946,2882.431366810859,0.04957109653265144,-0.006328297457927667,-0.0558993939905791
Cell 3,420.0,2.5,3.8087106517356597,0.6579432624113475,4.7,0.022,-455.06037044486584,2908.5990508809155,0.04955094225227804,-0.006328116621746538,-0.05587905887402458
Cell 3,430.0,2.5,3.8068293463868517,0.6564657210401892,4.7,0.022,-455.09838039706665,2934.0295019358564,0.049531041005515204,-0.0063279603427204645,-0.05585900134823567
Cell 3,440.0,2.5,3.804960801846753,0.6549881796690308,4.7,0.022,-455.13869664070444,2958.7372543643214,0.04951139256398663,-0.006327828174548138,-0.05583922073853477
Cell 3,450.0,2.5,3.8031061280674217,0.6535106382978724,4.7,0.022,-455.17954101136274,2982.7443180002374,0.04949199583967015,-0.006327719675453742,-0.055819715515123894
Cell 3,460.0,2.5,3.8012665165014115,0.652033096926714,4.7,0.022,-455.21850763729526,3006.0648026927884,0.049472850609550166,-0.00632763444279184,-0.055800485052342
Cell 3,470.0,2.5,3.799443119728725,0.6505555555555556,4.7,0.022,-455.2523931318792,3028.7093551173202,0.04945395698830053,-0.006327572092870565,-0.055781529081171094
Cell 3,480.0,2.5,3.7976369510059764,0.6490780141843971,4.7,0.022,-455.27705278171925,3050.6888662845413,0.04943531501605776,-0.006327532252026933,-0.05576284726808469
Cell 3,490.0,2.5,3.7958483855435254,0.6476004728132388,4.7,0.022,-455.2992211196579,3072.035827186053,0.04941692188739761,-0.0063275145547994635,-0.05574443644219707
Cell 3,500.0,2.5,3.794078066792161,0.6461229314420804,4.7,0.022,-455.3164757306258,3092.765105216975,0.049398777100805924,-0.006327518672018737,-0.05572629577282466
Cell 3,510.0,2.5,3.792326404763234,0.644645390070922,4.7,0.022,-455.3281698015744,3112.8954801179643,0.049380879628711155,-0.006327544292333912,-0.05570842392104507
Cell 3,520.0,2.5,3.7905935720245707,0.6431678486997636,4.7,0.022,-455.3355019173505,3132.4498675993564,0.049363227929909756,-0.006327591129139226,-0.055690819059048983
Cell 3,530.0,2.5,3.7888800680571078,0.6416903073286052,4.7,0.022,-455.3368841531301,3151.432206540023,0.049345822440899176,-0.0063276588953498185,-0.055673481336249
Cell 3,540.0,2.5,3.787185710489044,0.6402127659574468,4.7,0.022,-455.33540771439584,3169.869023380743,0.04932866113509032,-0.0063277473413011565,-0.05565640847639147
Cell 3,550.0,2.5,3.7855103311354017,0.6387352245862885,4.7,0.022,-455.3339304401452,3187.7811699127997,0.049311742575166205,-0.006327856235985035,-0.05563959881115124
Cell 3,560.0,2.5,3.7838536460325716,0.6372576832151301,4.7,0.022,-455.33586866171754,3205.189436303288,0.04929506532014744,-0.006327985370297693,-0.05562305069044514
Cell 3,570.0,2.5,3.7822156346327045,0.6357801418439717,4.7,0.022,-455.33707266065176,3222.098843172138,0.049278629688934664,-0.006328134513223958,-0.05560676420215862
Cell 3,580.0,2.5,3.780595869277863,0.6343026004728133,4.7,0.022,-455.3406745287866,3238.5273465153623,0.04926243446781675,-0.006328303473360985,-0.055590737941177734
Cell 3,590.0,2.5,3.7789940059158207,0.6328250591016549,4.7,0.022,-455.34666031574307,3254.4855037995076,0.04924647922925742,-0.006328492051114627,-0.055574971280372046
Cell 3,600.0,2.5,3.7774105780559943,0.6313475177304966,4.7,0.022,-455.3497929830628,3269.894458866871,0.04923076469327643,-0.00632869988367479,-0.055559464576951226
Cell 3,610.0,2.5,3.775843507461409,0.6298699763593382,4.7,0.022,-455.35242475886844,3284.9175364377043,0.04921528890705088,-0.006328927048954538,-0.05554421595600542
Cell 3,620.0,2.5,3.77429256884733,0.6283924349881798,4.7,0.022,-455.35458900003505,3299.5243178530254,0.04920005119855367,-0.006329173325935641,-0.05552922452448931
Cell 3,630.0,2.5,3.7727571811794847,0.6269148936170214,4.7,0.022,-455.35639541081764,3313.7179227250454,0.04918505090414455,-0.006329438549622857,-0.05551448945376741
Cell 3,640.0,2.5,3.7712365248797335,0.6254373522458629,4.7,0.022,-455.357943044306,3327.5232510444184,0.04917028735451479,-0.006329722608229121,-0.055500009962743915
Cell 3,650.0,2.5,3.769729743064015,0.6239598108747046,4.7,0.022,-455.35935427985896,3340.964764976281,0.04915575989540342,-0.006330025408003948,-0.055485785303407364
Cell 3,660.0,2.5,3.768236486146085,0.6224822695035462,4.7,0.022,-455.36049908388304,3354.0164723724884,0.04914146788136538,-0.0063303467263017025,-0.05547181460766708
Cell 3,670.0,2.5,3.7667561200481527,0.6210047281323878,4.7,0.022,-455.36137745640735,3366.6783732330805,0.04912741067994146,-0.006330686403499008,-0.05545809708344047
Cell 3,680.0,2.5,3.7652880037728136,0.6195271867612294,4.7,0.022,-455.36198939741735,3378.9504675580647,0.049113587670112195,-0.006331044280835544,-0.05544463195094774
Cell 3,690.0,2.5,3.7638309986952594,0.618049645390071,4.7,0.022,-455.3625167254613,3390.8800468363406,0.0490999982391204,-0.0063314203575021155,-0.05543141859662252
Cell 3,700.0,2.5,3.762384569949838,0.6165721040189127,4.7,0.022,-455.3629192260778,3402.4566511724734,0.04908664178941675,-0.006331814463223179,-0.05541845625263993
Cell 3,710.0,2.5,3.7609479583207572,0.6150945626477543,4.7,0.022,-455.3632209809293,3413.692520929664,0.04907351773124613,-0.006332226502832297,-0.05540574423407843
Cell 3,720.0,2.5,3.7595202959210687,0.6136170212765959,4.7,0.022,-455.3634803968489,3424.611292360576,0.04906062548468133,-0.00633265643236273,-0.05539328191704406
Cell 3,730.0,2.5,3.7581011202793233,0.6121394799054375,4.7,0.022,-455.36366304710464,3435.1990335559494,0.04904796448759836,-0.0063331040781281515,-0.055381068565726506
Cell 3,740.0,2.5,3.7566894350259346,0.6106619385342791,4.7,0.022,-455.36382808404596,3445.4958934489114,0.049035534179432,-0.0063335694719307105,-0.05536910365136272
Cell 3,750.0,2.5,3.755284844311336,0.6091843971631208,4.7,0.022,-455.363950873525,3455.485151906778,0.049023334020609856,-0.006334052439077222,-0.055357386459687075
Cell 3,760.0,2.5,3.7538866280471717,0.6077068557919624,4.7,0.022,-455.364045475264,3465.1847421395105,0.04901136347741614,-0.006334552939687831,-0.05534591641710397
Cell 3,770.0,2.5,3.7524940970371876,0.606229314420804,4.7,0.022,-455.3641254156246,3474.611878905718,0.04899962202712913,-0.006335070942146849,-0.055334692969275984
Cell 3,780.0,2.5,3.751106812551509,0.6047517730496456,4.7,0.022,-455.3641868355917,3483.7616508950377,0.048988109160245284,-0.006335606328065328,-0.05532371548831061
Cell 3,790.0,2.5,3.749724275607897,0.6032742316784871,4.7,0.022,-455.36423288763035,3492.6380702056413,0.04897682437691096,-0.006336159017370071,-0.055312983394281034
Cell 3,800.0,2.5,3.7483459330957034,0.6017966903073289,4.7,0.022,-455.36426675244,3501.253750780601,0.04896576718784709,-0.006336728971365605,-0.0553024961592127
Cell 3,810.0,2.5,3.746971244678849,0.6003191489361704,4.7,0.022,-455.3642916160352,3509.622914741547,0.04895493711431053,-0.006337316166543312,-0.05529225328085384
Cell 3,820.0,2.5,3.7455998353819653,0.598841607565012,4.7,0.022,-455.36431061884286,3517.745904265066,0.04894433368807911,-0.006337920522091514,-0.05528225421017062
Cell 3,830.0,2.5,3.7442312981061985,0.5973640661938536,4.7,0.022,-455.3643269222739,3525.629456097933,0.0489339564513292,-0.0063385419892895535,-0.05527249844061875
Cell 3,840.0,2.5,3.7428652477735644,0.5958865248226952,4.7,0.022,-455.3643401266236,3533.281455093318,0.048923804957073824,-0.006339180527747185,-0.05526298548482101
Cell 3,850.0,2.5,3.7415013228785736,0.5944089834515369,4.7,0.022,-455.36434721414844,3540.7106301667372,0.04891387876892921,-0.006339836104868964,-0.055253714873798175
Cell 3,860.0,2.5,3.740139209157904,0.5929314420803784,4.7,0.022,-455.36435355453796,3547.923006120869,0.048904177459615186,-0.006340508683409339,-0.055244686143024524
Cell 3,870.0,2.5,3.7387786129410827,0.5914539007092201,4.7,0.022,-455.3643609350838,3554.9257627127918,0.04889470061251967,-0.006341198234494157,-0.05523589884701383
Cell 3,880.0,2.5,3.73741928457212,0.5899763593380617,4.7,0.022,-455.3643687858166,3561.7247798405588,0.04888544782142383,-0.00634190472476784,-0.05522735254619167
Cell 3,890.0,2.5,3.7360610267574375,0.5884988179669033,4.7,0.022,-455.3643729196556,3568.3239429457317,0.048876418690557755,-0.0063426281103271245,-0.05521904680088488
Cell 3,900.0,2.5,3.7347036125903537,0.5870212765957449,4.7,0.022,-455.36437724583084,3574.7316018381352,0.04886761283323731,-0.00634336838192028,-0.05521098121515759
Cell 3,910.0,2.5,3.7333468631038573,0.5855437352245865,4.7,0.022,-455.36438240292046,3580.9543028201224,0.04885902987312257,-0.006344125522174657,-0.05520315539529723
Cell 3,920.0,2.5,3.7319906497840005,0.5840661938534282,4.7,0.022,-455.36438781024845,3586.996316186589,0.04885066944389324,-0.006344899502256656,-0.055195568946149895
Cell 3,930.0,2.5,3.73063493008957,0.5825886524822698,4.7,0.022,-455.36438998222366,3592.8564892206705,0.04884253118932684,-0.006345690258180372,-0.055188221447507214
Cell 3,940.0,2.5,3.729279547687002,0.5811111111111114,4.7,0.022,-455.3643918581038,3598.54566324961,0.048834614762480286,-0.0063464978106120866,-0.05518111257309237
Cell 3,950.0,2.5,3.7279244235950126,0.579633569739953,4.7,0.022,-455.3643937514498,3604.0697779664224,0.04882691982641806,-0.00634732215124314,-0.0551742419776612
Cell 3,960.0,2.5,3.726569499558572,0.5781560283687945,4.7,0.022,-455.36439597586286,3609.434773064182,0.048819446053943935,-0.006348163275405796,-0.055167609329349734
Cell 3,970.0,2.5,3.7252147370588187,0.5766784869976362,4.7,0.022,-455.3643988449112,3614.6465882359407,0.048812193127560494,-0.006349021182069504,-0.055161214309629995
Cell 3,980.0,2.5,3.723860133176017,0.5752009456264778,4.7,0.022,-455.36440233182657,3619.709658761458,0.04880516073944937,-0.006349895862602786,-0.05515505660205215
Cell 3,990.0,2.5,3.7225058357186023,0.5737234042553194,4.7,0.022,-455.36440373446385,3624.616595171472,0.04879834859156022,-0.006350787221027036,-0.055149135812587256
Cell 3,1000.0,2.5,3.7211517741338347,0.572245862884161,4.7,0.022,-455.36440510467946,3629.381020086985,0.04879175639514907,-0.006351695320223355,-0.055143451715372424
Cell 3,1010.0,2.5,3.719797990542567,0.5707683215130026,4.7,0.022,-455.36440653302634,3634.0078873874736,0.04878538387113585,-0.006352620162668072,-0.05513800403380392
Cell 3,1020.0,2.5,3.718444541912379,0.5692907801418443,4.7,0.022,-455.36440811006105,3638.5021509525905,0.048779230749953544,-0.006353561753873669,-0.055132792503827216
Cell 3,1030.0,2.5,3.7170914990881623,0.5678132387706859,4.7,0.022,-455.36440992628195,3642.8687646618564,0.048773296771515214,-0.006354520102388288,-0.0551278168739035
Cell 3,1040.0,2.5,3.715738945836777,0.5663356973995275,4.7,0.022,-455.3644120722711,3647.1126823948034,0.048767581685181825,-0.006355495219795799,-0.05512307690497763
Cell 3,1050.0,2.5,3.7143871312784675,0.5648581560283691,4.7,0.022,-455.36441337381257,3651.2249068807614,0.04876208524978788,-0.006356487005688447,-0.055118572255476325
Cell 3,1060.0,2.5,3.713036082061406,0.5633806146572107,4.7,0.022,-455.3644145860526,3655.217723152906,0.04875680723346424,-0.006357495533154481,-0.055114302766618724
Cell 3,1070.0,2.5,3.7116859230666295,0.5619030732860524,4.7,0.022,-455.3644157352792,3659.095376091682,0.04875174741373565,-0.00635852081394865,-0.0551102682276843
Cell 3,1080.0,2.5,3.71033679050636,0.560425531914894,4.7,0.022,-455.3644168301871,3662.8619167891775,0.04874690557745929,-0.006359562860768352,-0.05510646843822764
Cell 3,1090.0,2.5,3.7089888289055093,0.5589479905437356,4.7,0.022,-455.36441787948206,3666.5213963375027,0.04874228152079786,-0.006360621688824756,-0.05510290320962262
Cell 3,1100.0,2.5,3.7076421902304086,0.5574704491725772,4.7,0.022,-455.36441889187336,3670.077865828829,0.04873787504919474,-0.0063616973158447205,-0.055099572365039456
Cell 3,1110.0,2.5,3.706297132318464,0.5559929078014187,4.7,0.022,-455.3644197453468,3673.5260332908,0.04873368597735698,-0.006362789680038781,-0.05509647565739576
Cell 3,1120.0,2.5,3.7049537879052155,0.5545153664302604,4.7,0.022,-455.36442049018297,3676.8729192461105,0.04872971412921623,-0.006363898826724706,-0.05509361295594094
Cell 3,1130.0,2.5,3.7036123196653485,0.553037825059102,4.7,0.022,-455.36442114357124,3680.1231837397645,0.04872595933791899,-0.006365024784018328,-0.05509098412193732
Cell 3,1140.0,2.5,3.702272908499549,0.5515602836879436,4.7,0.022,-455.36442170412556,3683.2801557281127,0.048722421445805374,-0.006366167570651967,-0.05508858901645734
Cell 3,1150.0,2.5,3.7009357386135564,0.5500827423167852,4.7,0.022,-455.3644221704526,3686.3471641673277,0.04871910030438889,-0.006367327207477578,-0.055086427511866466
Cell 3,1160.0,2.5,3.699600996764032,0.5486052009456268,4.7,0.022,-455.3644225411408,3689.3275380137165,0.048715995774338404,-0.006368503717469833,-0.055084499491808235
Cell 3,1170.0,2.5,3.698268888138546,0.5471276595744685,4.7,0.022,-455.3644228334597,3692.222997747591,0.04871310772546112,-0.006369697110627357,-0.055082804836088475
Cell 3,1180.0,2.5,3.696939623938352,0.5456501182033101,4.7,0.022,-455.3644230702812,3695.034780178339,0.04871043603668693,-0.0063709073935840225,-0.05508134343027095
Cell 3,1190.0,2.5,3.6956136674517004,0.5441725768321517,4.7,0.022,-455.36442325302414,3697.7381167969033,0.048707980596053885,-0.006372134337574341,-0.05508011493362822
Cell 3,1200.0,2.5,3.6942908089637356,0.5426950354609933,4.7,0.022,-455.3644234102394,3700.377425843122,0.04870574130069375,-0.006373378341132301,-0.05507911964182605
Cell 3,1200.0000000000002,0.0,3.7493699286055615,0.5426950354609933,4.7,0.022,-455.3644234102394,3700.377425843122,0.0,0.0,0.0
Cell 3,1210.0,0.0,3.758120135644881,0.5426950354609933,4.7,0.022,-311.2393907310834,3331.515161919713,0.0,0.0,0.0
Cell 3,1220.0,0.0,3.7632385593991207,0.5426950354609933,4.7,0.022,-248.88018906123762,3104.2602493869526,0.0,0.0,0.0
Cell 3,1230.0,0.0,3.7668663599290872,0.5426950354609933,4.7,0.022,-203.75198556942996,2934.9438584650306,0.0,0.0,0.0
Cell 3,1240.0,0.0,3.769711834024618,0.5426950354609933,4.7,0.022,-167.90881666274072,2796.0831005395485,0.0,0.0,0.0
Cell 3,1250.0,0.0,3.7720676593074742,0.5426950354609933,4.7,0.022,-138.65685557929828,2676.3661989858447,0.0,0.0,0.0
Cell 3,1260.0,0.0,3.7740865853242656,0.5426950354609933,4.7,0.022,-114.52022931895772,2569.9049615726326,0.0,0.0,0.0
Cell 3,1270.0,0.0,3.775857296532467,0.5426950354609933,4.7,0.022,-94.54640217332417,2473.2868693314012,0.0,0.0,0.0
Cell 3,1280.0,0.0,3.777433552870142,0.5426950354609933,4.7,0.022,-78.0319811172194,2384.4486090074097,0.0,0.0,0.0
Cell 3,1290.0,0.0,3.7788541714182102,0.5426950354609933,4.7,0.022,-64.38209512228423,2301.9014604679214,0.0,0.0,0.0
Cell 3,1300.0,0.0,3.780147187563246,0.5426950354609933,4.7,0.022,-53.10299349788693,2224.5714827196825,0.0,0.0,0.0
Cell 3,1310.0,0.0,3.781332923508235,0.5426950354609933,4.7,0.022,-43.788413081041654,2151.68200538732,0.0,0.0,0.0
Cell 3,1320.0,0.0,3.7824265428950854,0.5426950354609933,4.7,0.022,-36.101648743104306,2082.655379023905,0.0,0.0,0.0
Cell 3,1330.0,0.0,3.783440231269669,0.5426950354609933,4.7,0.022,-29.760686950332456,2017.028305633452,0.0,0.0,0.0
Cell 3,1340.0,0.0,3.7843842761776765,0.5426950354609933,4.7,0.022,-24.52789282098456,1954.4098957285241,0.0,0.0,0.0
Cell 3,1350.0,0.0,3.7852665709498865,0.5426950354609933,4.7,0.022,-20.211304513330106,1894.502278504482,0.0,0.0,0.0
Cell 3,1360.0,0.0,3.7860936444118107,0.5426950354609933,4.7,0.022,-16.652930045736866,1837.0602893930918,0.0,0.0,0.0
Cell 3,1370.0,0.0,3.786871328096174,0.5426950354609933,4.7,0.022,-13.718688254248264,1781.8651322687583,0.0,0.0,0.0
Cell 3,1380.0,0.0,3.787603832308503,0.5426950354609933,4.7,0.022,-11.30545462156806,1728.7618940162647,0.0,0.0,0.0
Cell 3,1390.0,0.0,3.7882956246894244,0.5426950354609933,4.7,0.022,-9.319552668577671,1677.584177409124,0.0,0.0,0.0
Cell 3,1400.0,0.0,3.7889503904222894,0.5426950354609933,4.7,0.022,-7.685007716256223,1628.196046758887,0.0,0.0,0.0
Cell 3,1410.0,0.0,3.78957142513517,0.5426950354609933,4.7,0.022,-6.337686188624502,1580.4762272680964,0.0,0.0,0.0
Cell 3,1420.0,0.0,3.790161436179255,0.5426950354609933,4.7,0.022,-5.2267495661035355,1534.3262590945815,0.0,0.0,0.0
Cell 3,1430.0,0.0,3.790722819227546,0.5426950354609933,4.7,0.022,-4.309134232669749,1489.6593606164606,0.0,0.0,0.0
Cell 3,1440.0,0.0,3.791257586622172,0.5426950354609933,4.7,0.022,-3.551768263037957,1446.40338364942,0.0,0.0,0.0
Cell 3,1450.0,0.0,3.791767547305683,0.5426950354609933,4.7,0.022,-2.9270629610400647,1404.4935489418785,0.0,0.0,0.0
Cell 3,1460.0,0.0,3.792254429125727,0.5426950354609933,4.7,0.022,-2.411946742387954,1363.8674535340106,0.0,0.0,0.0
Cell 3,1470.0,0.0,3.7927196000685455,0.5426950354609933,4.7,0.022,-1.98810951185078,1324.4762964050824,0.0,0.0,0.0
Cell 3,1480.0,0.0,3.793164590047737,0.5426950354609933,4.7,0.022,-1.6401985647135007,1286.2640478034555,0.0,0.0,0.0
Cell 3,1490.0,0.0,3.793590579913318,0.5426950354609933,4.7,0.022,-1.3539743585206452,1249.1875532657868,0.0,0.0,0.0
Cell 3,1500.0,0.0,3.7939987239973885,0.5426950354609933,4.7,0.022,-1.1187158630491467,1213.204072620756,0.0,0.0,0.0
Cell 3,1510.0,0.0,3.794390104127352,0.5426950354609933,4.7,0.022,-0.9261552825992112,1178.2730242029575,0.0,0.0,0.0
Cell 3,1520.0,0.0,3.7947657188679877,0.5426950354609933,4.7,0.022,-0.7657072005349619,1144.355936664062,0.0,0.0,0.0
Cell 3,1530.0,0.0,3.795126402547504,0.5426950354609933,4.7,0.022,-0.6344793650823704,1111.4208776284104,0.0,0.0,0.0
Cell 3,1540.0,0.0,3.795473005832201,0.5426950354609933,4.7,0.022,-0.5252476463756466,1079.4338871228247,0.0,0.0,0.0
Cell 3,1550.0,0.0,3.795806273172261,0.5426950354609933,4.7,0.022,-0.4339720225252677,1048.3648550666876,0.0,0.0,0.0
Cell 3,1560.0,0.0,3.796126868209057,0.5426950354609933,4.7,0.022,-0.3584189585999411,1018.1864074462028,0.0,0.0,0.0
Cell 3,1570.0,0.0,3.7964354238311433,0.5426950354609933,4.7,0.022,-0.29560054487592424,988.8715426277995,0.0,0.0,0.0
Cell 3,1580.0,0.0,3.7967325320780225,0.5426950354609933,4.7,0.022,-0.24357386457995744,960.3945503061113,0.0,0.0,0.0
Cell 3,1590.0,0.0,3.7970187324395845,0.5426950354609933,4.7,0.022,-0.20068438819725998,932.7311620395849,0.0,0.0,0.0
Cell 3,1600.0,0.0,3.7972945270626703,0.5426950354609933,4.7,0.022,-0.16584771282578004,905.8582128023081,0.0,0.0,0.0
Cell 3,1610.0,0.0,3.797560385373286,0.5426950354609933,4.7,0.022,-0.13829755590995774,879.7534333696094,0.0,0.0,0.0
Cell 3,1620.0,0.0,3.7978167683019475,0.5426950354609933,4.7,0.022,-0.11656563174619805,854.39432758576,0.0,0.0,0.0
Cell 3,1630.0,0.0,3.7980641212198796,0.5426950354609933,4.7,0.022,-0.0989767038008722,829.7586136125974,0.0,0.0,0.0
Cell 3,1640.0,0.0,3.7983028851273146,0.5426950354609933,4.7,0.022,-0.08325642232375685,805.8237493854285,0.0,0.0,0.0
Cell 3,1650.0,0.0,3.798533262739702,0.5426950354609933,4.7,0.022,-0.07468442014578613,782.5774616228664,0.0,0.0,0.0
Cell 3,1660.0,0.0,3.7987556961027518,0.5426950354609933,4.7,0.022,-0.06960683891156805,759.9964088290726,0.0,0.0,0.0
Cell 3,1670.0,0.0,3.7989705660719597,0.5426950354609933,4.7,0.022,-0.06587831188153359,738.0596703685478,0.0,0.0,0.0
Cell 3,1680.0,0.0,3.799178248767358,0.5426950354609933,4.7,0.022,-0.06095405214000493,716.74626424491,0.0,0.0,0.0
Cell 3,1690.0,0.0,3.7993790224201938,0.5426950354609933,4.7,0.022,-0.05510874212268391,696.0393231422859,0.0,0.0,0.0
Cell 3,1700.0,0.0,3.7995729690045525,0.5426950354609933,4.7,0.022,-0.05485444589066901,675.9305265621078,0.0,0.0,0.0
Cell 3,1710.0,0.0,3.7997605137024095,0.5426950354609933,4.7,0.022,-0.05453965961714857,656.3961531753885,0.0,0.0,0.0
Cell 3,1720.0,0.0,3.799941944485099,0.5426950354609933,4.7,0.022,-0.05280206066890969,637.4184673660129,0.0,0.0,0.0
Cell 3,1730.0,0.0,3.800117551105312,0.5426950354609933,4.7,0.022,-0.04786140464784694,618.9795831635347,0.0,0.0,0.0
Cell 3,1740.0,0.0,3.8002874309940458,0.5426950354609933,4.7,0.022,-0.04373422181379283,601.069686796367,0.0,0.0,0.0
Cell 3,1750.0,0.0,3.8004517973289453,0.5426950354609933,4.7,0.022,-0.040465950609359425,583.6740827070607,0.0,0.0,0.0
Cell 3,1760.0,0.0,3.8006109031815134,0.5426950354609933,4.7,0.022,-0.036569316376699135,566.7764125692629,0.0,0.0,0.0
Cell 3,1770.0,0.0,3.800764948011885,0.5426950354609933,4.7,0.022,-0.03203598899926874,550.3626338861286,0.0,0.0,0.0
Cell 3,1780.0,0.0,3.800914121668785,0.5426950354609933,4.7,0.022,-0.02693808792901109,534.4191651439105,0.0,0.0,0.0
Cell 3,1790.0,0.0,3.8010585745011163,0.5426950354609933,4.7,0.022,-0.021955223575787386,518.9337238433363,0.0,0.0,0.0
Cell 3,1800.0,0.0,3.8011984524537707,0.5426950354609933,4.7,0.022,-0.017790791902370984,503.8943755129512,0.0,0.0,0.0
Cell 3,1800.0000000000002,1.25,3.7710923293563203,0.5426950354609933,4.7,0.022,-0.017790791902370984,503.8943755129512,0.026931555541784637,-0.0031745675556657344,-0.030106123097450373
Cell 3,1810.0,1.25,3.766544185682091,0.5419562647754141,4.7,0.022,-72.0672574271739,674.9965547341999,0.02692706956530548,-0.0031756753689034193,-0.0301027449342089
Cell 3,1820.0,1.25,3.7636530678295994,0.5412174940898349,4.7,0.022,-103.19527161654696,775.6072199444679,0.026925036699309107,-0.0031764298632096337,-0.03010146656251874
Cell 3,1830.0,1.25,3.7614324136868538,0.5404787234042557,4.7,0.022,-125.8363279177538,847.8267351246104,0.02692349219086177,-0.0031770348451976875,-0.03010052703605946
Cell 3,1840.0,1.25,3.7595641620328584,0.5397399527186766,4.7,0.022,-143.7878512358402,905.1685019517172,0.026922203365718305,-0.003177560725213358,-0.030099764090931663
Cell 3,1850.0,1.25,3.7579196181938728,0.5390011820330973,4.7,0.022,-158.37483185434394,953.0934198951727,0.026921084768102718,-0.0031780363177179925,-0.03009912108582071
Cell 3,1860.0,1.25,3.756423172426215,0.5382624113475182,4.7,0.022,-170.43392362556187,994.7839380645237,0.02692008703479956,-0.003178479347419852,-0.030098566382219413
Cell 3,1870.0,1.25,3.755034675507955,0.5375236406619389,4.7,0.022,-180.42466374600917,1031.9335799996043,0.026919185188765796,-0.0031788991411195035,-0.0300980843298853
Cell 3,1880.0,1.25,3.753731246991925,0.5367848699763598,4.7,0.022,-188.67968584077607,1065.5121044484622,0.02691836385043123,-0.0031793008412212384,-0.030097664691652468
Cell 3,1890.0,1.25,3.7524959762163546,0.5360460992907805,4.7,0.022,-195.4981750285151,1096.232100792673,0.02691761151264851,-0.003179688345429023,-0.030097299858077534
Cell 3,1900.0,1.25,3.7513156818964943,0.5353073286052014,4.7,0.022,-201.1339990268716,1124.6451574089224,0.026916919792921785,-0.0031800647952585936,-0.03009698458818038
Cell 3,1910.0,1.25,3.7501809896250786,0.5345685579196222,4.7,0.022,-205.79034086560569,1151.1431390100406,0.026916282793618213,-0.0031804324103436145,-0.030096715203961826
Cell 3,1920.0,1.25,3.7490851065400332,0.533829787234043,4.7,0.022,-209.63463590375613,1176.0096505779802,0.0269156961926579,-0.0031807927737152295,-0.03009648896637313
Cell 3,1930.0,1.25,3.7480229756213914,0.5330910165484638,4.7,0.022,-212.80559934171833,1199.4553729704203,0.026915156700371156,-0.0031811470384572704,-0.030096303738828427
Cell 3,1940.0,1.25,3.746990299924776,0.5323522458628847,4.7,0.022,-215.42041930647974,1221.657726090496,0.0269146616847941,-0.0031814962102374414,-0.03009615789503154
Cell 3,1950.0,1.25,3.745983485115568,0.5316134751773054,4.7,0.022,-217.5760567899306,1242.763873773467,0.026914209096074986,-0.0031818411432859785,-0.030096050239360964
Cell 3,1960.0,1.25,3.744999540274862,0.5308747044917262,4.7,0.022,-219.35307666577864,1262.8951974903102,0.02691379733037194,-0.003182182554555428,-0.03009597988492737
Cell 3,1970.0,1.25,3.744035903296092,0.530135933806147,4.7,0.022,-220.82009376466885,1282.1546386630362,0.026913425116699988,-0.0031825210688706455,-0.030095946185570634
Cell 3,1980.0,1.25,3.743090532597435,0.5293971631205678,4.7,0.022,-222.03083495904502,1300.6233603907895,0.02691309148702308,-0.0031828571743307494,-0.03009594866135383
Cell 3,1990.0,1.25,3.7421616393287347,0.5286583924349886,4.7,0.022,-223.03137120243628,1318.3716630036142,0.02691279566682616,-0.003183191306495181,-0.030095986973321342
Cell 3,2000.0,1.25,3.741247783304426,0.5279196217494094,4.7,0.022,-223.85804211050709,1335.455354917809,0.026912537060272433,-0.0031835238065746983,-0.03009606086684713
Cell 3,2010.0,1.25,3.7403478027672485,0.5271808510638303,4.7,0.022,-224.53802572711356,1351.9187335869137,0.02691231520884288,-0.003183854939283226,-0.030096170148126107
Cell 3,2020.0,1.25,3.7394604486585794,0.526442080378251,4.7,0.022,-225.09984965720287,1367.8091958365549,0.026912129718021115,-0.0031841850234434585,-0.030096314741464573
Cell 3,2030.0,1.25,3.738584933997821,0.5257033096926719,4.7,0.022,-225.55919385237576,1383.1555896411228,0.026911980310162373,-0.003184514225052287,-0.03009649453521466
Cell 3,2040.0,1.25,3.737720186725899,0.5249645390070927,4.7,0.022,-225.93817865446908,1397.9980118479143,0.02691186673274694,-0.003184842833556927,-0.030096709566303864
Cell 3,2050.0,1.25,3.736865555941651,0.5242257683215135,4.7,0.022,-226.24743910193502,1412.359721007786,0.02691178881057022,-0.0031851709939869554,-0.030096959804557177
Cell 3,2060.0,1.25,3.7360202250023478,0.5234869976359342,4.7,0.022,-226.50232348266218,1426.2708268461938,0.02691174639420862,-0.003185498927628333,-0.030097245321836955
Cell 3,2070.0,1.25,3.7351836154019136,0.522748226950355,4.7,0.022,-226.7108498521302,1439.7518854034788,0.026911739375349436,-0.0031858267756606183,-0.030097566151010054
Cell 3,2080.0,1.25,3.734355129902868,0.5220094562647759,4.7,0.022,-226.88291435813517,1452.8246669772343,0.026911767669552934,-0.003186154696645706,-0.03009792236619864
Cell 3,2090.0,1.25,3.73353429438887,0.5212706855791966,4.7,0.022,-227.0240835212826,1465.5060491267723,0.026911831212824838,-0.0031864828096755692,-0.03009831402250041
Cell 3,2100.0,1.25,3.732720640130864,0.5205319148936175,4.7,0.022,-227.14090636490073,1477.8131473955655,0.026911929958494674,-0.0031868112396729064,-0.03009874119816758
Cell 3,2110.0,1.25,3.731913802354406,0.5197931442080383,4.7,0.022,-227.2367751341335,1489.7591124039172,0.026912063868677814,-0.0031871400767513785,-0.03009920394542919
Cell 3,2120.0,1.25,3.7311133228708444,0.5190543735224591,4.7,0.022,-227.3180892672608,1501.3610787058205,0.026912232926049655,-0.0031874694559090567,-0.03009970238195871
Cell 3,2130.0,1.25,3.730318941707776,0.5183156028368799,4.7,0.022,-227.38599941398206,1512.6286614693963,0.02691243710792989,-0.003187799436769004,-0.030100236544698896
Cell 3,2140.0,1.25,3.7295304321042417,0.5175768321513008,4.7,0.022,-227.44101473223418,1523.5704655319932,0.02691267639162422,-0.0031881300693344565,-0.030100806460958675
Cell 3,2150.0,1.25,3.728747427544637,0.5168380614657215,4.7,0.022,-227.48770821855942,1534.2007629397267,0.026912950779984256,-0.0031884614670592832,-0.03010141224704354
Cell 3,2160.0,1.25,3.7279696621904406,0.5160992907801423,4.7,0.022,-227.52816398510913,1544.5302007687278,0.026913260272769662,-0.003188793706105217,-0.03010205397887488
Cell 3,2170.0,1.25,3.72719703053355,0.5153605200945631,4.7,0.022,-227.56035215742122,1554.5634966264115,0.026913604846135055,-0.0031891267974144648,-0.03010273164354952
Cell 3,2180.0,1.25,3.7264293435103077,0.514621749408984,4.7,0.022,-227.58481523396586,1564.3088113550912,0.026913984491364028,-0.0031894607904188873,-0.030103445281782916
Cell 3,2190.0,1.25,3.7256662419613216,0.5138829787234047,4.7,0.022,-227.60709471854534,1573.7809735473784,0.026914399244289337,-0.0031897958129779368,-0.030104195057267275
Cell 3,2200.0,1.25,3.724907675191244,0.5131442080378256,4.7,0.022,-227.62448453204888,1582.9834104076144,0.026914849080759005,-0.003190131861138649,-0.030104980941897654
Cell 3,2210.0,1.25,3.7241535198649833,0.5124054373522464,4.7,0.022,-227.63658158544058,1591.9225393644374,0.02691533399256437,-0.003190468964609887,-0.030105802957174257
Cell 3,2220.0,1.25,3.7234035159381533,0.5116666666666672,4.7,0.022,-227.64684306604067,1600.6096767155323,0.026915854010185754,-0.0031908072173506444,-0.0301066612275364
Cell 3,2230.0,1.25,3.722657562308558,0.510927895981088,4.7,0.022,-227.65480769218266,1609.0508183929342,0.02691640913133776,-0.0031911466447292727,-0.03010755577606703
Cell 3,2240.0,1.25,3.721915547337625,0.5101891252955087,4.7,0.022,-227.66055567369222,1617.252499183298,0.026916999359253894,-0.0031914872787255667,-0.03010848663797946
Cell 3,2250.0,1.25,3.7211773387356253,0.5094503546099296,4.7,0.022,-227.66470368284718,1625.221816966543,0.026917624703920166,-0.0031918291628769257,-0.030109453866797094
Cell 3,2260.0,1.25,3.7204428058403094,0.5087115839243503,4.7,0.022,-227.66795685638135,1632.965828907647,0.026918285178249908,-0.003192172342204335,-0.030110457520454242
Cell 3,2270.0,1.25,3.719711861208458,0.5079728132387712,4.7,0.022,-227.6704568200039,1640.4906449622722,0.026918980790446644,-0.0031925168433975565,-0.0301114976338442
Cell 3,2280.0,1.25,3.718984410037922,0.507234042553192,4.7,0.022,-227.6724719840804,1647.8024398237249,0.02691971155101819,-0.0031928626981942154,-0.030112574249212404
Cell 3,2290.0,1.25,3.7182603315062397,0.5064952718676128,4.7,0.022,-227.6740244563698,1654.9072728840038,0.02692047746799169,-0.0031932099525965887,-0.030113687420588276
Cell 3,2300.0,1.25,3.7175395655939685,0.5057565011820336,4.7,0.022,-227.67533956766965,1661.8107939280453,0.026921278552842008,-0.0031935586249532497,-0.030114837177795256
Cell 3,2310.0,1.25,3.716822045623743,0.5050177304964544,4.7,0.022,-227.6764967852032,1668.5184716817603,0.026922114815674286,-0.003193908737960805,-0.03011602355363509
Cell 3,2320.0,1.25,3.716107715470086,0.5042789598108752,4.7,0.022,-227.67751881247023,1675.035535478004,0.026922986266188845,-0.0031942603102376264,-0.03011724657642647
Cell 3,2330.0,1.25,3.715396529536788,0.503540189125296,4.7,0.022,-227.6783715892998,1681.366975256613,0.026923892913482718,-0.003194613356106442,-0.03011850626958916
Cell 3,2340.0,1.25,3.7146883242714055,0.5028014184397167,4.7,0.022,-227.67951674212236,1687.5192713543947,0.026924834777794296,-0.0031949679503947646,-0.03011980272818906
Cell 3,2350.0,1.25,3.7139831122329063,0.5020626477541376,4.7,0.022,-227.68064879693702,1693.4964405632927,0.026925811864195064,-0.0031953240808938587,-0.030121135945088924
Cell 3,2360.0,1.25,3.713280855780821,0.5013238770685583,4.7,0.022,-227.68166615720293,1699.303076381897,0.026926824182104913,-0.0031956817610319845,-0.030122505943136896
Cell 3,2370.0,1.25,3.7125815237824997,0.5005851063829792,4.7,0.022,-227.68242778279455,1704.9435871471505,0.026927871740287837,-0.003196041001519281,-0.03012391274180712
Cell 3,2380.0,1.25,3.71188509303731,0.4998463356973999,4.7,0.022,-227.68274691957777,1710.422176400898,0.02692895454656617,-0.003196401809451186,-0.030125356356017353
Cell 3,2390.0,1.25,3.711191516015773,0.49910756501182063,4.7,0.022,-227.6826653509106,1715.7434027188356,0.026930072613964545,-0.0031967642051666714,-0.03012683681913122
Cell 3,2400.0,1.25,3.710501220928965,0.4983687943262414,4.7,0.022,-227.68259079252857,1720.865731685888,0.02693122596466921,-0.003197127956067178,-0.030128353920736387
Cell 3,2410.0,1.25,3.7098133435868066,0.4976300236406622,4.7,0.022,-227.68252651956027,1725.8675233443719,0.026932414612184676,-0.0031974935169155933,-0.03012990812910027
Cell 3,2420.0,1.25,3.709128055354908,0.49689125295508296,4.7,0.022,-227.68247197701203,1730.73440715365,0.026933638570553694,-0.003197860796469516,-0.03013149936702321
Cell 3,2430.0,1.25,3.7084453222445384,0.4961524822695038,4.7,0.022,-227.6824261300044,1735.4711554308087,0.026934897854255027,-0.003198229812685954,-0.03013312766694098
Cell 3,2440.0,1.25,3.707765194511829,0.49541371158392455,4.7,0.022,-227.68238809411196,1740.0744503687747,0.026936192478177894,-0.003198600537623799,-0.030134793015801693
Cell 3,2450.0,1.25,3.707087577128687,0.49467494089834535,4.7,0.022,-227.68235439326963,1744.5524487728544,0.026937522457531615,-0.003198973023242142,-0.030136495480773757
Cell 3,2460.0,1.25,3.7064125464278956,0.49393617021276615,4.7,0.022,-227.68232695414918,1748.9016636200686,0.02693888780818635,-0.003199347227021416,-0.030138235035207767
Cell 3,2470.0,1.25,3.705740109228305,0.4931973995271869,4.7,0.022,-227.68230552182104,1753.1232016103677,0.026940288546340098,-0.0031997231442854514,-0.03014001169062555
Cell 3,2480.0,1.25,3.705069911929943,0.4924586288416077,4.7,0.022,-227.68228335449385,1757.2463307953585,0.02694172468835602,-0.0032001009760656675,-0.03014182566442169
Cell 3,2490.0,1.25,3.704402233681929,0.4917198581560285,4.7,0.022,-227.68226510697968,1761.2508434235424,0.026943196251460487,-0.0032004805656170314,-0.030143676817077518
Cell 3,2500.0,1.25,3.703737093648656,0.4909810874704493,4.7,0.022,-227.68225077923853,1765.1367394949848,0.026944703253129088,-0.0032008619017362544,-0.030145565154865342
Cell 3,2510.0,1.25,3.703074510127587,0.49024231678487007,4.7,0.022,-227.68224037128857,1768.9040190096348,0.026946245711263393,-0.0032012449732351815,-0.030147490684498575
Cell 3,2520.0,1.25,3.7024145005512206,0.4895035460992908,4.7,0.022,-227.682233883128,1772.5526819674924,0.02694782364419159,-0.003201629768940646,-0.030149453413132236
Cell 3,2530.0,1.25,3.701756619350699,0.4887647754137116,4.7,0.022,-227.68222562397386,1776.1213045788245,0.02694943707044886,-0.0032020165533123307,-0.030151453623761194
Cell 3,2540.0,1.25,3.7011011558847775,0.4880260047281324,4.7,0.022,-227.68221893174996,1779.5872599111826,0.026951086009335923,-0.0032024051577165227,-0.030153491167052446
Cell 3,2550.0,1.25,3.7004481535561595,0.48728723404255314,4.7,0.022,-227.68221414241088,1782.9482707302377,0.026952770480472038,-0.0032027955566897833,-0.03015556603716182
Cell 3,2560.0,1.25,3.6997976276042253,0.486548463356974,4.7,0.022,-227.68221125596392,1786.2043370359388,0.0269544905038928,-0.0032031877409486693,-0.03015767824484147
Cell 3,2570.0,1.25,3.699149592451511,0.48580969267139473,4.7,0.022,-227.68221027237632,1789.355458828286,0.026956246100063617,-0.0032035817012214533,-0.03015982780128507
Cell 3,2580.0,1.25,3.698503686438167,0.48507092198581553,4.7,0.022,-227.68220834294516,1792.4348645380524,0.026958037289773005,-0.0032039776618571136,-0.03016201495163012
Cell 3,2590.0,1.25,3.6978600809522124,0.4843321513002363,4.7,0.022,-227.68220665308218,1795.428727260667,0.026959864094387182,-0.0032043755200641478,-0.03016423961445133
Cell 3,2600.0,1.25,3.697218855272893,0.48359338061465706,4.7,0.022,-227.6822057031186,1798.3312107063248,0.026961726535680897,-0.003204775227557657,-0.030166501763238554
Cell 3,2610.0,1.25,3.6965800218298157,0.48285460992907786,4.7,0.022,-227.68220549306716,1801.1423148750182,0.026963624635843002,-0.003205176776844586,-0.030168801412687588
Cell 3,2620.0,1.25,3.695943592283334,0.48211583924349866,4.7,0.022,-227.68220602291876,1803.8620397667619,0.026965558417495688,-0.0032055801604414557,-0.030171138577937143
Cell 3,2630.0,1.25,3.6953093219011772,0.4813770685579194,4.7,0.022,-227.68220628960444,1806.514375810817,0.026967527903658042,-0.003205985536969201,-0.030173513440627242
Cell 3,2640.0,1.25,3.6946772465939457,0.48063829787234025,4.7,0.022,-227.68220638640742,1809.097091387739,0.026969533117822714,-0.003206392886356759,-0.03017592600417947
Cell 3,2650.0,1.25,3.694047444401809,0.479899527186761,4.7,0.022,-227.68220657668462,1811.6038878995969,0.026971574083924792,-0.0032068021596884304,-0.030178376243613223
Cell 3,2660.0,1.25,3.693419912132839,0.4791607565011818,4.7,0.022,-227.68220680816557,1814.0360157366013,0.026973650826324178,-0.0032072133602177016,-0.03018086418654188
Cell 3,2670.0,1.25,3.6927946460225645,0.4784219858156026,4.7,0.022,-227.68220702856343,1816.3947252889557,0.026975763369817884,-0.003207626491410498,-0.03018338986122838
Cell 3,2680.0,1.25,3.6921716417422603,0.4776832151300233,4.7,0.022,-227.6822071856095,1818.6812669469145,0.026977911739640915,-0.0032080415569450934,-0.030185953296586007
Cell 3,2690.0,1.25,3.6915508944073223,0.47694444444444417,4.7,0.022,-227.68220722700426,1820.8968911006814,0.026980095961467037,-0.0032084585607120297,-0.030188554522179067
Cell 3,2700.0,1.25,3.6909323985857614,0.4762056737588649,4.7,0.022,-227.68220710047171,1823.0428481404379,0.026982316061409717,-0.003208877506814062,-0.03019119356822378
Cell 3,2710.0,1.25,3.690316056432528,0.4754669030732857,4.7,0.022,-227.6822075356522,1825.1311534922352,0.026984572066057252,-0.003209298463492748,-0.03019387052955
Cell 3,2720.0,1.25,3.6897019005693568,0.4747281323877065,4.7,0.022,-227.68220815320637,1827.1585550151867,0.026986864002392145,-0.003209721409466732,-0.03019658541185888
Cell 3,2730.0,1.25,3.6890899339751932,0.47398936170212724,4.7,0.022,-227.68220881934394,1829.1251807188673,0.026989191897849426,-0.0032101463433635196,-0.030199338241212945
Cell 3,2740.0,1.25,3.6884801450394478,0.47325059101654804,4.7,0.022,-227.6822095202042,1831.0328099616454,0.026991555780312697,-0.0032105732738448686,-0.030202129054157565
Cell 3,2750.0,1.25,3.6878725217057724,0.47251182033096883,4.7,0.022,-227.68221024191553,1832.883222101831,0.026993955678109874,-0.0032110022098557965,-0.03020495788796567
Cell 3,2760.0,1.25,3.687267051481321,0.4717730496453896,4.7,0.022,-227.68221097062997,1834.6781964978218,0.026996391620014163,-0.0032114331606247085,-0.03020782478063887
Cell 3,2770.0,1.25,3.6866637214459477,0.4710342789598104,4.7,0.022,-227.68221169247954,1836.4195125078913,0.026998863635245004,-0.0032118661356635614,-0.030210729770908565
Cell 3,2780.0,1.25,3.686062518261343,0.47029550827423117,4.7,0.022,-227.68221239361264,1838.10894949035,0.027001371753469075,-0.0032123011447680407,-0.030213672898237117
Cell 3,2790.0,1.25,3.6854634506694843,0.46955673758865196,4.7,0.022,-227.6822129769589,1839.7469172437923,0.027003916004796225,-0.003212738181262499,-0.030216654186058723
Cell 3,2800.0,1.25,3.684866490727145,0.46881796690307276,4.7,0.022,-227.68221347908366,1841.3360249802063,0.027006496419793524,-0.003213177265446485,-0.03021967368524001
Cell 3,2810.0,1.25,3.6842716241955085,0.46807919621749355,4.7,0.022,-227.68221388468737,1842.8780285080502,0.02700911302947526,-0.003213618407569806,-0.030222731437045066
Cell 3,2820.0,1.25,3.6836788369956968,0.4673404255319143,4.7,0.022,-227.68221417644054,1844.3746499692716,0.02701176586530693,-0.003214061617742092,-0.03022582748304902
Cell 3,2830.0,1.25,3.683088114662964,0.4666016548463351,4.7,0.022,-227.68221433700273,1845.8276115058543,0.027014454959206423,-0.003214506906342723,-0.030228961865549145
Cell 3,2840.0,1.25,3.6824994423553297,0.4658628841607559,4.7,0.022,-227.68221434903535,1847.238635259775,0.027017180343545114,-0.0032149542840211463,-0.03023213462756626
Cell 3,2850.0,1.25,3.681912804862191,0.4651241134751767,4.7,0.022,-227.68221419520705,1848.609443372974,0.027019942051148955,-0.003215403761697204,-0.03023534581284616
Cell 3,2860.0,1.25,3.681328198702684,0.4643853427895974,4.7,0.022,-227.6822139201904,1849.9405857350284,0.02702274011530284,-0.003215855341000723,-0.030238595456303564
Cell 3,2870.0,1.25,3.6807457267275985,0.4636465721040182,4.7,0.022,-227.6822141185403,1851.2222185976352,0.02702557456977804,-0.003216308938420214,-0.030241883508198255
Cell 3,2880.0,1.25,3.680165279717472,0.462907801418439,4.7,0.022,-227.68221429962978,1852.465010125714,0.0270284454487468,-0.003216764637784593,-0.03024521008653139
Cell 3,2890.0,1.25,3.679586842905917,0.4621690307328598,4.7,0.022,-227.68221445765448,1853.6704646861035,0.02703135278686578,-0.003217222448808202,-0.03024857523567398
Cell 3,2900.0,1.25,3.679010401168876,0.46143026004728055,4.7,0.022,-227.68221458679182,1854.8400866458105,0.027034296619251958,-0.0032176823814398146,-0.03025197900069177
Cell 3,2910.0,1.25,3.6784359390327275,0.46069148936170135,4.7,0.022,-227.68221468122283,1855.9753803717176,0.02703727698148391,-0.0032181444458629954,-0.030255421427346905
Cell 3,2920.0,1.25,3.677863440682351,0.45995271867612214,4.7,0.022,-227.6822147351486,1857.077850230744,0.027040293909602952,-0.003218608652496487,-0.03025890256209944
Cell 3,2930.0,1.25,3.6772928899690536,0.45921394799054294,4.7,0.022,-227.68221474274105,1858.1490005898086,0.02704334744011442,-0.0032190750119946007,-0.03026242245210902
Cell 3,2940.0,1.25,3.6767242704183922,0.4584751773049637,4.7,0.022,-227.68221469819582,1859.1903358158816,0.027046437609988896,-0.0032195435352476453,-0.030265981145236542
Cell 3,2950.0,1.25,3.676157565237945,0.4577364066193845,4.7,0.022,-227.68221459568304,1860.2033602758456,0.027049564456663493,-0.0032200142333823644,-0.03026957869004586
Cell 3,2960.0,1.25,3.675592757324883,0.45699763593380527,4.7,0.022,-227.6822144293983,1861.1895783366344,0.027052728018043117,-0.0032204871177623955,-0.030273215135805512
Cell 3,2970.0,1.25,3.6750298292735133,0.45625886524822606,4.7,0.022,-227.6822141935263,1862.1504943651598,0.0270559283325018,-0.0032209621999887516,-0.030276890532490552
Cell 3,2980.0,1.25,3.6744687633826216,0.45552009456264686,4.7,0.022,-227.68221388225174,1863.08761272837,0.027059165438883977,-0.003221439491900322,-0.0302806049307843
Cell 3,2990.0,1.25,3.6739096406129272,0.4547813238770676,4.7,0.022,-227.68221358084702,1863.9908053179388,0.027062439376510736,-0.0032219189182332896,-0.030284358294744025
Cell 3,3000.0,1.25,3.673352356858979,0.4540425531914884,4.7,0.022,-227.68221332296343,1864.8726181058446,0.02706575018517394,-0.0032224005654981325,-0.030288150750672073
Cell 3,3000.0000000000005,0.0,3.7036405076096517,0.4540425531914884,4.7,0.022,-227.68221332296343,1864.8726181058446,0.0,0.0,0.0
Cell 3,3010.0,0.0,3.7073233175268694,0.4540425531914884,4.7,0.022,-155.62604512658436,1680.0237015083258,0.0,0.0,0.0
Cell 3,3020.0,0.0,3.7095026159540705,0.4540425531914884,4.7,0.022,-124.49672912780625,1566.0617591383198,0.0,0.0,0.0
Cell 3,3030.0,0.0,3.7110697789348093,0.4540425531914884,4.7,0.022,-101.85340059354712,1480.8758806609694,0.0,0.0,0.0
Cell 3,3040.0,0.0,3.7123113916550015,0.4540425531914884,4.7,0.022,-83.90983658747427,1410.9687204863149,0.0,0.0,0.0
Cell 3,3050.0,0.0,3.7133453253927637,0.4540425531914884,4.7,0.022,-69.31818254756763,1350.8110100090998,0.0,0.0,0.0
Cell 3,3060.0,0.0,3.714239903490539,0.4540425531914884,4.7,0.022,-57.25193809017583,1297.2298943730275,0.0,0.0,0.0
Cell 3,3070.0,0.0,3.7150311581987827,0.4540425531914884,4.7,0.022,-47.261079309580964,1248.5482695634055,0.0,0.0,0.0
Cell 3,3080.0,0.0,3.7157401612102197,0.4540425531914884,4.7,0.022,-39.00818309828901,1203.7821398749074,0.0,0.0,0.0
Cell 3,3090.0,0.0,3.716383004823579,0.4540425531914884,4.7,0.022,-32.188335407859995,1162.186440999918,0.0,0.0,0.0
Cell 3,3100.0,0.0,3.7169716985989196,0.4540425531914884,4.7,0.022,-26.55085543599853,1123.207736888522,0.0,0.0,0.0
Cell 3,3110.0,0.0,3.7175147882053023,0.4540425531914884,4.7,0.022,-21.8941311956587,1086.45228176222,0.0,0.0,0.0
Cell 3,3120.0,0.0,3.7180186609728345,0.4540425531914884,4.7,0.022,-18.049573235090065,1051.6262638528497,0.0,0.0,0.0
Cell 3,3130.0,0.0,3.718488125982914,0.4540425531914884,4.7,0.022,-14.878196784535248,1018.5086656728236,0.0,0.0,0.0
Cell 3,3140.0,0.0,3.718927180063627,0.4540425531914884,4.7,0.022,-12.263401633950707,986.916946710684,0.0,0.0,0.0
Cell 3,3150.0,0.0,3.7193393240323367,0.4540425531914884,4.7,0.022,-10.107794177567484,956.6926129185958,0.0,0.0,0.0
Cell 3,3160.0,0.0,3.719727459550805,0.4540425531914884,4.7,0.022,-8.330473212326979,927.7050719383406,0.0,0.0,0.0
Cell 3,3170.0,0.0,3.720094068198509,0.4540425531914884,4.7,0.022,-6.861730136692131,899.8434372507909,0.0,0.0,0.0
Cell 3,3180.0,0.0,3.7204410211817334,0.4540425531914884,4.7,0.022,-5.651709125953857,873.0244468733435,0.0,0.0,0.0
Cell 3,3190.0,0.0,3.720770262030275,0.4540425531914884,4.7,0.022,-4.64810326956831,847.1626307579791,0.0,0.0,0.0
Cell 3,3200.0,0.0,3.721082875699311,0.4540425531914884,4.7,0.022,-3.8247254913585493,822.2103663304079,0.0,0.0,0.0
Cell 3,3210.0,0.0,3.7213804976220954,0.4540425531914884,4.7,0.022,-3.1416845860712783,798.0967790576906,0.0,0.0,0.0
Cell 3,3220.0,0.0,3.7216638953739247,0.4540425531914884,4.7,0.022,-2.5837343971561495,774.788964948064,0.0,0.0,0.0
Cell 3,3230.0,0.0,3.7219343650372556,0.4540425531914884,4.7,0.022,-2.1224174443850643,752.2313410180868,0.0,0.0,0.0
Cell 3,3240.0,0.0,3.722192642933037,0.4540425531914884,4.7,0.022,-1.7457223312794667,730.3928886067952,0.0,0.0,0.0
Cell 3,3250.0,0.0,3.7224396620562086,0.4540425531914884,4.7,0.022,-1.4356694220386998,709.2339109736204,0.0,0.0,0.0
Cell 3,3260.0,0.0,3.7226761407565037,0.4540425531914884,4.7,0.022,-1.1816199869153934,688.7242228680407,0.0,0.0,0.0
Cell 3,3270.0,0.0,3.722902770603695,0.4540425531914884,4.7,0.022,-0.9725574527728895,668.8345021386995,0.0,0.0,0.0
Cell 3,3280.0,0.0,3.723120149614542,0.4540425531914884,4.7,0.022,-0.800654026113989,649.5394629066286,0.0,0.0,0.0
Cell 3,3290.0,0.0,3.7233288298202325,0.4540425531914884,4.7,0.022,-0.6589199145528255,630.815566017016,0.0,0.0,0.0
Cell 3,3300.0,0.0,3.723529292804845,0.4540425531914884,4.7,0.022,-0.5421508788294886,612.6421176295771,0.0,0.0,0.0
Cell 3,3310.0,0.0,3.7237220301506664,0.4540425531914884,4.7,0.022,-0.4447332378003921,594.9978157674777,0.0,0.0,0.0
Cell 3,3320.0,0.0,3.723907464112583,0.4540425531914884,4.7,0.022,-0.3627500423335732,577.864108742353,0.0,0.0,0.0
Cell 3,3330.0,0.0,3.724085899300234,0.4540425531914884,4.7,0.022,-0.29548305632488336,561.2272761054701,0.0,0.0,0.0
Cell 3,3340.0,0.0,3.7242576980345046,0.4540425531914884,4.7,0.022,-0.2402291493563098,545.0709169255715,0.0,0.0,0.0
Cell 3,3350.0,0.0,3.724423299411571,0.4540425531914884,4.7,0.022,-0.19175552525484818,529.3751578769225,0.0,0.0,0.0
Cell 3,3360.0,0.0,3.72458286917628,0.4540425531914884,4.7,0.022,-0.15253215836673917,514.1314939398872,0.0,0.0,0.0
Cell 3,3370.0,0.0,3.7247366349612596,0.4540425531914884,4.7,0.022,-0.12289357968256809,499.328573460145,0.0,0.0,0.0
Cell 3,3380.0,0.0,3.7248850511334584,0.4540425531914884,4.7,0.022,-0.09606388131760468,484.94543242283544,0.0,0.0,0.0
Cell 3,3390.0,0.0,3.725028240864246,0.4540425531914884,4.7,0.022,-0.07482623362921004,470.97465378439665,0.0,0.0,0.0
Cell 3,3400.0,0.0,3.725166398531505,0.4540425531914884,4.7,0.022,-0.05948773967247689,457.4056467765695,0.0,0.0,0.0
Cell 3,3410.0,0.0,3.7252998291552757,0.4540425531914884,4.7,0.022,-0.04685350451472914,444.22341809256613,0.0,0.0,0.0
Cell 3,3420.0,0.0,3.7254287196736287,0.4540425531914884,4.7,0.022,-0.036809361014093156,431.4173927387674,0.0,0.0,0.0
Cell 3,3430.0,0.0,3.7255532408914593,0.4540425531914884,4.7,0.022,-0.029381457477938966,418.97747388267453,0.0,0.0,0.0
Cell 3,3440.0,0.0,3.7256735881750407,0.4540425531914884,4.7,0.022,-0.02384438093940844,406.8927783576728,0.0,0.0,0.0
Cell 3,3450.0,0.0,3.7257899502109866,0.4540425531914884,4.7,0.022,-0.019440334230239387,395.15264462488994,0.0,0.0,0.0
Cell 3,3460.0,0.0,3.725902475024405,0.4540425531914884,4.7,0.022,-0.01599519990486442,383.7475470481295,0.0,0.0,0.0
Cell 3,3470.0,0.0,3.726011319905501,0.4540425531914884,4.7,0.022,-0.013219085212767823,372.66790408270026,0.0,0.0,0.0
Cell 3,3480.0,0.0,3.7261166578599956,0.4540425531914884,4.7,0.022,-0.010970647685098811,361.90419006344746,0.0,0.0,0.0
Cell 3,3490.0,0.0,3.7262186049494055,0.4540425531914884,4.7,0.022,-0.009056591143234982,351.44775389946153,0.0,0.0,0.0
Cell 3,3500.0,0.0,3.726317280791639,0.4540425531914884,4.7,0.022,-0.007398943562293425,341.29013604772626,0.0,0.0,0.0
Cell 3,3510.0,0.0,3.726412792601999,0.4540425531914884,4.7,0.022,-0.005991092441036017,331.4232480288847,0.0,0.0,0.0
Cell 3,3520.0,0.0,3.7265052559642258,0.4540425531914884,4.7,0.022,-0.004781035779160447,321.8389712243006,0.0,0.0,0.0
Cell 3,3530.0,0.0,3.7265948663586053,0.4540425531914884,4.7,0.022,-0.0032703165725251893,312.5277786309962,0.0,0.0,0.0
Cell 3,3540.0,0.0,3.726681661656967,0.4540425531914884,4.7,0.022,-0.0018459361399436602,303.4833119260293,0.0,0.0,0.0
Cell 3,3550.0,0.0,3.7267657272284245,0.4540425531914884,4.7,0.022,-0.000629466085229069,294.6984264881612,0.0,0.0,0.0
Cell 3,3560.0,0.0,3.726847138701394,0.4540425531914884,4.7,0.022,0.00020194257740513422,286.1662945319622,0.0,0.0,0.0
Cell 3,3570.0,0.0,3.7269259692713375,0.4540425531914884,4.7,0.022,0.0004839201283175498,277.8802434005556,0.0,0.0,0.0
Cell 3,3580.0,0.0,3.7270023673888417,0.4540425531914884,4.7,0.022,0.0007888227992225438,269.83204307176493,0.0,0.0,0.0
Cell 3,3590.0,0.0,3.727076390701655,0.4540425531914884,4.7,0.022,0.0008780734351603314,262.0155671520042,0.0,0.0,0.0
Cell 3,3600.0,0.0,3.7271481232106707,0.4540425531914884,4.7,0.022,0.0007944383505673613,254.42420909125212,0.0,0.0,0.0
Cell 4,0.0,2.5,3.9637701239323655,0.78,4.95,0.01,0.0,0.0,0.0527086595174782,-0.006474846445469979,-0.05918350596294818
Cell 4,10.0,2.5,3.953919825791109,0.7785970819304153,4.95,0.01,-144.11137827413768,371.43914657641653,0.05250896026194801,-0.006457720273024472,-0.05896668053497248
Cell 4,20.0,2.5,3.947665187341252,0.7771941638608305,4.95,0.01,-206.49909951034715,601.2058406533906,0.05241123565424454,-0.006447391395870915,-0.05885862705011546
Cell 4,30.0,2.5,3.9429082473886896,0.7757912457912458,4.95,0.01,-251.61449695039482,772.9426897282065,0.05233343499754064,-0.0064397623631280015,-0.05877319736066864
Cell 4,40.0,2.5,3.9389412599522937,0.7743883277216611,4.95,0.01,-287.4574776195441,914.157082019763,0.052265303890738114,-0.006433540115733958,-0.05869884400647207
Cell 4,50.0,2.5,3.9354718864376146,0.7729854096520763,4.95,0.01,-316.70797543160734,1036.1608266481708,0.05220327948819762,-0.006428199329638804,-0.058631478817836424
Cell 4,60.0,2.5,3.932347760804238,0.7715824915824916,4.95,0.01,-340.8446875059781,1144.8434001069036,0.05214546011062703,-0.006423469283259949,-0.058568929393886984
Cell 4,70.0,2.5,3.9294802731981315,0.7701795735129069,4.95,0.01,-360.8186580908805,1243.6201100613725,0.05209075878597188,-0.006419193548978523,-0.058509952334950405
Cell 4,80.0,2.5,3.9268154722321755,0.7687766554433222,4.95,0.01,-377.33310721491216,1334.5536432984663,0.0520385022840772,-0.006415276579875918,-0.058453778863953115
Cell 4,90.0,2.5,3.9243144080477954,0.7673737373737374,4.95,0.01,-390.982740371448,1419.1331220595275,0.051988203302422945,-0.006411650263535072,-0.05839985356595802
Cell 4,100.0,2.5,3.9219487843122978,0.7659708193041527,4.95,0.01,-402.2616725116677,1498.4365764668073,0.05193950807838192,-0.006408265468401139,-0.05834777354678306
Cell 4,110.0,2.5,3.9196979663536236,0.764567901234568,4.95,0.01,-411.5762929833254,1573.2431444464091,0.05189215890029745,-0.006405086406938608,-0.058297245307236054
Cell 4,120.0,2.5,3.917546418703157,0.7631649831649832,4.95,0.01,-419.2633258282549,1644.1325102546434,0.05184596316924349,-0.006402086147866274,-0.058248049317109765
Cell 4,130.0,2.5,3.9154816564946455,0.7617620650953985,4.95,0.01,-425.60432104408756,1711.5670691510059,0.05180076852357145,-0.006399243222873946,-0.058200011746445394
Cell 4,140.0,2.5,3.913493001979294,0.7603591470258138,4.95,0.01,-430.83783149555165,1775.9424859661558,0.05175644759365694,-0.006396539594341939,-0.05815298718799888
Cell 4,150.0,2.5,3.911572323778367,0.7589562289562289,4.95,0.01,-435.15410406434603,1837.5515768251535,0.0517129062060741,-0.0063939614182087975,-0.058106867624282896
Cell 4,160.0,2.5,3.90971234120126,0.7575533108866442,4.95,0.01,-438.71517072222196,1896.6570484177391,0.05167006288278637,-0.006391496565968143,-0.05806155944875451
Cell 4,170.0,2.5,3.907907394264861,0.7561503928170595,4.95,0.01,-441.64896291687546,1953.455080818494,0.051627857498647484,-0.0063891355218957425,-0.05801699302054322
Cell 4,180.0,2.5,3.9061524062257984,0.7547474747474747,4.95,0.01,-444.0632986250748,2008.120490583413,0.05158623867750479,-0.006386869904481328,-0.057973108581986114
Cell 4,190.0,2.5,3.9044427620146607,0.75334455667789,4.95,0.01,-446.0493062278874,2060.8116152336406,0.0515451618989624,-0.006384692251827876,-0.05792985415079027
Cell 4,200.0,2.5,3.902774332061295,0.7519416386083053,4.95,0.01,-447.6837734244764,2111.668476061084,0.05150458962529429,-0.006382596004320741,-0.057887185629615034
Cell 4,210.0,2.5,3.9011435553550937,0.7505387205387205,4.95,0.01,-449.02904778803713,2160.8083887343637,0.051464491744269814,-0.006380575560589005,-0.05784506730485882
Cell 4,220.0,2.5,3.8995470694293086,0.7491358024691358,4.95,0.01,-450.1395445179296,2208.342502134401,0.05142484115858934,-0.0063786257784151515,-0.05780346693700449
Cell 4,230.0,2.5,3.8979822059410627,0.7477328843995511,4.95,0.01,-451.0560624461614,2254.3521863095084,0.051385619221906986,-0.006376742548247918,-0.0577623617701549
Cell 4,240.0,2.5,3.8964464308326647,0.7463299663299664,4.95,0.01,-451.81309209390383,2298.914696357271,0.051346809196472276,-0.006374922074391648,-0.05772173127086393
Cell 4,250.0,2.5,3.894937575908112,0.7449270482603816,4.95,0.01,-452.43754012426507,2342.0919943807894,0.05130839865705109,-0.006373161131999146,-0.057681559789050235
Cell 4,260.0,2.5,3.8934534073882747,0.7435241301907969,4.95,0.01,-452.95294167584143,2383.950882656369,0.051270374709950044,-0.0063714565420709655,-0.057641831252021006
Cell 4,270.0,2.5,3.8919920953801386,0.7421212121212122,4.95,0.01,-453.3772990067482,2424.5406956537227,0.05123272878426009,-0.006369805706537252,-0.057602534490797344
Cell 4,280.0,2.5,3.890551789612224,0.7407182940516274,4.95,0.01,-453.72585000959225,2463.9130204114335,0.05119545222414526,-0.006368206102858615,-0.05756365832700387
Cell 4,290.0,2.5,3.8891307028085205,0.7393153759820427,4.95,0.01,-454.0119301000741,2502.1177841089193,0.051158536976883925,-0.006366655377315876,-0.057525192354199804
Cell 4,300.0,2.5,3.887727263824188,0.737912457912458,4.95,0.01,-454.24800143072207,2539.195964392464,0.05112197686471223,-0.006365151505090077,-0.05748712836980231
Cell 4,310.0,2.5,3.8863398945944088,0.7365095398428732,4.95,0.01,-454.4402150290189,2575.1892275661558,0.051085766284701115,-0.006363692534997441,-0.057449458819698554
Cell 4,320.0,2.5,3.8849671102987564,0.7351066217732884,4.95,0.01,-454.59895149216027,2610.1362797726433,0.05104989971282183,-0.006362276695993533,-0.057412176408815366
Cell 4,330.0,2.5,3.883607494693878,0.7337037037037037,4.95,0.01,-454.73090897983275,2644.072926173558,0.05101437256202287,-0.006360902363137696,-0.05737527492516056
Cell 4,340.0,2.5,3.882259721346702,0.7323007856341189,4.95,0.01,-454.8390890138435,2677.030893410163,0.05097918136348462,-0.006359568072787448,-0.05733874943627207
Cell 4,350.0,2.5,3.8809224579714003,0.7308978675645342,4.95,0.01,-454.9298428228176,2709.0430963892177,0.05094432201518068,-0.006358272421314813,-0.0573025944364955
Cell 4,360.0,2.5,3.879594467427281,0.7294949494949495,4.95,0.01,-455.0051324556116,2740.1376380390248,0.05090979171902887,-0.006357014161946986,-0.05726680588097585
Cell 4,370.0,2.5,3.8782745280065516,0.7280920314253648,4.95,0.01,-455.06777288665035,2770.3422760792164,0.05087558757667662,-0.006355792120979264,-0.05723137969765589
Cell 4,380.0,2.5,3.8769614494439666,0.72668911335578,4.95,0.01,-455.11986604901904,2799.6832550393156,0.050841706973794525,-0.006354605210410201,-0.05719631218420473
Cell 4,390.0,2.5,3.8756540566567694,0.7252861952861953,4.95,0.01,-455.16299450253064,2828.185922150693,0.05080814745123903,-0.006353452409412553,-0.057161599860651585
Cell 4,400.0,2.5,3.8743512017682242,0.7238832772166106,4.95,0.01,-455.19848830999035,2855.8742778865926,0.05077490674263779,-0.006352332772888989,-0.057127239515526784
Cell 4,410.0,2.5,3.8730517542351364,0.7224803591470259,4.95,0.01,-455.227015373599,2882.771157669751,0.0507419827744516,-0.006351245418916037,-0.05709322819336764
Cell 4,420.0,2.5,3.8717545858159044,0.7210774410774411,4.95,0.01,-455.2494728809652,2908.899073649085,0.05070937344732398,-0.0063501895131128664,-0.05705956296043684
Cell 4,430.0,2.5,3.870458565098495,0.7196745230078564,4.95,0.01,-455.267145373462,2934.2804435508297,0.05067707658867638,-0.006349164262353009,-0.05702624085102939
Cell 4,440.0,2.5,3.869162556355886,0.7182716049382717,4.95,0.01,-455.28162429908843,2958.9375804866904,0.050645089965409826,-0.006348168912373452,-0.05699325887778328
Cell 4,450.0,2.5,3.8678654302396422,0.7168686868686869,4.95,0.01,-455.2943744516051,2982.892115071816,0.05061341142276391,-0.006347202754607943,-0.05696061417737185
Cell 4,460.0,2.5,3.866566219947779,0.7154657687991022,4.95,0.01,-455.3004410445901,3006.1568139062256,0.050582040737894296,-0.00634626524212278,-0.05692830598001708
Cell 4,470.0,2.5,3.8652637344139498,0.7140628507295175,4.95,0.01,-455.30404356127474,3028.755905894781,0.05055097497260754,-0.0063453556842998525,-0.05689633065690739
Cell 4,480.0,2.5,3.8639568486794413,0.7126599326599328,4.95,0.01,-455.30687813949044,3050.709861043968,0.0505202119877941,-0.006344473476296098,-0.056864685464090195
Cell 4,490.0,2.5,3.8626444244902647,0.711257014590348,4.95,0.01,-455.3113520215629,3072.039618486393,0.05048974948031255,-0.006343618034163642,-0.05683336751447619
Cell 4,500.0,2.5,3.8613254406951816,0.7098540965207633,4.95,0.01,-455.31556386923694,3092.760006059547,0.05045958642643045,-0.006342788881969654,-0.0568023753084001
Cell 4,510.0,2.5,3.8599989410236466,0.7084511784511786,4.95,0.01,-455.3154904367475,3112.8826261413233,0.0504297224020865,-0.006341985602550303,-0.0567717080046368
Cell 4,520.0,2.5,3.8586637610258134,0.7070482603815939,4.95,0.01,-455.3156788073502,3132.429914376655,0.05040015455962188,-0.006341207654289655,-0.05674136221391153
Cell 4,530.0,2.5,3.8573188365871056,0.705645342312009,4.95,0.01,-455.31736080601695,3151.4195402207224,0.050370881042575345,-0.006340454580132865,-0.05671133562270821
Cell 4,540.0,2.5,3.85596311343149,0.7042424242424243,4.95,0.01,-455.3221344195299,3169.8692562715223,0.050341899928591546,-0.006339725940892895,-0.05668162586948444
Cell 4,550.0,2.5,3.8545957360196095,0.7028395061728396,4.95,0.01,-455.3254889872769,3187.7882209303425,0.050313210987188044,-0.006339021421499489,-0.05665223240868753
Cell 4,560.0,2.5,3.8532157226711443,0.7014365881032549,4.95,0.01,-455.3285131129269,3205.1927217976627,0.050284812457712505,-0.006338340627143517,-0.05662315308485602
Cell 4,570.0,2.5,3.8518221344778647,0.7000336700336701,4.95,0.01,-455.3321044846962,3222.0984170886404,0.050256702662272196,-0.00633768318580325,-0.05659438584807545
Cell 4,580.0,2.5,3.850414103617877,0.6986307519640854,4.95,0.01,-455.3362340578715,3238.519359870297,0.05022888019600528,-0.006337048757664265,-0.05656592895366954
Cell 4,590.0,2.5,3.84899081682074,0.6972278338945007,4.95,0.01,-455.3408062681301,3254.469161405894,0.050201343690575884,-0.006336437019435738,-0.05653778071001162
Cell 4,600.0,2.5,3.8475521607223415,0.6958249158249159,4.95,0.01,-455.344836618322,3269.8832013922693,0.05017409201769397,-0.0063358480110444005,-0.05650994002873837
Cell 4,610.0,2.5,3.8460963987250345,0.6944219977553312,4.95,0.01,-455.3482621279836,3284.909701647517,0.050147123825244555,-0.006335280843277816,-0.05648240466852237
Cell 4,620.0,2.5,3.844623277610339,0.6930190796857465,4.95,0.01,-455.35111507013426,3299.5187019084296,0.05012043775670802,-0.0063347354373268685,-0.05645517319403489
Cell 4,630.0,2.5,3.8431323559440194,0.6916161616161618,4.95,0.01,-455.35351092219935,3313.713809601759,0.050094032453452696,-0.00633421156479522,-0.05642824401824792
Cell 4,640.0,2.5,3.8416230876442325,0.6902132435465771,4.95,0.01,-455.35559155232113,3327.5233003074354,0.05006790656932663,-0.00633370890840484,-0.05640161547773147
Cell 4,650.0,2.5,3.8400951094884017,0.6888103254769923,4.95,0.01,-455.3574701904872,3340.9662448763447,0.05004205878452434,-0.006333227206785654,-0.05637528599131
Cell 4,660.0,2.5,3.8385485680874427,0.6874074074074076,4.95,0.01,-455.3590039708288,3354.018581008557,0.050016487859531916,-0.006332766384440786,-0.056349254243972705
Cell 4,670.0,2.5,3.836983512085001,0.6860044893378229,4.95,0.01,-455.36019289333126,3366.680308704057,0.049991192536867894,-0.006332326259028923,-0.05632351879589682
Cell 4,680.0,2.5,3.835400120551681,0.6846015712682381,4.95,0.01,-455.36103695800557,3378.951427962831,0.04996617157630398,-0.006331906649455753,-0.05629807822575973
Cell 4,690.0,2.5,3.833798259987324,0.6831986531986534,4.95,0.01,-455.3617718511232,3390.8820763877848,0.04994142369982183,-0.006331507206767533,-0.056272930906589365
Cell 4,700.0,2.5,3.832178518413591,0.6817957351290687,4.95,0.01,-455.36232857075447,3402.457575181961,0.04991694771882984,-0.006331127824149436,-0.056248075542979274
Cell 4,710.0,2.5,3.8305413549690006,0.680392817059484,4.95,0.01,-455.3627553990882,3413.694378462562,0.049892742433957624,-0.0063307682931101235,-0.056223510727067744
Cell 4,720.0,2.5,3.828887346295455,0.6789898989898991,4.95,0.01,-455.3631151190748,3424.6120908664416,0.049868806659567666,-0.006330428407570176,-0.056199235067137844
Cell 4,730.0,2.5,3.8272174754313477,0.6775869809203144,4.95,0.01,-455.3633722453087,3435.2005267507993,0.04984513924893702,-0.006330108053679722,-0.05617524730261674
Cell 4,740.0,2.5,3.825532464499228,0.6761840628507297,4.95,0.01,-455.36360132176196,3445.496579394414,0.04982173904677682,-0.006329806997550419,-0.05615154604432724
Cell 4,750.0,2.5,3.823833623547939,0.6747811447811449,4.95,0.01,-455.36376994249076,3455.4842104698837,0.04979860493796162,-0.0063295251485214945,-0.05612813008648312
Cell 4,760.0,2.5,3.822122073894279,0.6733782267115602,4.95,0.01,-455.3639027995014,3465.185363083445,0.0497757358104733,-0.0063292623282130275,-0.05610499813868633
Cell 4,770.0,2.5,3.820399141498446,0.6719753086419755,4.95,0.01,-455.36401296480835,3474.611653995409,0.04975313057068034,-0.006329018391755354,-0.0560821489624357
Cell 4,780.0,2.5,3.8186663813080424,0.6705723905723908,4.95,0.01,-455.364097072048,3483.760091599528,0.049730788144050415,-0.006328793227557567,-0.056059581371607985
Cell 4,790.0,2.5,3.816925382662596,0.6691694725028061,4.95,0.01,-455.36415968256915,3492.634729460191,0.049708707469683165,-0.00632858671173169,-0.05603729418141486
Cell 4,800.0,2.5,3.81517771696879,0.6677665544332213,4.95,0.01,-455.364205566857,3501.251457416427,0.04968688750185103,-0.006328398707179425,-0.05601528620903046
Cell 4,810.0,2.5,3.813425064068666,0.6663636363636366,4.95,0.01,-455.3642393826194,3509.619785269937,0.04966532720991586,-0.0063282290944765,-0.05599355630439236
Cell 4,820.0,2.5,3.811669201060762,0.6649607182940519,4.95,0.01,-455.36426565867805,3517.7419232753637,0.049644025578181,-0.006328077768386897,-0.055972103346567895
Cell 4,830.0,2.5,3.8099118875503373,0.6635578002244671,4.95,0.01,-455.36428900461397,3525.6246528442716,0.04962298160570048,-0.0063279446212979856,-0.05595092622699847
Cell 4,840.0,2.5,3.808154871517956,0.6621548821548824,4.95,0.01,-455.3643056328583,3533.276596992677,0.04960219430780844,-0.006327829549119598,-0.05593002385692804
Cell 4,850.0,2.5,3.8063998835548167,0.6607519640852977,4.95,0.01,-455.364315663719,3540.705521699594,0.0495816627134773,-0.006327732453384313,-0.05590939516686161
Cell 4,860.0,2.5,3.804648619639633,0.659349046015713,4.95,0.01,-455.36432523273834,3547.917873699993,0.04956138586482122,-0.0063276532409886595,-0.05588903910580988
Cell 4,870.0,2.5,3.802902710831189,0.6579461279461282,4.95,0.01,-455.3643369362326,3554.9208759374924,0.04954136281884837,-0.006327591822963126,-0.0558689546418115
Cell 4,880.0,2.5,3.8011637357354533,0.6565432098765435,4.95,0.01,-455.3643466485664,3561.719219498227,0.04952159264788023,-0.006327548115813953,-0.05584914076369418
Cell 4,890.0,2.5,3.799433169344768,0.6551402918069588,4.95,0.01,-455.3643528436478,3568.3185746103227,0.04950207443761429,-0.006327522038752517,-0.05582959647636681
Cell 4,900.0,2.5,3.7977123577293574,0.653737373737374,4.95,0.01,-455.36435952551983,3574.726694435969,0.04948280728649123,-0.006327513514515631,-0.05581032080100686
Cell 4,910.0,2.5,3.796002539430289,0.6523344556677892,4.95,0.01,-455.3643676120082,3580.95016971519,0.049463790307188296,-0.006327522470559814,-0.05579131277774811
Cell 4,920.0,2.5,3.7943048759700906,0.6509315375982045,4.95,0.01,-455.3643737299426,3586.9900163117054,0.04944502262667122,-0.006327548836745477,-0.0557725714634167
Cell 4,930.0,2.5,3.792620367101475,0.6495286195286198,4.95,0.01,-455.36437676996866,3592.850191318965,0.0494265033848729,-0.006327592544988406,-0.05575409592986131
Cell 4,940.0,2.5,3.7909498263721937,0.6481257014590351,4.95,0.01,-455.3643794943491,3598.5396816889406,0.04940823173432272,-0.0063276535327536,-0.05573588526707632
Cell 4,950.0,2.5,3.7892939532459473,0.6467227833894503,4.95,0.01,-455.36438235796595,3604.0644766807636,0.049390206841128784,-0.006327731740744968,-0.05571793858187375
Cell 4,960.0,2.5,3.7876533057025807,0.6453198653198656,4.95,0.01,-455.3643858157011,3609.4305655536227,0.04937242788444767,-0.006327827113352947,-0.05570025499780062
Cell 4,970.0,2.5,3.7860283024846595,0.6439169472502809,4.95,0.01,-455.3643903224256,3614.6439375666523,0.04935489405637132,-0.006327939598641145,-0.05568283365501246
Cell 4,980.0,2.5,3.7844192895636684,0.6425140291806961,4.95,0.01,-455.36439413300104,3619.703779912008,0.049337604562175716,-0.006328069140367779,-0.055665673702543494
Cell 4,990.0,2.5,3.782826468684886,0.6411111111111114,4.95,0.01,-455.36439606394924,3624.6110164559905,0.049320558619742036,-0.006328215684267887,-0.055648774304009926
Cell 4,1000.0,2.5,3.781249832526011,0.6397081930415267,4.95,0.01,-455.364397991827,3629.3760319416324,0.04930375545906004,-0.006328379190605087,-0.05563213464966513
Cell 4,1010.0,2.5,3.77968930880404,0.638305274971942,4.95,0.01,-455.3644000527129,3634.0038299859734,0.04928719432290979,-0.006328559617183227,-0.055615753940093014
Cell 4,1020.0,2.5,3.778144720132817,0.6369023569023573,4.95,0.01,-455.3644023826855,3638.499414206035,0.04927087446647082,-0.006328756924855655,-0.055599631391326475
Cell 4,1030.0,2.5,3.7766157935697264,0.6354994388327725,4.95,0.01,-455.3644051178562,3642.8677882189004,0.049254795157221545,-0.0063289710775167474,-0.05558376623473829
Cell 4,1040.0,2.5,3.77510221706953,0.6340965207631878,4.95,0.01,-455.364407716992,3647.1088680343128,0.04923895567494197,-0.006329202032035989,-0.05556815770697796
Cell 4,1050.0,2.5,3.7736036162653246,0.6326936026936031,4.95,0.01,-455.3644094606643,3651.221230930114,0.049223355311535814,-0.006329449742620223,-0.05555280505415604
Cell 4,1060.0,2.5,3.772119449251216,0.6312906846240183,4.95,0.01,-455.36441111483873,3655.214612042124,0.04920799337069249,-0.00632971418808191,-0.0555377075587744
Cell 4,1070.0,2.5,3.770649169792945,0.6298877665544336,4.95,0.01,-455.3644126951913,3659.0931102793475,0.04919286916813025,-0.006329995339389501,-0.055522864507519754
Cell 4,1080.0,2.5,3.769192185477936,0.6284848484848489,4.95,0.01,-455.36441421734344,3662.860824550771,0.04917798203139123,-0.006330293170013671,-0.0555082752014049
Cell 4,1090.0,2.5,3.767747866729702,0.6270819304152642,4.95,0.01,-455.36441569694216,3666.521853765378,0.04916333129975216,-0.006330607655922249,-0.05549393895567441
Cell 4,1100.0,2.5,3.7663155842510108,0.6256790123456794,4.95,0.01,-455.36441707283666,3670.0771130395806,0.049148916324147446,-0.006330938766941188,-0.05547985509108863
Cell 4,1110.0,2.5,3.7648947190313073,0.6242760942760947,4.95,0.01,-455.36441820353866,3673.5241892075355,0.04913473646708318,-0.006331286464195114,-0.055466022931278294
Cell 4,1120.0,2.5,3.763484540265924,0.62287317620651,4.95,0.01,-455.3644192089632,3676.8715030263775,0.04912079110250721,-0.006331650740085448,-0.055452441842592654
Cell 4,1130.0,2.5,3.7620843560933976,0.6214702581369251,4.95,0.01,-455.3644200872768,3680.1224284409764,0.04910707961577953,-0.006332031576097767,-0.0554391111918773
Cell 4,1140.0,2.5,3.760693473929232,0.6200673400673404,4.95,0.01,-455.36442083661314,3683.280339396155,0.049093601403575035,-0.006332428955805602,-0.05542603035938064
Cell 4,1150.0,2.5,3.7593112058076508,0.6186644219977557,4.95,0.01,-455.3644214551605,3686.3486098367466,0.04908035587380464,-0.006332842864867645,-0.05541319873867229
Cell 4,1160.0,2.5,3.757936877813904,0.617261503928171,4.95,0.01,-455.36442194821575,3689.330098077462,0.04906734244553732,-0.006333273289258188,-0.05540061573479551
Cell 4,1170.0,2.5,3.7565698526275293,0.6158585858585863,4.95,0.01,-455.3644223559313,3692.2251562704732,0.049054560548921364,-0.006333720207844632,-0.055388280756765995
Cell 4,1180.0,2.5,3.755209485775357,0.6144556677890015,4.95,0.01,-455.3644226812721,3695.03681397784,0.04904200962511929,-0.006334183609866439,-0.05537619323498573
Cell 4,1190.0,2.5,3.7538553985238887,0.6130527497194168,4.95,0.01,-455.3644229297497,3697.7400927426934,0.04902968912623072,-0.006334663385447666,-0.055364352511678386
Cell 4,1200.0,2.5,3.7525066293758704,0.6116498316498321,4.95,0.01,-455.3644231430735,3700.3793452388454,0.04901759851521774,-0.006335159671048348,-0.05535275818626609
Cell 4,1200.0000000000002,0.0,3.8078593875621367,0.611649831649832,4.95,0.01,-455.3644231430735,3700.3793452388454,0.0,0.0,0.0
Cell 4,1210.0,0.0,3.8161625370660985,0.611649831649832,4.95,0.01,-311.28291638522205,3331.5390143754594,0.0,0.0,0.0
Cell 4,1220.0,0.0,3.820774409353991,0.611649831649832,4.95,0.01,-248.8457346157229,3104.24296585708,0.0,0.0,0.0
Cell 4,1230.0,0.0,3.8239790540578427,0.611649831649832,4.95,0.01,-203.74943146834266,2934.9376515316726,0.0,0.0,0.0
Cell 4,1240.0,0.0,3.826460061792477,0.611649831649832,4.95,0.01,-167.90949384019768,2796.092091621791,0.0,0.0,0.0
Cell 4,1250.0,0.0,3.8284932063469816,0.611649831649832,4.95,0.01,-138.6605850519736,2676.3796047143915,0.0,0.0,0.0
Cell 4,1260.0,0.0,3.8302212399348288,0.611649831649832,4.95,0.01,-114.51940191309404,2569.9051167379257,0.0,0.0,0.0
Cell 4,1270.0,0.0,3.8317255811208457,0.611649831649832,4.95,0.01,-94.54605362298753,2473.2875316563113,0.0,0.0,0.0
Cell 4,1280.0,0.0,3.833056195688378,0.611649831649832,4.95,0.01,-78.03249300701646,2384.4523363215594,0.0,0.0,0.0
Cell 4,1290.0,0.0,3.8342488481511756,0.611649831649832,4.95,0.01,-64.38242723880467,2301.9049903284176,0.0,0.0,0.0
Cell 4,1300.0,0.0,3.83532915490741,0.611649831649832,4.95,0.01,-53.10281933122678,2224.5717598358897,0.0,0.0,0.0
Cell 4,1310.0,0.0,3.8363155526988315,0.611649831649832,4.95,0.01,-43.78790109492547,2151.679979598797,0.0,0.0,0.0
Cell 4,1320.0,0.0,3.8372217771662833,0.611649831649832,4.95,0.01,-36.10128691876889,2082.654355459679,0.0,0.0,0.0
Cell 4,1330.0,0.0,3.838058964046144,0.611649831649832,4.95,0.01,-29.760056238876132,2017.0266547361098,0.0,0.0,0.0
Cell 4,1340.0,0.0,3.838836270502714,0.611649831649832,4.95,0.01,-24.52783588289458,1954.4105125225906,0.0,0.0,0.0
Cell 4,1350.0,0.0,3.8395610240129274,0.611649831649832,4.95,0.01,-20.20987304798109,1894.4969278932076,0.0,0.0,0.0
Cell 4,1360.0,0.0,3.8402387256067456,0.611649831649832,4.95,0.01,-16.65175965907838,1837.0559965930734,0.0,0.0,0.0
Cell 4,1370.0,0.0,3.840874683365244,0.611649831649832,4.95,0.01,-13.7180687435648,1781.862944918761,0.0,0.0,0.0
Cell 4,1380.0,0.0,3.841472620412888,0.611649831649832,4.95,0.01,-11.305652743954852,1728.7631274268279,0.0,0.0,0.0
Cell 4,1390.0,0.0,3.8420365385549182,0.611649831649832,4.95,0.01,-9.319991274023778,1677.5865584925232,0.0,0.0,0.0
Cell 4,1400.0,0.0,3.842569590400083,0.611649831649832,4.95,0.01,-7.686038263327646,1628.2004441354838,0.0,0.0,0.0
Cell 4,1410.0,0.0,3.843074736404351,0.611649831649832,4.95,0.01,-6.338382562717015,1580.4790983836938,0.0,0.0,0.0
Cell 4,1420.0,0.0,3.8435542357031203,0.611649831649832,4.95,0.01,-5.227140868752031,1534.3278433632186,0.0,0.0,0.0
Cell 4,1430.0,0.0,3.844010157161765,0.611649831649832,4.95,0.01,-4.309158023148484,1489.6595075974801,0.0,0.0,0.0
Cell 4,1440.0,0.0,3.84444417983915,0.611649831649832,4.95,0.01,-3.5517273037548875,1446.4038179927848,0.0,0.0,0.0
Cell 4,1450.0,0.0,3.84485782890575,0.611649831649832,4.95,0.01,-2.9273286672141694,1404.496545390215,0.0,0.0,0.0
Cell 4,1460.0,0.0,3.845252526562504,0.611649831649832,4.95,0.01,-2.4131590205615794,1363.8771563006558,0.0,0.0,0.0
Cell 4,1470.0,0.0,3.845629477527481,0.611649831649832,4.95,0.01,-1.991456264309818,1324.4943363549864,0.0,0.0,0.0
Cell 4,1480.0,0.0,3.8459900063159007,0.611649831649832,4.95,0.01,-1.644476485918858,1286.290007239004,0.0,0.0,0.0
Cell 4,1490.0,0.0,3.8463348901219727,0.611649831649832,4.95,0.01,-1.3639992690114013,1249.2311201872944,0.0,0.0,0.0
Cell 4,1500.0,0.0,3.846664754678197,0.611649831649832,4.95,0.01,-1.1447447093887604,1213.2909265214512,0.0,0.0,0.0
Cell 4,1510.0,0.0,3.8469809909110095,0.611649831649832,4.95,0.01,-0.9696747016314475,1178.4052438006947,0.0,0.0,0.0
Cell 4,1520.0,0.0,3.8472851787338547,0.611649831649832,4.95,0.01,-0.8183014360074594,1144.49981440981,0.0,0.0,0.0
Cell 4,1530.0,0.0,3.847576456012847,0.611649831649832,4.95,0.01,-0.7120089926902438,1111.616530844749,0.0,0.0,0.0
Cell 4,1540.0,0.0,3.84785553647796,0.611649831649832,4.95,0.01,-0.6447390379871649,1079.7210729888284,0.0,0.0,0.0
Cell 4,1550.0,0.0,3.848124356976646,0.611649831649832,4.95,0.01,-0.588658323555137,1048.7195183948788,0.0,0.0,0.0
Cell 4,1560.0,0.0,3.848384708572441,0.611649831649832,4.95,0.01,-0.5174069918393798,1018.5239499742202,0.0,0.0,0.0
Cell 4,1570.0,0.0,3.8486342470356596,0.611649831649832,4.95,0.01,-0.4803864786445047,989.2452533914875,0.0,0.0,0.0
Cell 4,1580.0,0.0,3.8488744220621607,0.611649831649832,4.95,0.01,-0.45629665611340897,960.8107563417325,0.0,0.0,0.0
Cell 4,1590.0,0.0,3.8491065426857807,0.611649831649832,4.95,0.01,-0.4255087979436212,933.1538098997553,0.0,0.0,0.0
Cell 4,1600.0,0.0,3.8493316419786088,0.611649831649832,4.95,0.01,-0.37242794578924077,906.2203924828063,0.0,0.0,0.0
Cell 4,1610.0,0.0,3.849548133024604,0.611649831649832,4.95,0.01,-0.33754130208399147,880.0839092244969,0.0,0.0,0.0
Cell 4,1620.0,0.0,3.849757224234766,0.611649831649832,4.95,0.01,-0.30031107846662053,854.6808949169936,0.0,0.0,0.0
Cell 4,1630.0,0.0,3.8499591627291205,0.611649831649832,4.95,0.01,-0.2603175242875295,829.9943710736698,0.0,0.0,0.0
Cell 4,1640.0,0.0,3.8501541326130218,0.611649831649832,4.95,0.01,-0.2183835598116275,806.0101466567176,0.0,0.0,0.0
Cell 4,1650.0,0.0,3.8503425313598574,0.611649831649832,4.95,0.01,-0.1769262443012849,782.7043127636753,0.0,0.0,0.0
Cell 4,1660.0,0.0,3.8505244087335173,0.611649831649832,4.95,0.01,-0.13836992223514244,760.0686078646213,0.0,0.0,0.0
Cell 4,1670.0,0.0,3.85069988198868,0.611649831649832,4.95,0.01,-0.10633435997078777,738.0917255120949,0.0,0.0,0.0
Cell 4,1680.0,0.0,3.8508691271821425,0.611649831649832,4.95,0.01,-0.0830338068153651,716.7593427641623,0.0,0.0,0.0
Cell 4,1690.0,0.0,3.8510327024142414,0.611649831649832,4.95,0.01,-0.06126856830451288,696.0381648404218,0.0,0.0,0.0
Cell 4,1700.0,0.0,3.851190706715699,0.611649831649832,4.95,0.01,-0.0454823363070318,675.9175643859453,0.0,0.0,0.0
Cell 4,1710.0,0.0,3.8513434515286415,0.611649831649832,4.95,0.01,-0.0350731865655689,656.3764253245718,0.0,0.0,0.0
Cell 4,1720.0,0.0,3.8514911722951974,0.611649831649832,4.95,0.01,-0.02949973901559133,637.3970173776397,0.0,0.0,0.0
Cell 4,1730.0,0.0,3.8516339044048444,0.611649831649832,4.95,0.01,-0.029171589314501034,618.9707361734363,0.0,0.0,0.0
Cell 4,1740.0,0.0,3.851772054731332,0.611649831649832,4.95,0.01,-0.03079304546918138,601.0717652340827,0.0,0.0,0.0
Cell 4,1750.0,0.0,3.8519059207339925,0.611649831649832,4.95,0.01,-0.031094886351638706,583.6792482919773,0.0,0.0,0.0
Cell 4,1760.0,0.0,3.8520356303605245,0.611649831649832,4.95,0.01,-0.030503015324939042,566.7804165685084,0.0,0.0,0.0
Cell 4,1770.0,0.0,3.852161169292171,0.611649831649832,4.95,0.01,-0.032421357012935914,550.3693147988743,0.0,0.0,0.0
Cell 4,1780.0,0.0,3.8522827998899194,0.611649831649832,4.95,0.01,-0.03273528305726359,534.4267570162046,0.0,0.0,0.0
Cell 4,1790.0,0.0,3.8524006332776013,0.611649831649832,4.95,0.01,-0.030439874175499426,518.9408283180273,0.0,0.0,0.0
Cell 4,1800.0,0.0,3.8525147582544066,0.611649831649832,4.95,0.01,-0.02543501202671905,503.90076436371237,0.0,0.0,0.0
Cell 4,1800.0000000000002,1.25,3.82216517638601,0.611649831649832,4.95,0.01,-0.02543501202671905,503.90076436371237,0.02717944420356651,-0.003170137664829918,-0.030349581868396428
Cell 4,1810.0,1.25,3.818021367764484,0.6109483726150398,4.95,0.01,-72.07070524432493,675.0001646585151,0.027161842089629674,-0.0031698967349101585,-0.030331738824539833
Cell 4,1820.0,1.25,3.8154767099733484,0.6102469135802473,4.95,0.01,-103.19898809379083,775.6089940398233,0.027153248165321074,-0.003169803566131566,-0.030323051731452638
Cell 4,1830.0,1.25,3.8135251511528208,0.609545454545455,4.95,0.01,-125.84075121385831,847.8299636655029,0.02714638305231682,-0.0031697626644458664,-0.030316145716762687
Cell 4,1840.0,1.25,3.811883631668172,0.6088439955106626,4.95,0.01,-143.79378795548473,905.1780760585971,0.027140385499815192,-0.0031697483926543192,-0.03031013389246951
Cell 4,1850.0,1.25,3.8104388391433743,0.6081425364758702,4.95,0.01,-158.38119857316633,953.1063846841062,0.027134943754887095,-0.003169750779896175,-0.03030469453478327
Cell 4,1860.0,1.25,3.8091245498259005,0.6074410774410779,4.95,0.01,-170.43527699827246,994.7848387178237,0.02712987091419322,-0.003169764926967571,-0.030299635841160792
Cell 4,1870.0,1.25,3.807905040924437,0.6067396184062855,4.95,0.01,-180.42512014176464,1031.930598848754,0.027125073056069548,-0.003169788131771193,-0.030294861187840742
Cell 4,1880.0,1.25,3.8067600648702555,0.6060381593714932,4.95,0.01,-188.6820773516556,1065.516013315886,0.027120495098678796,-0.003169818652108192,-0.030290313750786987
Cell 4,1890.0,1.25,3.805674992364883,0.6053367003367007,4.95,0.01,-195.5004646846719,1096.2386169389683,0.02711609481334936,-0.003169855304471889,-0.03028595011782125
Cell 4,1900.0,1.25,3.804638225929623,0.6046352413019085,4.95,0.01,-201.13533209792513,1124.6490075474321,0.027111839595103337,-0.0031698972892750085,-0.030281736884378345
Cell 4,1910.0,1.25,3.803641366406789,0.603933782267116,4.95,0.01,-205.79132850972746,1151.1448568939304,0.027107706415048224,-0.0031699440239616387,-0.030277650439009863
Cell 4,1920.0,1.25,3.8026784169583827,0.6032323232323237,4.95,0.01,-209.63512071358855,1176.0087164183424,0.02710367873245624,-0.0031699950499878182,-0.03027367378244406
Cell 4,1930.0,1.25,3.801744798567149,0.6025308641975313,4.95,0.01,-212.80609425848888,1199.4545845565299,0.027099743542807517,-0.0031700499994311957,-0.030269793542238712
Cell 4,1940.0,1.25,3.8008367047798934,0.601829405162739,4.95,0.01,-215.4211498791774,1221.6589415813978,0.02709589022782405,-0.0031701085846129206,-0.03026599881243697
Cell 4,1950.0,1.25,3.7999509720209956,0.6011279461279466,4.95,0.01,-217.57731293420875,1242.7672307505854,0.02709211028343728,-0.0031701705764436835,-0.030262280859880964
Cell 4,1960.0,1.25,3.7990849951725285,0.6004264870931542,4.95,0.01,-219.35418902000674,1262.897917755774,0.027088396894166828,-0.003170235786291998,-0.030258632680458825
Cell 4,1970.0,1.25,3.7982364598593636,0.5997250280583619,4.95,0.01,-220.8197932260482,1282.1551818278094,0.02708474432804195,-0.0031703040689208496,-0.0302550483969628
Cell 4,1980.0,1.25,3.7974034566570385,0.5990235690235695,4.95,0.01,-222.03095349662544,1300.6237079908024,0.027081147984325694,-0.003170375300339317,-0.03025152328466501
Cell 4,1990.0,1.25,3.796584494801455,0.5983221099887771,4.95,0.01,-223.02924295464618,1318.3682632867276,0.02707760451082427,-0.003170449363294631,-0.0302480538741189
Cell 4,2000.0,1.25,3.795778080818239,0.5976206509539848,4.95,0.01,-223.85709199739358,1335.4533176958394,0.027074110573137432,-0.003170526176754455,-0.030244636749891887
Cell 4,2010.0,1.25,3.794983333354323,0.5969191919191924,4.95,0.01,-224.5358529363184,1351.9147434947954,0.027070664497768272,-0.003170605629657119,-0.03024127012742539
Cell 4,2020.0,1.25,3.7941989600112307,0.5962177328844,4.95,0.01,-225.0990244720124,1367.8072873856872,0.027067263683871853,-0.003170687677455983,-0.030237951361327835
Cell 4,2030.0,1.25,3.7934243510841656,0.5955162738496077,4.95,0.01,-225.55834428455637,1383.1539457550389,0.027063907202994272,-0.003170772225206144,-0.030234679428200417
Cell 4,2040.0,1.25,3.7926584635103207,0.5948148148148154,4.95,0.01,-225.93825224894317,1397.9979014800992,0.02706059320207709,-0.0031708592440992276,-0.030231452446176317
Cell 4,2050.0,1.25,3.7919007251973476,0.5941133557800229,4.95,0.01,-226.24788592517507,1412.3604059892823,0.027057320935289595,-0.0031709486685788553,-0.03022826960386845
Cell 4,2060.0,1.25,3.791150372591907,0.5934118967452305,4.95,0.01,-226.50303705929036,1426.2719450228797,0.02705408923550549,-0.00317104047005119,-0.03022512970555668
Cell 4,2070.0,1.25,3.790406851233648,0.5927104377104382,4.95,0.01,-226.71184220536088,1439.7532702778662,0.0270508974472875,-0.0031711346075942197,-0.03022203205488172
Cell 4,2080.0,1.25,3.7896696035290938,0.5920089786756458,4.95,0.01,-226.88364118161553,1452.8256990747905,0.027047744879409585,-0.0031712310518751774,-0.030218975931284763
Cell 4,2090.0,1.25,3.788938152003817,0.5913075196408535,4.95,0.01,-227.02491942762572,1465.5070200358532,0.02704463102976251,-0.0031713297732091704,-0.030215960802971682
Cell 4,2100.0,1.25,3.7882120578741887,0.5906060606060611,4.95,0.01,-227.14133186935214,1477.8135508266969,0.027041555468595147,-0.0031714307455345163,-0.030212986214129663
Cell 4,2110.0,1.25,3.7874909316825094,0.5899046015712688,4.95,0.01,-227.23734039856936,1489.759670757845,0.02703851785526136,-0.0031715339437670856,-0.030210051799028446
Cell 4,2120.0,1.25,3.786774390684498,0.5892031425364763,4.95,0.01,-227.31726765797066,1501.3596733130362,0.02703551786400591,-0.003171639349120951,-0.030207157213126862
Cell 4,2130.0,1.25,3.786062076647977,0.5885016835016841,4.95,0.01,-227.38500951894093,1512.627043635799,0.027032555207073556,-0.003171746945963898,-0.030204302153037453
Cell 4,2140.0,1.25,3.7853537500567156,0.5878002244668916,4.95,0.01,-227.4409788254161,1523.5702640026611,0.027029629807739323,-0.0031718567060052766,-0.0302014865137446
Cell 4,2150.0,1.25,3.78464917591348,0.5870987654320993,4.95,0.01,-227.48574371105133,1534.197919486498,0.027026741579947177,-0.0031719686046716732,-0.03019871018461885
Cell 4,2160.0,1.25,3.7839479184082143,0.5863973063973069,4.95,0.01,-227.52634660703552,1544.5276099102302,0.02702389007034456,-0.003172082655533275,-0.03019597272587783
Cell 4,2170.0,1.25,3.7832498749543237,0.5856958473625146,4.95,0.01,-227.55979774665684,1554.5626849807086,0.027021075406015633,-0.0031721988219574177,-0.03019327422797305
Cell 4,2180.0,1.25,3.7825548868852654,0.5849943883277222,4.95,0.01,-227.58514926106363,1564.3092619664603,0.02701829759092028,-0.0031723170792896625,-0.030190614670209944
Cell 4,2190.0,1.25,3.7818626483379467,0.5842929292929298,4.95,0.01,-227.60629759991207,1573.779909350691,0.027015556366931676,-0.0031724374322294148,-0.03018799379916109
Cell 4,2200.0,1.25,3.781172946287641,0.5835914702581375,4.95,0.01,-227.62455436232267,1582.9835166941484,0.027012851622916098,-0.003172559873445509,-0.030185411496361607
Cell 4,2210.0,1.25,3.780485674879497,0.582890011223345,4.95,0.01,-227.63824210898747,1591.9247434997706,0.027010183406586202,-0.0031726843791367717,-0.030182867785722975
Cell 4,2220.0,1.25,3.779800673521161,0.5821885521885527,4.95,0.01,-227.6476275067289,1600.6107128907133,0.027007551662310975,-0.003172810937909993,-0.03018036260022097
Cell 4,2230.0,1.25,3.77911768807001,0.5814870931537603,4.95,0.01,-227.6559156588737,1609.0522695378677,0.02700495619208313,-0.0031729395592657566,-0.03017789575134889
Cell 4,2240.0,1.25,3.7784366231383157,0.580785634118968,4.95,0.01,-227.66202894919843,1617.2544173157403,0.027002397013231903,-0.0031730702253171287,-0.030175467238549032
Cell 4,2250.0,1.25,3.7777573460591567,0.5800841750841756,4.95,0.01,-227.6662341849733,1625.223770834742,0.026999874076704858,-0.0031732029274119658,-0.030173077004116824
Cell 4,2260.0,1.25,3.777079697268235,0.5793827160493833,4.95,0.01,-227.6693372184236,1632.9675613774016,0.026997387312458654,-0.0031733376646741296,-0.030170724977132784
Cell 4,2270.0,1.25,3.7764035529696773,0.5786812570145909,4.95,0.01,-227.67168187791685,1640.4921975688121,0.02699493667241376,-0.003173474431335096,-0.030168411103748856
Cell 4,2280.0,1.25,3.7757288046665223,0.5779797979797985,4.95,0.01,-227.67348146207223,1647.803741996504,0.026992522115527138,-0.0031736132204515767,-0.030166135335978714
Cell 4,2290.0,1.25,3.775055336687944,0.5772783389450061,4.95,0.01,-227.6749178062346,1654.9081909657798,0.026990143603725692,-0.0031737540284930517,-0.030163897632218745
Cell 4,2300.0,1.25,3.774383024997792,0.5765768799102138,4.95,0.01,-227.67598731548424,1661.8113436880303,0.02698780110804686,-0.0031738968557122275,-0.030161697963759088
Cell 4,2310.0,1.25,3.7737117903754873,0.5758754208754214,4.95,0.01,-227.67690370134005,1668.5187232443968,0.026985494590830036,-0.0031740416943713775,-0.030159536285201415
Cell 4,2320.0,1.25,3.7730415504748156,0.575173961840629,4.95,0.01,-227.677732361768,1675.03564833798,0.026983224021778905,-0.003174188538878823,-0.03015741256065773
Cell 4,2330.0,1.25,3.772372233080587,0.5744725028058366,4.95,0.01,-227.67849054030376,1681.3672136378882,0.026980989373315313,-0.0031743373827815453,-0.03015532675609686
Cell 4,2340.0,1.25,3.7717037652906615,0.5737710437710443,4.95,0.01,-227.67918732944236,1687.5184347577379,0.026978790618392978,-0.0031744882211086727,-0.03015327883950165
Cell 4,2350.0,1.25,3.771035994168644,0.5730695847362518,4.95,0.01,-227.68011334006587,1693.49529806184,0.026976627716152984,-0.003174641069049637,-0.03015126878520262
Cell 4,2360.0,1.25,3.7703689081394196,0.5723681257014595,4.95,0.01,-227.6810303365346,1699.301823778791,0.02697450065255348,-0.0031747959103995997,-0.03014929656295308
Cell 4,2370.0,1.25,3.7697024531748413,0.5716666666666671,4.95,0.01,-227.68184569760706,1704.942510350873,0.026972409405942,-0.003174952739752523,-0.030147362145694523
Cell 4,2380.0,1.25,3.769036583337005,0.5709652076318746,4.95,0.01,-227.68242712991196,1710.4216629278126,0.026970353956396003,-0.003175111550795532,-0.030145465507191535
Cell 4,2390.0,1.25,3.7683712608517066,0.5702637485970823,4.95,0.01,-227.68260266813013,1715.743393366818,0.026968334285586166,-0.00317527233616484,-0.030143606621751005
Cell 4,2400.0,1.25,3.767706897039319,0.5695622895622899,4.95,0.01,-227.68253878276664,1720.8662219214857,0.026966350361209177,-0.003175434976637443,-0.03014178533784662
Cell 4,2410.0,1.25,3.7670426324376933,0.5688608305274975,4.95,0.01,-227.68248365270847,1725.86835993766,0.02696440215001607,-0.003175599671199965,-0.030140001821216036
Cell 4,2420.0,1.25,3.7663786117949996,0.5681593714927051,4.95,0.01,-227.68243677714054,1730.7356554838625,0.026962489628946738,-0.003175766371564425,-0.030138256000511163
Cell 4,2430.0,1.25,3.7657147914895637,0.5674579124579128,4.95,0.01,-227.68239727865148,1735.4724813783287,0.026960612775312514,-0.0031759350770722526,-0.030136547852384767
Cell 4,2440.0,1.25,3.7650512008232053,0.5667564534231203,4.95,0.01,-227.68236436964798,1740.0760545205885,0.026958771566863663,-0.0031761057688159317,-0.030134877335679596
Cell 4,2450.0,1.25,3.7643877445817657,0.566054994388328,4.95,0.01,-227.68233534433966,1744.5538954602598,0.02695696598187658,-0.003176278461061388,-0.030133244442937968
Cell 4,2460.0,1.25,3.7637244831907037,0.5653535353535356,4.95,0.01,-227.68231172528613,1748.9027503191246,0.026955195998752568,-0.003176453127768998,-0.030131649126521567
Cell 4,2470.0,1.25,3.763061385633546,0.5646520763187431,4.95,0.01,-227.68229283731853,1753.1260430071998,0.02695346159647509,-0.0031766297674591815,-0.03013009136393427
Cell 4,2480.0,1.25,3.762398147061354,0.5639506172839508,4.95,0.01,-227.68227371531248,1757.2489525494675,0.026951762754672037,-0.0031768084546777097,-0.030128571209349746
Cell 4,2490.0,1.25,3.761735012967102,0.5632491582491584,4.95,0.01,-227.68225800945584,1761.252968258581,0.02695009945295429,-0.0031769891151453844,-0.030127088568099675
Cell 4,2500.0,1.25,3.761071997308885,0.562547699214366,4.95,0.01,-227.6822457197377,1765.1380901345765,0.02694847167155425,-0.003177171737101147,-0.0301256434086554
Cell 4,2510.0,1.25,3.760409114900928,0.5618462401795736,4.95,0.01,-227.6822368461726,1768.9043181774905,0.026946879391132963,-0.0031773563088101885,-0.03012423569994315
Cell 4,2520.0,1.25,3.759746363088611,0.5611447811447813,4.95,0.01,-227.6822311948854,1772.5531692516342,0.02694532259278707,-0.0031775428238043847,-0.030122865416591454
Cell 4,2530.0,1.25,3.759083286247903,0.5604433221099888,4.95,0.01,-227.68222377594793,1776.123691040866,0.026943801258221278,-0.0031777314071380824,-0.03012153266535936
Cell 4,2540.0,1.25,3.7584202248520215,0.5597418630751965,4.95,0.01,-227.68221803094275,1779.588952041333,0.026942315369238013,-0.0031779219569511618,-0.030120237326189174
Cell 4,2550.0,1.25,3.7577571959614877,0.5590404040404041,4.95,0.01,-227.68221395990986,1782.9489522530785,0.02694086490820221,-0.003178114463318566,-0.030118979371520777
Cell 4,2560.0,1.25,3.7570942173927153,0.5583389450056117,4.95,0.01,-227.68221156282743,1786.2036916760517,0.026939449857904394,-0.0031783089163363388,-0.030117758774240732
Cell 4,2570.0,1.25,3.756431307691717,0.5576374859708193,4.95,0.01,-227.68221083968456,1789.3531703102744,0.02693807020156017,-0.0031785053061214536,-0.030116575507681622
Cell 4,2580.0,1.25,3.7557680302404517,0.556936026936027,4.95,0.01,-227.68220885201663,1792.4365468892283,0.02693672592289295,-0.0031787037612868623,-0.030115429684179813
Cell 4,2590.0,1.25,3.755104683996743,0.5562345679012345,4.95,0.01,-227.68220741078767,1795.4296880688162,0.026935417005910144,-0.0031789041903678796,-0.030114321196278025
Cell 4,2600.0,1.25,3.7544413059708126,0.5555331088664421,4.95,0.01,-227.68220662702151,1798.3311143796782,0.026934143435093705,-0.003179106579983175,-0.03011325001507688
Cell 4,2610.0,1.25,3.753777916645437,0.5548316498316498,4.95,0.01,-227.68220650071817,1801.1408258218544,0.026932905195351697,-0.003179310921941379,-0.030112216117293075
Cell 4,2620.0,1.25,3.7531145371433077,0.5541301907968573,4.95,0.01,-227.682207031874,1803.858822395261,0.02693170227201463,-0.0031795172080681584,-0.03011121948008279
Cell 4,2630.0,1.25,3.7524508558631124,0.553428731762065,4.95,0.01,-227.6822071222232,1806.5148123191357,0.0269305346508584,-0.003179725536265488,-0.03011026018712389
Cell 4,2640.0,1.25,3.7517870262675728,0.5527272727272726,4.95,0.01,-227.68220720822865,1809.0969887435203,0.026929402318045692,-0.0031799358591761318,-0.030109338177221823
Cell 4,2650.0,1.25,3.7511230961965474,0.5520258136924802,4.95,0.01,-227.68220737469892,1811.6030583071552,0.02692830526016834,-0.003180148162349024,-0.030108453422517365
Cell 4,2660.0,1.25,3.7504590741303527,0.5513243546576878,4.95,0.01,-227.68220757486415,1814.0342857626456,0.026927243464241534,-0.0031803624441066403,-0.030107605908348174
Cell 4,2670.0,1.25,3.749794969032445,0.5506228956228955,4.95,0.01,-227.68220776196904,1816.3919358625826,0.02692621691770046,-0.0031805787029771577,-0.03010679562067762
Cell 4,2680.0,1.25,3.7491307903322726,0.549921436588103,4.95,0.01,-227.68220788925828,1818.6772733595026,0.02692522560839989,-0.0031807969376940882,-0.03010602254609398
Cell 4,2690.0,1.25,3.748466547908256,0.5492199775533106,4.95,0.01,-227.68220790996565,1820.8915630060292,0.02692426952461375,-0.0031810171471959438,-0.030105286671809693
Cell 4,2700.0,1.25,3.7478022439933403,0.5485185185185183,4.95,0.01,-227.68220783206561,1823.0369386241582,0.026923348655033826,-0.003181239333359876,-0.030104587988393702
Cell 4,2710.0,1.25,3.7471377819797445,0.5478170594837258,4.95,0.01,-227.68220833457235,1825.1261955375812,0.02692246298875911,-0.003181463532245872,-0.030103926521004982
Cell 4,2720.0,1.25,3.7464732441718387,0.5471156004489335,4.95,0.01,-227.6822088870831,1827.1529150888018,0.02692161251532826,-0.0031816897199118746,-0.030103302235240135
Cell 4,2730.0,1.25,3.7458086369862613,0.5464141414141411,4.95,0.01,-227.68220947633745,1829.1188937361876,0.026920797224688292,-0.003181917898273919,-0.030102715122962212
Cell 4,2740.0,1.25,3.745143967197679,0.5457126823793487,4.95,0.01,-227.68221008904948,1831.0259279382044,0.026920017107203674,-0.0031821480695172965,-0.03010216517672097
Cell 4,2750.0,1.25,3.7444792419255486,0.5450112233445563,4.95,0.01,-227.68221071189691,1832.8758141532744,0.02691927215365603,-0.003182380236096315,-0.030101652389752345
Cell 4,2760.0,1.25,3.74381446862103,0.544309764309764,4.95,0.01,-227.6822113316266,1834.6703488397834,0.026918562355243845,-0.0031826144007340656,-0.03010117675597791
Cell 4,2770.0,1.25,3.74314965505415,0.5436083052749715,4.95,0.01,-227.68221193493082,1836.4113284561827,0.026917887703582156,-0.003182850566422229,-0.030100738270004385
Cell 4,2780.0,1.25,3.742484816072744,0.5429068462401792,4.95,0.01,-227.68221249759517,1838.1001835428578,0.026917248190702483,-0.003183088733969128,-0.030100336924671612
Cell 4,2790.0,1.25,3.7418199758281006,0.5422053872053868,4.95,0.01,-227.68221298090793,1839.7378594226684,0.026916643809052575,-0.00318332890108098,-0.030099972710133555
Cell 4,2800.0,1.25,3.741155130431776,0.5415039281705943,4.95,0.01,-227.6822133918613,1841.326831929593,0.026916074551495073,-0.0031835710759660634,-0.030099645627461136
Cell 4,2810.0,1.25,3.7404902899214783,0.540802469135802,4.95,0.01,-227.68221371540494,1842.868838303617,0.026915540411308572,-0.0031838152621825725,-0.030099355673491146
Cell 4,2820.0,1.25,3.739825464592741,0.5401010101010096,4.95,0.01,-227.6822139364849,1844.3656157847145,0.02691504138218698,-0.0031840614635421658,-0.030099102845729146
Cell 4,2830.0,1.25,3.739160664986689,0.5393995510662172,4.95,0.01,-227.68221404004362,1845.8189016128817,0.026914577458239303,-0.0031843096841099013,-0.030098887142349203
Cell 4,2840.0,1.25,3.738495901878058,0.5386980920314248,4.95,0.01,-227.6822140110271,1847.2304330280676,0.026914148633989454,-0.0031845599282041997,-0.030098708562193655
Cell 4,2850.0,1.25,3.7378311862632705,0.5379966329966325,4.95,0.01,-227.6822138343705,1848.6019472702828,0.026913754904376017,-0.003184812200396837,-0.030098567104772853
Cell 4,2860.0,1.25,3.7371666078634167,0.53729517396184,4.95,0.01,-227.6822137859308,1849.9285857542054,0.026913396264750346,-0.00318506647517081,-0.030098462739921155
Cell 4,2870.0,1.25,3.7365022128811263,0.5365937149270477,4.95,0.01,-227.6822139791184,1851.2091724687634,0.026913072710879827,-0.003185322743314038,-0.030098395454193863
Cell 4,2880.0,1.25,3.7358379476046473,0.5358922558922553,4.95,0.01,-227.68221415667358,1852.4509362452227,0.026912784238948363,-0.0031855810347335488,-0.030098365273681912
Cell 4,2890.0,1.25,3.7351738263279852,0.5351907968574628,4.95,0.01,-227.68221431283746,1853.6554040029077,0.026912530845552205,-0.0031858413535500113,-0.030098372199102216
Cell 4,2900.0,1.25,3.7345098634981833,0.5344893378226705,4.95,0.01,-227.68221444181108,1854.8241026611431,0.02691231252770168,-0.0031861037041044636,-0.030098416231806147
Cell 4,2910.0,1.25,3.7338460737031074,0.5337878787878781,4.95,0.01,-227.68221453783553,1855.9585591393115,0.026912129282821055,-0.0031863680909583574,-0.030098497373779412
Cell 4,2920.0,1.25,3.733182471659417,0.5330864197530857,4.95,0.01,-227.6822145950864,1857.0603003567012,0.026911981108748456,-0.0031866345188936384,-0.030098615627642093
Cell 4,2930.0,1.25,3.7325190722006627,0.5323849607182933,4.95,0.01,-227.6822146078266,1858.130853232673,0.02691186800373579,-0.0031869029929128385,-0.03009877099664863
Cell 4,2940.0,1.25,3.73185589026558,0.531683501683501,4.95,0.01,-227.68221457024265,1859.1717446865878,0.02691178996644873,-0.003187173518239185,-0.030098963484687914
Cell 4,2950.0,1.25,3.731192940886531,0.5309820426487085,4.95,0.01,-227.68221447656833,1860.1845016377702,0.0269117469959666,-0.0031874461003167306,-0.030099193096283332
Cell 4,2960.0,1.25,3.730530239178086,0.5302805836139162,4.95,0.01,-227.68221432101564,1861.1706510055883,0.026911739091782415,-0.0031877207448105017,-0.03009945983659292
Cell 4,2970.0,1.25,3.7298678003257755,0.5295791245791237,4.95,0.01,-227.68221409781836,1862.131719709345,0.02691176625380282,-0.0031879974576066645,-0.030099763711409485
Cell 4,2980.0,1.25,3.729205639575037,0.5288776655443315,4.95,0.01,-227.6822138011703,1863.0692346684227,0.02691182848234808,-0.0031882762448127134,-0.030100104727160792
Cell 4,2990.0,1.25,3.728543893601632,0.528176206509539,4.95,0.01,-227.68221351317698,1863.9729415779511,0.026911925778152296,-0.0031885570607404663,-0.030100482838892762
Cell 4,3000.0,1.25,3.727882476641086,0.5274747474747465,4.95,0.01,-227.68221326678395,1864.8552574944115,0.02691205814236332,-0.003188839954371678,-0.030100898096735
Cell 4,3000.0000000000005,0.0,3.7579833747378206,0.5274747474747465,4.95,0.01,-227.68221326678758,1864.8552574944115,0.0,0.0,0.0
Cell 4,3010.0,0.0,3.7623735122624473,0.5274747474747465,4.95,0.01,-155.62846738991357,1680.0079100681323,0.0,0.0,0.0
Cell 4,3020.0,0.0,3.76493182738624,0.5274747474747465,4.95,0.01,-124.49843000999681,1566.048403427434,0.0,0.0,0.0
Cell 4,3030.0,0.0,3.76675046995134,0.5274747474747465,4.95,0.01,-101.85654441036604,1480.867273760894,0.0,0.0,0.0
Cell 4,3040.0,0.0,3.7681793879896457,0.5274747474747465,4.95,0.01,-83.90391710064068,1410.93802037953,0.0,0.0,0.0
Cell 4,3050.0,0.0,3.76936015048734,0.5274747474747465,4.95,0.01,-69.31530827935057,1350.786383651117,0.0,0.0,0.0
Cell 4,3060.0,0.0,3.770375320812723,0.5274747474747465,4.95,0.01,-57.25337646503249,1297.2175712382523,0.0,0.0,0.0
Cell 4,3070.0,0.0,3.7712686791410817,0.5274747474747465,4.95,0.01,-47.26168246083762,1248.5360153044312,0.0,0.0,0.0
Cell 4,3080.0,0.0,3.77206551987312,0.5274747474747465,4.95,0.01,-39.0066918690427,1203.762104143745,0.0,0.0,0.0
Cell 4,3090.0,0.0,3.772784635649673,0.5274747474747465,4.95,0.01,-32.187429939349386,1162.1679062084222,0.0,0.0,0.0
Cell 4,3100.0,0.0,3.773440483854362,0.5274747474747465,4.95,0.01,-26.550831725668104,1123.1931410594843,0.0,0.0,0.0
Cell 4,3110.0,0.0,3.7740433440307926,0.5274747474747465,4.95,0.01,-21.894091541835223,1086.4395771905474,0.0,0.0,0.0
Cell 4,3120.0,0.0,3.774600809196298,0.5274747474747465,4.95,0.01,-18.049296193068585,1051.613431723119,0.0,0.0,0.0
Cell 4,3130.0,0.0,3.775118523301439,0.5274747474747465,4.95,0.01,-14.878039535142307,1018.4968900213789,0.0,0.0,0.0
Cell 4,3140.0,0.0,3.7756013080238424,0.5274747474747465,4.95,0.01,-12.26306489111812,986.9041872572197,0.0,0.0,0.0
Cell 4,3150.0,0.0,3.7760532255726718,0.5274747474747465,4.95,0.01,-10.107296891317674,956.679210661212,0.0,0.0,0.0
Cell 4,3160.0,0.0,3.7764776529435387,0.5274747474747465,4.95,0.01,-8.330266442655557,927.6926655583229,0.0,0.0,0.0
Cell 4,3170.0,0.0,3.7768775045853076,0.5274747474747465,4.95,0.01,-6.862505968238111,899.8333216371684,0.0,0.0,0.0
Cell 4,3180.0,0.0,3.77725506210852,0.5274747474747465,4.95,0.01,-5.652070207604993,873.0149148471319,0.0,0.0,0.0
Cell 4,3190.0,0.0,3.7776124595493044,0.5274747474747465,4.95,0.01,-4.650407474444364,847.1568053868978,0.0,0.0,0.0
Cell 4,3200.0,0.0,3.7779512600409113,0.5274747474747465,4.95,0.01,-3.824445119986194,822.2009648442399,0.0,0.0,0.0
Cell 4,3210.0,0.0,3.7782729721984807,0.5274747474747465,4.95,0.01,-3.1436598694454005,798.0913076663492,0.0,0.0,0.0
Cell 4,3220.0,0.0,3.778578930731173,0.5274747474747465,4.95,0.01,-2.582540040013555,774.778516329854,0.0,0.0,0.0
Cell 4,3230.0,0.0,3.7788702078752956,0.5274747474747465,4.95,0.01,-2.1229058148746844,752.223508967807,0.0,0.0,0.0
Cell 4,3240.0,0.0,3.779147986680133,0.5274747474747465,4.95,0.01,-1.7443474671017611,730.3824556787658,0.0,0.0,0.0
Cell 4,3250.0,0.0,3.779413122685675,0.5274747474747465,4.95,0.01,-1.4350277648591145,709.2244202303191,0.0,0.0,0.0
Cell 4,3260.0,0.0,3.7796665641790304,0.5274747474747465,4.95,0.01,-1.1802907876481186,688.7142402763202,0.0,0.0,0.0
Cell 4,3270.0,0.0,3.779909043465874,0.5274747474747465,4.95,0.01,-0.9716973646027327,668.8252606150054,0.0,0.0,0.0
Cell 4,3280.0,0.0,3.780141286431172,0.5274747474747465,4.95,0.01,-0.7996323183178902,649.5304657695378,0.0,0.0,0.0
Cell 4,3290.0,0.0,3.780363899697027,0.5274747474747465,4.95,0.01,-0.6583598189426993,630.807473297973,0.0,0.0,0.0
Cell 4,3300.0,0.0,3.7805774687952174,0.5274747474747465,4.95,0.01,-0.5415056822275801,612.6341742062723,0.0,0.0,0.0
Cell 4,3310.0,0.0,3.780782488073145,0.5274747474747465,4.95,0.01,-0.44533694005804136,594.9918891252892,0.0,0.0,0.0
Cell 4,3320.0,0.0,3.7809795144087603,0.5274747474747465,4.95,0.01,-0.3637944255460752,577.8589903011089,0.0,0.0,0.0
Cell 4,3330.0,0.0,3.781168909426712,0.5274747474747465,4.95,0.01,-0.2959156206125044,561.221389496146,0.0,0.0,0.0
Cell 4,3340.0,0.0,3.781350995890771,0.5274747474747465,4.95,0.01,-0.2414246107255167,545.0662093999199,0.0,0.0,0.0
Cell 4,3350.0,0.0,3.7815263099133993,0.5274747474747465,4.95,0.01,-0.1937667943602719,529.3717381303286,0.0,0.0,0.0
Cell 4,3360.0,0.0,3.7816951186844854,0.5274747474747465,4.95,0.01,-0.15346566021617036,514.126681091584,0.0,0.0,0.0
Cell 4,3370.0,0.0,3.781857645227453,0.5274747474747465,4.95,0.01,-0.12190607780212304,499.3212004888919,0.0,0.0,0.0
Cell 4,3380.0,0.0,3.7820142243981767,0.5274747474747465,4.95,0.01,-0.09695591290073935,484.9408001771808,0.0,0.0,0.0
Cell 4,3390.0,0.0,3.782165235252961,0.5274747474747465,4.95,0.01,-0.07485359949350823,470.9689884559266,0.0,0.0,0.0
Cell 4,3400.0,0.0,3.7823108293754024,0.5274747474747465,4.95,0.01,-0.05785605053824838,457.39790929947776,0.0,0.0,0.0
Cell 4,3410.0,0.0,3.7824512245118442,0.5274747474747465,4.95,0.01,-0.04600411643696134,444.2169115847937,0.0,0.0,0.0
Cell 4,3420.0,0.0,3.7825867654516117,0.5274747474747465,4.95,0.01,-0.0356053163195611,431.410571566601,0.0,0.0,0.0
Cell 4,3430.0,0.0,3.782717604875831,0.5274747474747465,4.95,0.01,-0.027763236128521385,418.9702477815299,0.0,0.0,0.0
Cell 4,3440.0,0.0,3.782843935929626,0.5274747474747465,4.95,0.01,-0.02216506251352257,406.88566492656537,0.0,0.0,0.0
Cell 4,3450.0,0.0,3.782965977641997,0.5274747474747465,4.95,0.01,-0.017936918975465233,395.1459376245548,0.0,0.0,0.0
Cell 4,3460.0,0.0,3.783083911106271,0.5274747474747465,4.95,0.01,-0.014657730534963775,383.7411445672333,0.0,0.0,0.0
Cell 4,3470.0,0.0,3.7831978958903,0.5274747474747465,4.95,0.01,-0.01209943861613283,372.6619251688535,0.0,0.0,0.0
Cell 4,3480.0,0.0,3.783308102244111,0.5274747474747465,4.95,0.01,-0.010048987467598636,361.8989428525965,0.0,0.0,0.0
Cell 4,3490.0,0.0,3.783414702977028,0.5274747474747465,4.95,0.01,-0.008421326860116096,351.443073093149,0.0,0.0,0.0
Cell 4,3500.0,0.0,3.7835178213240916,0.5274747474747465,4.95,0.01,-0.007026783008768689,341.2858714204922,0.0,0.0,0.0
Cell 4,3510.0,0.0,3.783617582282067,0.5274747474747465,4.95,0.01,-0.0057998285883513745,331.4191131797925,0.0,0.0,0.0
Cell 4,3520.0,0.0,3.783714098218062,0.5274747474747465,4.95,0.01,-0.004734821566671599,321.83492281228973,0.0,0.0,0.0
Cell 4,3530.0,0.0,3.783807496964928,0.5274747474747465,4.95,0.01,-0.003762233813176863,312.5252820067981,0.0,0.0,0.0
Cell 4,3540.0,0.0,3.7838979709637233,0.5274747474747465,4.95,0.01,-0.0025318889966001734,303.48116831996595,0.0,0.0,0.0
Cell 4,3550.0,0.0,3.783985564309681,0.5274747474747465,4.95,0.01,-0.0013519849308067933,294.69628670898965,0.0,0.0,0.0
Cell 4,3560.0,0.0,3.7840703666602455,0.5274747474747465,4.95,0.01,-0.00033436638841521926,286.16367297503166,0.0,0.0,0.0
Cell 4,3570.0,0.0,3.7841524578484385,0.5274747474747465,4.95,0.01,0.0003612725740822498,277.87666418637673,0.0,0.0,0.0
Cell 4,3580.0,0.0,3.7842319111291043,0.5274747474747465,4.95,0.01,0.0005543033985304646,269.8288318502382,0.0,0.0,0.0
Cell 4,3590.0,0.0,3.7843088572164394,0.5274747474747465,4.95,0.01,0.0005765123496530578,262.0126576303446,0.0,0.0,0.0
Cell 4,3600.0,0.0,3.78438339046009,0.5274747474747465,4.95,0.01,0.0004908224436803721,254.42147322537494,0.0,0.0,0.0
